mission,id_transect,WatchLenKm,Duration_h,Observed_kmh,vit_plateforme,Vit_kmh_if_knots,Vit_kmh_if_kmh,pct_diff_if_knots,pct_diff_if_kmh,longitude_Début,longitude_Fin,latitude_Début,latitude_Fin,date_heure_Début,date_heure_Fin
COR180604,81,17.127745288848946,0.37777777777777777,45.33814929401191,1,1.852,1,2348.0642167393044,4433.814929401191,-63.2488888888889,-63.2487222222222,46.5047777777778,46.6586388888889,2018-06-19T15:04:45Z,2018-06-19T15:27:25Z
COR180604,80,49.641012566158025,2.1597222222222223,22.984906139957413,1,1.852,1,1141.0856447061237,2198.490613995741,-63.7298333333333,-63.2595833333333,46.8138055555556,46.5060833333333,2018-06-19T12:25:22Z,2018-06-19T14:34:57Z
HUD091025,14182,7.482357096222081,0.39694444444444443,18.849884917004545,3.5,6.482,3.5,190.80353157982947,438.5681404858441,-68.4149444444444,-68.3140833333333,48.8945,48.8835555555556,2009-10-28T14:22:24Z,2009-10-28T14:46:13Z
AMU250628,26,13.538602290670127,0.6002777777777778,22.55389553281465,6,11.112,6,102.96882228954868,275.89825888024416,-58.4566388888889,-58.3120555555556,50.8701666666667,50.9506666666667,2025-07-03T23:17:40Z,2025-07-03T23:53:41Z
TEL130804,24119,28.97708642374834,2.2075,13.126652966590415,3.5,6.482,3.5,102.50930216893575,275.047227616869,-59.36989,-58.97954,48.332002,48.353015,2013-08-12T21:26:18Z,2013-08-12T23:38:45Z
HUD061028,22,6.8689381896551875,0.16666666666666666,41.21362913793113,11,20.372,11,102.30526771024509,274.6693557993739,-67.1666641235352,-67.1290969848633,49.1666679382324,49.1100692749023,2006-11-03T16:51:00Z,2006-11-03T17:01:00Z
AMU250628,46,5.1056664130411855,12.237777777777778,0.4172053542525029,11,20.372,11,-97.95206482302915,-96.20722405224998,-57.5358888888889,-57.5735833333333,51.27725,51.2379166666667,2025-07-07T03:50:15Z,2025-07-07T16:04:31Z
TEL130602,23281,8.4950457366695,0.5172222222222222,16.424363400649945,4.6,8.5192,4.6,92.79232088282873,257.05137827499885,-59.6589166666667,-59.6266944444444,48.1919444444444,48.1187222222222,2013-06-09T14:05:54Z,2013-06-09T14:36:56Z
TEL180803,13,1.1913356551289673,0.3363888888888889,3.5415428228441637,7.6,14.0752,7.6,-74.83841918520402,-53.40075233099783,-68.0989722222222,-68.09075,49.1056666666667,49.1149166666667,2018-08-06T11:08:06Z,2018-08-06T11:28:17Z
HUD081026,32,3.686842303817484,0.5666666666666667,6.506192300854384,13.3,24.631600000000002,13.3,-73.58599400422878,-51.081260895831704,-68.5979,-68.6140833333333,48.6860166666667,48.7173666666667,2008-11-04T14:27:00Z,2008-11-04T15:01:00Z
TEL180803,6,0.6203263301679814,0.12194444444444444,5.086958516183903,9,16.668,9,-69.48069044766078,-43.478238709067746,-65.1946111111111,-65.1939444444445,49.3793055555556,49.37375,2018-08-04T22:27:54Z,2018-08-04T22:35:13Z
NOR240802,4,22.847591395060274,0.9575,23.86171425071569,7.7,14.2604,7.7,67.32850586740686,209.89239286643752,-64.02212833,-63.70409167,50.0167,49.998095,2024-08-02T22:24:36Z,2024-08-02T23:22:03Z
TEL180803,4,1.9239487669464104,0.33666666666666667,5.714699307761615,8.1,15.0012,8.1,-61.905052210745716,-29.448156694301048,-64.7078611111111,-64.7320555555556,49.49175,49.4989444444444,2018-08-04T14:46:29Z,2018-08-04T15:06:41Z
HUD061028,7,17.301960997691033,0.8333333333333334,20.76235319722924,7,12.964,7,60.15391235135172,196.6050456747034,-62.3778305053711,-62.6022109985352,46.5409393310547,46.5227890014648,2006-10-29T23:00:00Z,2006-10-29T23:50:00Z
AMU250628,31,2.7068039342895487,0.11527777777777778,23.480708827571988,8,14.816,8,58.4821060176295,193.50886034464986,-58.2077777777778,-58.1836944444444,50.9358055555556,50.9548055555556,2025-07-04T19:38:00Z,2025-07-04T19:44:55Z
TEL130602,23180,2.979828944791136,0.365,8.163914917235989,10.1,18.7052,10.1,-56.35483760004711,-19.16915923528724,-68.7057777777778,-68.7072777777778,48.7616944444444,48.7884444444444,2013-06-03T02:40:00Z,2013-06-03T03:01:54Z
COR240607,111,4.9389555200879585,0.5544444444444444,8.907935807773873,11,20.372,11,-56.27363141677856,-19.018765383873884,-62.01041833,-61.997685,46.74577,46.78927167,2024-06-21T19:30:03Z,2024-06-21T20:03:19Z
HUD121030,7,2.0915707026300683,0.24611111111111111,8.49848141023504,10,18.52,10,-54.11187143501598,-15.015185897649594,-68.1956944444444,-68.1686666666667,48.8971944444444,48.9033055555556,2012-11-01T17:42:23Z,2012-11-01T17:57:09Z
HUD091025,14164,0.6820803121875855,0.23166666666666666,2.9442315633996494,3.4,6.2968,3.4,-53.24241577627288,-13.404954017657367,-69.3628888888889,-69.3683333333333,48.3404722222222,48.3454166666667,2009-10-26T15:03:38Z,2009-10-26T15:17:32Z
TEL130904,25100,8.98122291246142,1.0583333333333333,8.4861948779163,9.6,17.7792,9.6,-52.26897229393729,-11.602136688371864,-60.7803055555556,-60.7914444444444,47.9396388888889,47.8593055555556,2013-09-27T19:50:32Z,2013-09-27T20:54:02Z
TEL130904,25088,14.348926886109995,2.9816666666666665,4.812384645984348,5,9.26,5,-48.03040339109776,-3.7523070803130483,-61.654,-61.6203333333333,47.9605833333333,48.0875,2013-09-26T15:31:03Z,2013-09-26T18:29:57Z
TEL120802,21574,0.16465388987030768,0.056666666666666664,2.9056568800642535,3,5.556,3,-47.70235997004583,-3.144770664524884,-59.3713055555556,-59.3735833333333,49.9293611111111,49.9295555555556,2012-08-04T15:38:51Z,2012-08-04T15:42:15Z
TEL120802,21651,1.165247694560864,0.14222222222222222,8.193147852381076,3,5.556,3,47.46486415372706,173.10492841270252,-57.0781944444444,-57.0895,51.3171111111111,51.3093888888889,2012-08-06T20:23:46Z,2012-08-06T20:32:18Z
TEL130904,25008,0.6402727116790667,0.06888888888888889,9.294281298567098,9.4,17.408800000000003,9.4,-46.61159127241914,-1.1246670365202383,-62.7946388888889,-62.7999444444444,47.5351666666667,47.5306666666667,2013-09-22T14:02:51Z,2013-09-22T14:06:59Z
TEL140905,14,3.925894535674497,0.5375,7.303989833813018,7,12.964,7,-43.65944281230316,4.342711911614546,-62.7105555555556,-62.7604444444444,48.4101666666667,48.4223055555556,2014-09-07T20:27:35Z,2014-09-07T20:59:50Z
PER130717,23540,1.4317174642112955,0.21611111111111111,6.624913716144812,2.5,4.63,2.5,43.086689333581255,164.9965486457925,-64.6229166666667,-64.6228055555555,46.7125555555556,46.6996944444444,2013-07-19T20:10:21Z,2013-07-19T20:23:19Z
TEL120802,22153,1.5873013204564712,0.17583333333333334,9.027306087904101,3.5,6.482,3.5,39.26729540117403,157.92303108297432,-60.9994722222222,-60.9778333333333,49.5517777777778,49.5542777777778,2012-08-23T15:50:19Z,2012-08-23T16:00:52Z
TEL130602,23177,2.0086001722826716,0.16666666666666666,12.05160103369603,10.7,19.816399999999998,10.7,-39.18370120861493,12.631785361645154,-68.6545277777778,-68.6656944444445,48.7293611111111,48.7458333333333,2013-06-03T01:15:01Z,2013-06-03T01:25:01Z
PER130717,23772,11.313910307000343,0.9969444444444444,11.348586543661531,9.8,18.149600000000003,9.8,-37.47197434840697,15.801903506750309,-62.6733333333333,-62.6965555555556,45.7753055555556,45.6749722222222,2013-08-05T00:29:02Z,2013-08-05T01:28:51Z
TEL220608,24,23.516692373731043,2.0016666666666665,11.748555723762388,10.1,18.7052,10.1,-37.19096441758234,16.322333898637513,-61.211326,-61.488568,46.816654,46.909899,2022-06-15T10:55:08Z,2022-06-15T12:55:14Z
COR241016,71,11.50949746687239,1.0355555555555556,11.114321588181491,4.4,8.148800000000001,4.4,36.39212630303222,152.59821791321568,-63.4025833333333,-63.5541944444444,47.8484722222222,47.8301944444444,2024-10-27T17:19:19Z,2024-10-27T18:21:27Z
HUD091025,14197,43.364008629167614,1.7227777777777777,25.170982113028607,10,18.52,10,35.91243041592121,151.7098211302861,-67.91425,-67.3304444444444,49.2140555555556,49.2949722222222,2009-10-29T13:41:15Z,2009-10-29T15:24:37Z
TEL180803,12,1.8310913050574713,0.2013888888888889,9.092315445802615,7.6,14.0752,7.6,-35.401873893069975,19.63572955003442,-68.1183055555556,-68.1033055555556,49.0879722222222,49.1011666666667,2018-08-06T10:48:35Z,2018-08-06T11:00:40Z
HUD061028,1,36.130534060845434,1.1666666666666667,30.96902919501037,12.5,23.150000000000002,12.5,33.775504082118225,147.75223356008297,-60.4333343505859,-60,45.716667175293,45.5999984741211,2006-10-28T15:34:00Z,2006-10-28T16:44:00Z
HUD091025,14221,12.61381251647792,0.5094444444444445,24.759937327873775,10,18.52,10,33.69296613322773,147.59937327873774,-66.6631388888889,-66.5600555555556,49.3207777777778,49.2295833333333,2009-10-30T17:42:07Z,2009-10-30T18:12:41Z
TEL130904,25092,10.201894780295815,1.4041666666666666,7.265444353919869,5.8,10.7416,5.8,-32.361618809861945,25.26628196413568,-60.9797777777778,-60.8563333333333,47.9621666666667,48.0018055555556,2013-09-27T14:38:33Z,2013-09-27T16:02:48Z
ANN251013,26,14.72751172679788,0.8397222222222223,17.538551841373593,14,25.928,14,-32.356711503495866,25.27537029552566,-87.7398333333333,-88.0218055555556,62.3468333333333,62.3665277777778,2025-10-20T01:27:51Z,2025-10-20T02:18:14Z
TEL120802,22058,0.6399447826204528,0.06527777777777778,9.803409435887788,4,7.408,4,32.3354405492412,145.0852358971947,-66.9166388888889,-66.9079722222222,49.6515,49.65025,2012-08-19T23:08:44Z,2012-08-19T23:12:39Z
HUD091025,14194,4.960373470062007,0.23833333333333334,20.812755818441985,8.5,15.742,8.5,32.21163650388759,144.85595080519983,-67.9095277777778,-67.9685555555556,49.1822777777778,49.2045833333333,2009-10-29T12:11:42Z,2009-10-29T12:26:00Z
HUD111102,37,2.022486879979608,0.11666666666666667,17.33560182839664,13.8,25.557600000000004,13.8,-32.170462686650396,25.620303104323476,-69.3275833333333,-69.3118055555556,48.3313611111111,48.3165277777778,2011-11-10T18:55:32Z,2011-11-10T19:02:32Z
MIE240921,34,23.987683795112485,1.0130555555555556,23.678547206582106,9.7,17.9644,9.7,31.80817175403634,144.10873408847533,-90.8565269540133,-91.285515280115,62.5663896883506,62.6529030277124,2024-09-28T19:00:11Z,2024-09-28T20:00:58Z
HUD161016,67,9.69226145640797,0.4230555555555556,22.910138701949236,9.4,17.408800000000003,9.4,31.600907023742202,143.7248798079706,-68.0969166666667,-68.1076944444444,48.8968611111111,48.8100833333333,2016-10-24T20:24:03Z,2016-10-24T20:49:26Z
TEL130602,23174,2.1811427296714907,0.17972222222222223,12.136188294926377,9.5,17.594,9.5,-31.020869075103008,27.749350472909235,-68.6025,-68.6248611111111,48.6965833333333,48.7094722222222,2013-06-02T23:54:44Z,2013-06-03T00:05:31Z
HUD111102,36,1.5625776112151641,0.10805555555555556,14.460872494536224,11.3,20.9276,11.3,-30.90047356344625,27.972322960497547,-68.5654166666667,-68.5750833333333,48.6447777777778,48.6572777777778,2011-11-09T23:23:27Z,2011-11-09T23:29:56Z
TEL110817,20,3.8673660966454144,0.29888888888888887,12.93914307427834,10.1,18.7052,10.1,-30.825957090657475,28.110327468102376,-69.0662777777778,-69.0845277777778,48.3696111111111,48.3370555555556,2011-08-22T16:23:33Z,2011-08-22T16:41:29Z
HUD061028,13,1.7126321294743665,0.16666666666666666,10.275792776846199,8,14.816,8,-30.64394724050892,28.44740971057749,-68.9306869506836,-68.9537734985352,48.4784507751465,48.476879119873,2006-10-31T23:06:00Z,2006-10-31T23:16:00Z
TEL110817,3,51.22445752794497,2,25.612228763972485,10.6,19.6312,10.6,30.4669544601068,141.6247996601178,-61.3852777777778,-60.6797222222222,49.9433611111111,49.8707777777778,2011-08-18T14:31:48Z,2011-08-18T16:31:48Z
HUD131029,25117,1.9308789316594666,0.15388888888888888,12.547227714754657,9.7,17.9644,9.7,-30.15504155577333,29.35286303870781,-64.8406388888889,-64.8635,49.2296111111111,49.2384444444444,2013-10-29T19:05:44Z,2013-10-29T19:14:58Z
TEL180803,14,1.3006318337999554,0.08888888888888889,14.632108130249497,11.3,20.9276,11.3,-30.08224483338034,29.487682568579608,-68.0965,-68.1045833333333,49.1112222222222,49.1008055555556,2018-08-06T12:14:38Z,2018-08-06T12:19:58Z
HUD081026,24,1.1509128358471967,0.06666666666666667,17.26369253770795,13.3,24.631600000000002,13.3,-29.912419259374346,29.802199531638713,-69.2816833333333,-69.2675166666667,48.29775,48.2935,2008-11-01T19:53:00Z,2008-11-01T19:57:00Z
TEL120802,21637,1.5195537386357272,0.2925,5.195055516703341,4,7.408,4,-29.87236073564604,29.876387917583536,-57.3081944444444,-57.3278055555556,51.0483333333333,51.0541944444444,2012-08-06T14:50:44Z,2012-08-06T15:08:17Z
HUD111102,41,10.030844837989294,0.8025,12.499495125220305,9.5,17.594,9.5,-28.955921761848902,31.57363289705584,-69.2585555555556,-69.1678333333333,48.2182777777778,48.2851388888889,2011-11-11T00:19:34Z,2011-11-11T01:07:43Z
TEL180803,43,0.7447945365108611,0.1375,5.416687538260808,4.1,7.5931999999999995,4.1,-28.663968573713213,32.114330201483135,-62.9487777777778,-62.9533611111111,48.8454166666667,48.8513888888889,2018-08-13T12:11:58Z,2018-08-13T12:20:13Z
TEL130804,24024,0.36089863632791197,0.04527777777777778,7.970767428101123,6,11.112,6,-28.268831640558652,32.84612380168539,-58.059803,-58.059792,50.313947,50.310705,2013-08-10T15:25:39Z,2013-08-10T15:28:22Z
HUD111102,40,7.510584045178696,0.4519444444444444,16.618378956756796,12.5,23.150000000000002,12.5,-28.214345759149918,32.94703165405437,-69.3522222222222,-69.2741666666667,48.2568333333333,48.2138333333333,2011-11-10T23:19:52Z,2011-11-10T23:46:59Z
TEL120802,21568,1.6046973512491234,0.30027777777777775,5.344042982883297,4,7.408,4,-27.861190835808625,33.60107457208243,-60.0955,-60.10975,49.5157222222222,49.5267777777778,2012-08-03T22:27:48Z,2012-08-03T22:45:49Z
TEL180803,21,0.9887434544591911,0.12694444444444444,7.788788700334985,5.8,10.7416,5.8,-27.489492251294173,34.28946035060319,-68.63725,-68.6260555555556,48.7642777777778,48.7692222222222,2018-08-06T23:31:58Z,2018-08-06T23:39:35Z
TEL120919,22592,0.3340228220998585,0.10361111111111111,3.2238127602131117,2.4,4.4448,2.4,-27.470015293981465,34.32553167554633,-64.8298888888889,-64.8281944444444,47.9603611111111,47.9631388888889,2012-09-19T15:07:07Z,2012-09-19T15:13:20Z
TRA201204,24,1.5602056942696443,0.09805555555555556,15.911446173854728,11.8,21.853600000000004,11.8,-27.19073208142034,34.842764185209546,-69.850492,-69.870892,47.84423,47.841235,2020-12-30T15:15:54Z,2020-12-30T15:21:47Z
TRA201204,19,1.5609290053153368,0.08888888888888889,17.56045130979754,13,24.076,13,-27.06242187324498,35.080394690750296,-69.850469,-69.871014,47.843903,47.841358,2020-12-23T15:06:02Z,2020-12-23T15:11:22Z
TEL110817,33,65.55352116053946,3.0994444444444444,21.150087486820404,9,16.668,9,26.890373691027147,135.00097207578224,-66.5840277777778,-65.7776111111111,49.2971388888889,49.5649444444444,2011-08-26T20:41:36Z,2011-08-26T23:47:34Z
HUD181014,6,12.353856958063911,0.7747222222222222,15.946176066342804,6.8,12.5936,6.8,26.621268472420944,134.5025892109236,-63.7444166666667,-63.7519166666667,47.6139166666667,47.5030555555556,2018-10-15T17:22:07Z,2018-10-15T18:08:36Z
TEL120802,21784,0.34359599045097594,0.07861111111111112,4.3708323873622374,3.2,5.926400000000001,3.2,-26.248103614973058,36.58851210506992,-59.0594444444444,-59.0550277777778,49.1261944444444,49.1272777777778,2012-08-10T22:52:49Z,2012-08-10T22:57:32Z
HUD121106,22906,38.83549860739795,2.1794444444444445,17.818989929471403,13,24.076,13,-25.988578129791485,37.06915330362618,-61.1688888888889,-61.6268611111111,48.0554444444444,48.2236944444444,2012-11-06T19:32:28Z,2012-11-06T21:43:14Z
HUD061028,16,7.754897843707274,0.3333333333333333,23.264693531121825,10,18.52,10,25.619295524415904,132.64693531121824,-68.5894393920898,-68.488426208496,48.657169342041,48.6772308349609,2006-11-01T20:02:00Z,2006-11-01T20:22:00Z
CAR250531,93,20.392274935943234,0.9969444444444444,20.454775639285497,8.8,16.297600000000003,8.8,25.50790079082499,132.4406322646079,-62.2492777777778,-62.4214444444444,46.1243055555556,45.9854444444444,2025-06-19T17:52:49Z,2025-06-19T18:52:38Z
TRA201204,10,7.567359257726971,0.33611111111111114,22.514457295716607,9.7,17.9644,9.7,25.328189617892082,132.10780717233618,-69.870162,-69.805092,47.83897,47.786897,2020-12-11T15:32:56Z,2020-12-11T15:53:06Z
COR180604,105,11.37213425414856,0.6511111111111111,17.465735202617243,12.5,23.150000000000002,12.5,-24.554059599925527,39.72588162093794,-63.2391111111111,-63.2459722222222,48.2356666666667,48.3377222222222,2018-06-24T13:28:59Z,2018-06-24T14:08:03Z
HUD091025,14190,5.695985168073219,0.24694444444444444,23.06585669860921,10,18.52,10,24.545662519488175,130.6585669860921,-68.2451111111111,-68.1815277777778,48.8327222222222,48.8033055555556,2009-10-28T19:56:38Z,2009-10-28T20:11:27Z
TEL130904,24861,5.040320879808904,0.23277777777777778,21.652929793928468,9.4,17.408800000000003,9.4,24.379220818944813,130.35031695668582,-63.129,-63.1026666666667,46.2000555555556,46.1586111111111,2013-09-11T01:56:58Z,2013-09-11T02:10:56Z
NOR240802,1,18.522577447132754,1.0322222222222222,17.944369970311605,7.8,14.4456,7.8,24.220316015337573,130.0560252604052,-65.11840833,-64.88022,49.81783,49.88185,2024-08-02T16:18:14Z,2024-08-02T17:20:10Z
HUD061028,15,10.70962557526442,0.6666666666666666,16.06443836289663,7,12.964,7,23.91575411058802,129.49197661280903,-68.4829406738281,-68.6011734008789,48.574649810791,48.6307106018066,2006-11-01T17:42:00Z,2006-11-01T18:22:00Z
HUD061028,12,12.616067893778476,0.5,25.232135787556953,11,20.372,11,23.856939856454705,129.3830526141541,-69.1166687011719,-68.9943771362305,48.3499984741211,48.4290504455566,2006-10-31T21:09:00Z,2006-10-31T21:39:00Z
COR240607,137,2.9634667049468293,0.1436111111111111,20.63535810021003,9,16.668,9,23.802244421706455,129.28175666900034,-61.002515,-60.963605,46.83442333,46.83405833,2024-06-23T22:34:52Z,2024-06-23T22:43:29Z
TEL130904,24894,3.0250134659061745,0.2013888888888889,15.020756520361694,10.6,19.6312,10.6,-23.485286073384746,41.705250192091455,-62.7272222222222,-62.7037777777778,46.4798055555556,46.5016666666667,2013-09-13T21:31:07Z,2013-09-13T21:43:12Z
HUD081026,58,2.9167458447550607,0.16666666666666666,17.500475068530367,12.3,22.779600000000002,12.3,-23.174792057233816,42.28028511000297,-56.8379666666667,-56.8098333333333,51.4464666666667,51.427,2008-11-11T20:09:00Z,2008-11-11T20:19:00Z
CAR240906,26,3.710711713642688,0.24666666666666667,15.043425866119005,6.6,12.2232,6.6,23.07272944989041,127.93069494119706,-63.86770167,-63.81773833,48.479765,48.476005,2024-09-10T21:34:27Z,2024-09-10T21:49:15Z
CAR250531,3,1.8747125668196654,0.13722222222222222,13.661872956580558,9.5,17.594,9.5,-22.3492499910165,43.809189016637454,-67.8375277777778,-67.8136111111111,48.9900277777778,48.9961388888889,2025-06-01T16:53:43Z,2025-06-01T17:01:57Z
TEL130904,24786,2.151933391896869,0.145,14.840919944116338,10.3,19.0756,10.3,-22.199459287695607,44.08660139918774,-60.6678055555556,-60.6524722222222,47.1616111111111,47.1453333333333,2013-09-06T13:56:19Z,2013-09-06T14:05:01Z
HUD181014,17,21.80630736038715,1.4825,14.709144931121182,6.5,12.038,6.5,22.18927505500234,126.29453740186433,-63.9983333333333,-64.1078055555555,47.74375,47.9253333333333,2018-10-21T19:05:08Z,2018-10-21T20:34:05Z
HUD111102,38,4.203800281894743,0.25333333333333335,16.59394848116346,11.5,21.298000000000002,11.5,-22.08682279480018,44.29520418403008,-69.3019444444444,-69.2586388888889,48.3125555555556,48.2881388888889,2011-11-10T20:23:43Z,2011-11-10T20:38:55Z
TEL220608,31,6.477188139671935,0.38027777777777777,17.032781083140225,11.8,21.853600000000004,11.8,-22.05960993547872,44.34560239949343,-64.827532,-64.904347,47.991569,47.96434,2022-06-16T17:48:37Z,2022-06-16T18:11:26Z
PER130717,23715,24.327900496572205,1.6947222222222222,14.355096178931312,9.9,18.3348,9.9,-21.705738928533112,45.000971504356684,-63.3433055555556,-63.1280277777778,46.0616666666667,46.2213888888889,2013-08-02T22:21:20Z,2013-08-03T00:03:01Z
TRA201204,14,1.136322075570235,0.06472222222222222,17.55690760537702,12.1,22.409200000000002,12.1,-21.653126370521843,45.098409961793564,-69.855959,-69.870609,47.844242,47.8415,2020-12-18T15:19:31Z,2020-12-18T15:23:24Z
HUD091025,14158,2.65263948470739,0.2125,12.483009339799482,8.6,15.927200000000001,8.6,-21.624583481092213,45.15127139301724,-69.2803611111111,-69.3041666666667,48.2908888888889,48.3086944444444,2009-10-26T12:15:16Z,2009-10-26T12:28:01Z
HUD091025,14207,2.4233915872678726,0.20722222222222222,11.694651091373112,5.2,9.630400000000002,5.2,21.43473886207333,124.89713637255984,-67.2493888888889,-67.2292222222222,49.2323611111111,49.2150277777778,2009-10-29T19:14:35Z,2009-10-29T19:27:01Z
HUD091025,14300,39.359760160161024,3.5119444444444445,11.207398289692295,7.7,14.2604,7.7,-21.40894862912475,45.55062713886097,-60.6286666666667,-61.1468055555556,48.3595555555556,48.2801666666667,2009-11-09T11:10:19Z,2009-11-09T14:41:02Z
TEL180803,42,3.538632936886766,0.21,16.850633032794125,7.5,13.89,7.5,21.314852647905862,124.67510710392166,-62.2474166666667,-62.1993611111111,48.9301111111111,48.9264166666667,2018-08-12T23:11:06Z,2018-08-12T23:23:42Z
TEL130804,24085,0.44889347872998087,0.04,11.222336968249522,5,9.26,5,21.19154393358015,124.44673936499045,-59.601777,-59.60451,48.499977,48.50358,2013-08-12T17:12:46Z,2013-08-12T17:15:10Z
CAR240906,63,4.398212841595997,0.2925,15.036625099473497,6.7,12.4084,6.7,21.18101527572851,124.42724029064922,-63.72036833,-63.69925,47.92581833,47.88893167,2024-09-17T20:35:01Z,2024-09-17T20:52:34Z
GOR140228,97,21.287857561934175,1.2344444444444445,17.244889114078088,7.7,14.2604,7.7,20.928509116701406,123.95959888413101,-67.69161111,-67.69686111,43.63844444,43.82963889,2014-03-06T22:46:33Z,2014-03-07T00:00:37Z
MSM230816,113,11.641146538095217,0.5108333333333334,22.788541347005317,10.2,18.8904,10.2,20.635568050466468,123.41707202946391,-81.813855,-81.8098,62.06273,62.167287,2023-09-09T22:37:28Z,2023-09-09T23:08:07Z
TEL120905,22475,1.2046050774375634,0.08777777777777777,13.723348983465913,9.3,17.2236,9.3,-20.322412367531108,47.56289229533238,-62.4530833333333,-62.4539166666667,45.8250277777778,45.8142222222222,2012-09-06T00:32:09Z,2012-09-06T00:37:25Z
AMU250628,8,NA,NA,NA,12.6,23.3352,12.6,NA,NA,-65.7324722222222,NA,49.6369444444444,NA,2025-06-28T21:59:53Z,NA
AMU250628,8,NA,NA,NA,13,24.076,13,NA,NA,NA,-65.4472777777778,NA,49.7165555555556,NA,2025-06-28T22:57:00Z
AMU250628,16,NA,NA,NA,12.4,22.9648,12.4,NA,NA,-59.56725,NA,50.21875,NA,2025-06-29T19:25:53Z,NA
AMU250628,16,NA,NA,NA,7,12.964,7,NA,NA,NA,-59.5141666666667,NA,50.2816388888889,NA,2025-06-29T19:56:07Z
AMU250628,32,NA,NA,NA,9,16.668,9,NA,NA,-58.1745555555555,NA,50.9632777777778,NA,2025-07-04T19:50:06Z,NA
AMU250628,32,NA,NA,NA,11,20.372,11,NA,NA,NA,-57.9710277777778,NA,51.1675555555556,NA,2025-07-04T21:07:34Z
AMU250628,64,NA,NA,NA,12,22.224,12,NA,NA,-56.8312777777778,NA,54.1495833333333,NA,2025-07-09T12:31:40Z,NA
AMU250628,64,NA,NA,NA,10,18.52,10,NA,NA,NA,-56.9598333333333,NA,54.1713055555556,NA,2025-07-09T12:57:40Z
AVI090806,13025,71.14226786630472,0.44416666666666665,160.17020907986054,NA,NA,NA,NA,NA,-63.253539,-62.663297,46.441366,46.935835,2009-08-06T21:19:20Z,2009-08-06T21:45:59Z
AVI090806,13027,82.49621914514992,0.485,170.09529720649468,NA,NA,NA,NA,NA,-62.324948,-61.636872,47.219543,47.796759,2009-08-06T21:57:17Z,2009-08-06T22:26:23Z
AVI090806,13029,82.28379930500276,0.4725,174.14560699471485,NA,NA,NA,NA,NA,-61.294622,-60.60422,48.084242,48.663946,2009-08-06T22:37:09Z,2009-08-06T23:05:30Z
AVI090806,13031,81.38005491240357,0.4266666666666667,190.73450370094585,NA,NA,NA,NA,NA,-60.26155,-59.573527,48.952108,49.528877,2009-08-06T23:15:38Z,2009-08-06T23:41:14Z
AVI090806,13033,25.14678185393287,0.1322222222222222,190.185745113778,NA,NA,NA,NA,NA,-59.229905,-59.016527,49.816837,49.996126,2009-08-06T23:52:25Z,2009-08-07T00:00:21Z
AVI090806,13035,81.09344788322426,0.5175,156.70231475019182,NA,NA,NA,NA,NA,-62.188707,-62.413946,50.205292,49.491441,2009-08-07T12:20:00Z,2009-08-07T12:51:03Z
AVI090806,13040,81.33775050977465,0.4688888888888889,173.46913615828717,NA,NA,NA,NA,NA,-62.813891,-63.4999,49.154585,48.57991,2009-08-07T13:05:06Z,2009-08-07T13:33:14Z
AVI090806,13048,82.1830502565838,0.4686111111111111,175.37580374848943,NA,NA,NA,NA,NA,-63.840287,-64.528883,48.293264,47.716392,2009-08-07T13:43:47Z,2009-08-07T14:11:54Z
AVI090806,13053,78.33451626817742,0.43444444444444447,180.30962823877155,NA,NA,NA,NA,NA,-65.443131,-64.779687,49.29437,49.851228,2009-08-07T15:07:46Z,2009-08-07T15:33:50Z
AVI090806,13055,18.95216858291385,0.10111111111111111,187.4390299409062,NA,NA,NA,NA,NA,-64.440095,-64.27813,50.134927,50.269974,2009-08-07T15:44:02Z,2009-08-07T15:50:06Z
CAM070729,1,48.85189909101239,1.75,27.91537090914994,NA,NA,NA,NA,NA,-67.6591087,-68.1224121,48.9218938,49.2389041,2007-07-29T19:29:00Z,2007-07-29T21:14:00Z
CAM070729,2,58.89771240259484,2.0833333333333335,28.27090195324552,NA,NA,NA,NA,NA,-68.127991,-67.5730205,49.2374074,48.8532025,2007-07-29T22:17:00Z,2007-07-30T00:22:00Z
CAM070729,3,51.15878481043375,1.7,30.093402829666914,NA,NA,NA,NA,NA,-67.5737608,-67.587129,48.8619894,49.3214732,2007-07-30T13:36:00Z,2007-07-30T15:18:00Z
CAM070729,4,49.937041690050336,1.85,26.992995508135316,NA,NA,NA,NA,NA,-67.5811476,-67.5718887,49.3148267,48.8662756,2007-07-30T16:11:00Z,2007-07-30T18:02:00Z
CAR070717,1,35.959643293783834,1.0666666666666667,33.71216558792234,NA,NA,NA,NA,NA,-60.2180226,-59.9445338,46.2149066,46.4770281,2007-07-17T16:27:00Z,2007-07-17T17:31:00Z
CAR070717,2,18.868315940239093,0.5666666666666667,33.29702812983369,NA,NA,NA,NA,NA,-59.825669,-59.7086711,46.6335511,46.782859,2007-07-17T18:05:00Z,2007-07-17T18:39:00Z
CAR070722,1,2.1544020512137316,0.06666666666666667,32.31603076820598,NA,NA,NA,NA,NA,-60.175826,-60.1911254,46.260767,46.2445611,2007-07-22T17:22:00Z,2007-07-22T17:26:00Z
CAR250531,11,NA,NA,NA,11.5,21.298000000000002,11.5,NA,NA,-65.4011666666667,NA,49.4639444444445,NA,2025-06-02T21:32:49Z,NA
CAR250531,11,NA,NA,NA,11.2,20.7424,11.2,NA,NA,NA,-65.1711388888889,NA,49.3713611111111,NA,2025-06-02T22:30:11Z
CAR250531,35,NA,NA,NA,9.7,17.9644,9.7,NA,NA,-59.7113333333333,NA,49.28625,NA,2025-06-06T21:46:01Z,NA
CAR250531,35,NA,NA,NA,10.1,18.7052,10.1,NA,NA,NA,-59.97225,NA,49.2368333333333,NA,2025-06-06T22:46:22Z
CAR250531,100,5.086602057494086,0.26222222222222225,19.398058693833377,NA,NA,NA,NA,NA,-61.1347222222222,-61.1824722222222,47.7565555555556,47.7890833333333,2025-06-20T20:24:03Z,2025-06-20T20:39:47Z
COR160601,1,NA,NA,NA,11.9,22.038800000000002,11.9,NA,NA,-68.7776666666667,NA,48.5063888888889,NA,2016-06-01T16:06:19Z,NA
COR160601,1,NA,NA,NA,5.8,10.7416,5.8,NA,NA,NA,-68.9745833333333,NA,48.4958611111111,NA,2016-06-01T16:49:32Z
COR160601,2,NA,NA,NA,10.9,20.1868,10.9,NA,NA,-69.0041388888889,NA,48.4935,NA,2016-06-01T19:46:36Z,NA
COR160601,2,NA,NA,NA,3.8,7.0376,3.8,NA,NA,NA,-69.30525,NA,48.3970833333333,NA,2016-06-01T21:00:36Z
COR160601,3,NA,NA,NA,10.6,19.6312,10.6,NA,NA,-69.3394444444444,NA,48.3311944444444,NA,2016-06-01T22:24:23Z,NA
COR160601,3,NA,NA,NA,4.8,8.8896,4.8,NA,NA,NA,-69.3613055555555,NA,48.281,NA,2016-06-01T22:43:05Z
COR160601,4,NA,NA,NA,10.1,18.7052,10.1,NA,NA,-68.6357222222222,NA,48.7317777777778,NA,2016-06-02T10:39:21Z,NA
COR160601,4,NA,NA,NA,5.1,9.4452,5.1,NA,NA,NA,-68.66425,NA,48.7489166666667,NA,2016-06-02T10:49:51Z
COR160601,5,NA,NA,NA,9.5,17.594,9.5,NA,NA,-68.6597222222222,NA,48.7558055555556,NA,2016-06-02T13:14:14Z,NA
COR160601,5,NA,NA,NA,4,7.408,4,NA,NA,NA,-68.7060277777778,NA,48.7858611111111,NA,2016-06-02T13:32:22Z
COR160601,6,NA,NA,NA,8,14.816,8,NA,NA,-68.7111388888889,NA,48.7893888888889,NA,2016-06-02T15:20:57Z,NA
COR160601,6,NA,NA,NA,3.8,7.0376,3.8,NA,NA,NA,-68.7274166666667,NA,48.8077777777778,NA,2016-06-02T15:30:32Z
COR160601,7,NA,NA,NA,10.5,19.446,10.5,NA,NA,-68.7284722222222,NA,48.8259444444444,NA,2016-06-02T17:28:58Z,NA
COR160601,7,NA,NA,NA,6.8,12.5936,6.8,NA,NA,NA,-68.3224444444444,NA,48.887,NA,2016-06-02T19:16:22Z
COR160601,8,NA,NA,NA,6.8,12.5936,6.8,NA,NA,-68.318,NA,48.8873611111111,NA,2016-06-02T19:17:58Z,NA
COR160601,8,NA,NA,NA,4.4,8.148800000000001,4.4,NA,NA,NA,-68.2180277777778,NA,48.8968888888889,NA,2016-06-02T19:55:46Z
COR160601,9,NA,NA,NA,9.8,18.149600000000003,9.8,NA,NA,-68.1484722222222,NA,48.9152777777778,NA,2016-06-02T21:47:24Z,NA
COR160601,9,NA,NA,NA,9.4,17.408800000000003,9.4,NA,NA,NA,-68.0978888888889,NA,48.9263055555556,NA,2016-06-02T22:00:18Z
COR160601,10,NA,NA,NA,10.3,19.0756,10.3,NA,NA,-67.9665277777778,NA,48.9571388888889,NA,2016-06-02T22:33:35Z,NA
COR160601,10,NA,NA,NA,7.2,13.3344,7.2,NA,NA,NA,-67.8066111111111,NA,49.0003888888889,NA,2016-06-02T23:17:03Z
COR160601,12,NA,NA,NA,12.4,22.9648,12.4,NA,NA,-66.2018333333333,NA,49.2768888888889,NA,2016-06-03T10:37:59Z,NA
COR160601,12,NA,NA,NA,7.7,14.2604,7.7,NA,NA,NA,-66.2160277777778,NA,49.3946111111111,NA,2016-06-03T11:12:17Z
COR160601,13,NA,NA,NA,10.6,19.6312,10.6,NA,NA,-66.2188055555556,NA,49.4274722222222,NA,2016-06-03T12:37:30Z,NA
COR160601,13,NA,NA,NA,10.3,19.0756,10.3,NA,NA,NA,-66.2311944444444,NA,49.5408611111111,NA,2016-06-03T13:12:32Z
COR160601,14,NA,NA,NA,11.5,21.298000000000002,11.5,NA,NA,-66.2375555555556,NA,49.5680555555556,NA,2016-06-03T14:34:03Z,NA
COR160601,14,NA,NA,NA,11.4,21.1128,11.4,NA,NA,NA,-66.2492777777778,NA,49.70975,NA,2016-06-03T15:17:26Z
COR160601,15,NA,NA,NA,9.91,18.35332,9.91,NA,NA,-66.2508055555556,NA,49.731,NA,2016-06-03T16:48:42Z,NA
COR160601,15,NA,NA,NA,7.2,13.3344,7.2,NA,NA,NA,-66.2668333333333,NA,49.8818611111111,NA,2016-06-03T17:44:12Z
COR160601,16,NA,NA,NA,9.7,17.9644,9.7,NA,NA,-66.2704444444445,NA,49.8954722222222,NA,2016-06-03T18:51:05Z,NA
COR160601,16,NA,NA,NA,7.7,14.2604,7.7,NA,NA,NA,-66.2829444444444,NA,50.0482777777778,NA,2016-06-03T19:45:15Z
COR160601,17,NA,NA,NA,11.2,20.7424,11.2,NA,NA,-66.2715,NA,50.0358888888889,NA,2016-06-03T20:38:34Z,NA
COR160601,17,NA,NA,NA,11.6,21.4832,11.6,NA,NA,NA,-65.9952777777778,NA,49.8505833333333,NA,2016-06-03T21:58:20Z
COR160601,18,NA,NA,NA,10.5,19.446,10.5,NA,NA,-64.49575,NA,49.5659722222222,NA,2016-06-04T10:44:52Z,NA
COR160601,18,NA,NA,NA,10,18.52,10,NA,NA,NA,-64.4057777777778,NA,49.6378888888889,NA,2016-06-04T11:18:30Z
COR160601,19,NA,NA,NA,12.5,23.150000000000002,12.5,NA,NA,-64.4245277777778,NA,49.6799444444444,NA,2016-06-04T12:26:53Z,NA
COR160601,19,NA,NA,NA,13.8,25.557600000000004,13.8,NA,NA,NA,-64.5441944444444,NA,49.7704722222222,NA,2016-06-04T12:58:42Z
COR160601,20,NA,NA,NA,13.8,25.557600000000004,13.8,NA,NA,-64.5529444444444,NA,49.7794722222222,NA,2016-06-04T13:01:30Z,NA
COR160601,20,NA,NA,NA,13.9,25.742800000000003,13.9,NA,NA,NA,-64.5795833333333,NA,49.8120555555556,NA,2016-06-04T13:11:17Z
COR160601,21,NA,NA,NA,13.9,25.742800000000003,13.9,NA,NA,-64.5801388888889,NA,49.8153888888889,NA,2016-06-04T13:12:08Z,NA
COR160601,21,NA,NA,NA,14.3,26.483600000000003,14.3,NA,NA,NA,-64.5834722222222,NA,49.8725,NA,2016-06-04T13:26:18Z
COR160601,22,NA,NA,NA,13,24.076,13,NA,NA,-64.5286944444444,NA,49.9270833333333,NA,2016-06-04T13:44:04Z,NA
COR160601,22,NA,NA,NA,10.5,19.446,10.5,NA,NA,NA,-64.0733611111111,NA,50.0406944444444,NA,2016-06-04T15:21:56Z
COR160601,23,NA,NA,NA,10.3,19.0756,10.3,NA,NA,-63.8225833333333,NA,49.9973888888889,NA,2016-06-04T16:51:22Z,NA
COR160601,23,NA,NA,NA,11.5,21.298000000000002,11.5,NA,NA,NA,-63.5299722222222,NA,49.9403333333333,NA,2016-06-04T17:55:42Z
COR160601,25,NA,NA,NA,12.5,23.150000000000002,12.5,NA,NA,-62.9056388888889,NA,49.8271388888889,NA,2016-06-04T20:35:38Z,NA
COR160601,25,NA,NA,NA,12.9,23.890800000000002,12.9,NA,NA,NA,-62.7644444444444,NA,49.8058333333333,NA,2016-06-04T21:01:56Z
COR160601,26,NA,NA,NA,12.7,23.5204,12.7,NA,NA,-62.6508611111111,NA,49.7883333333333,NA,2016-06-04T21:23:16Z,NA
COR160601,26,NA,NA,NA,12.8,23.705600000000004,12.8,NA,NA,NA,-62.5634166666667,NA,49.7755833333333,NA,2016-06-04T21:39:42Z
COR160601,27,NA,NA,NA,12.9,23.890800000000002,12.9,NA,NA,-62.1963611111111,NA,49.722,NA,2016-06-04T22:47:58Z,NA
COR160601,27,NA,NA,NA,12.4,22.9648,12.4,NA,NA,NA,-62.1133611111111,NA,49.7088333333333,NA,2016-06-04T23:03:46Z
COR160601,28,NA,NA,NA,12.4,22.9648,12.4,NA,NA,-62.0498333333333,NA,49.69875,NA,2016-06-04T23:16:08Z,NA
COR160601,28,NA,NA,NA,8.4,15.5568,8.4,NA,NA,NA,-61.8337222222222,NA,49.6660833333333,NA,2016-06-04T23:58:00Z
COR160601,29,NA,NA,NA,9.9,18.3348,9.9,NA,NA,-59.6717777777778,NA,49.9752777777778,NA,2016-06-05T11:12:02Z,NA
COR160601,29,NA,NA,NA,10,18.52,10,NA,NA,NA,-59.4528055555556,NA,49.8522777777778,NA,2016-06-05T12:08:58Z
COR160601,30,NA,NA,NA,12.3,22.779600000000002,12.3,NA,NA,-59.4277777777778,NA,49.8395,NA,2016-06-05T13:22:30Z,NA
COR160601,30,NA,NA,NA,9.4,17.408800000000003,9.4,NA,NA,NA,-59.2611944444444,NA,49.7485833333333,NA,2016-06-05T14:03:44Z
COR160601,31,NA,NA,NA,11.3,20.9276,11.3,NA,NA,-59.1955,NA,49.7120555555556,NA,2016-06-05T15:20:31Z,NA
COR160601,31,NA,NA,NA,12,22.224,12,NA,NA,NA,-59.0268055555556,NA,49.6304166666667,NA,2016-06-05T16:03:31Z
COR160601,32,NA,NA,NA,12.2,22.5944,12.2,NA,NA,-58.9393611111111,NA,49.585,NA,2016-06-05T17:16:20Z,NA
COR160601,32,NA,NA,NA,9,16.668,9,NA,NA,NA,-58.7182777777778,NA,49.4670277777778,NA,2016-06-05T18:12:50Z
COR160601,33,NA,NA,NA,12,22.224,12,NA,NA,-58.7012777777778,NA,49.4577222222222,NA,2016-06-05T19:00:14Z,NA
COR160601,33,NA,NA,NA,6.8,12.5936,6.8,NA,NA,NA,-58.50125,NA,49.3421944444444,NA,2016-06-05T19:52:26Z
COR160601,35,NA,NA,NA,12,22.224,12,NA,NA,-58.9604166666667,NA,49.0021388888889,NA,2016-06-05T22:44:22Z,NA
COR160601,35,NA,NA,NA,12.3,22.779600000000002,12.3,NA,NA,NA,-59.1341666666667,NA,48.87225,NA,2016-06-05T23:35:48Z
COR160601,36,NA,NA,NA,12.4,22.9648,12.4,NA,NA,-60.4854444444444,NA,48.0057777777778,NA,2016-06-06T10:51:53Z,NA
COR160601,36,NA,NA,NA,12.2,22.5944,12.2,NA,NA,NA,-60.2895,NA,48.0768888888889,NA,2016-06-06T11:34:29Z
COR160601,37,NA,NA,NA,12.6,23.3352,12.6,NA,NA,-60.3258611111111,NA,48.0823611111111,NA,2016-06-06T13:09:36Z,NA
COR160601,37,NA,NA,NA,12.8,23.705600000000004,12.8,NA,NA,NA,-60.7658888888889,NA,48.0610277777778,NA,2016-06-06T14:32:19Z
COR160601,38,NA,NA,NA,12.7,23.5204,12.7,NA,NA,-60.8427777777778,NA,48.0571666666667,NA,2016-06-06T14:46:58Z,NA
COR160601,38,NA,NA,NA,11.6,21.4832,11.6,NA,NA,NA,-61.1525277777778,NA,48.0413888888889,NA,2016-06-06T15:47:25Z
COR160601,39,NA,NA,NA,12.7,23.5204,12.7,NA,NA,-61.2190833333333,NA,48.0634722222222,NA,2016-06-06T17:06:37Z,NA
COR160601,39,NA,NA,NA,12.6,23.3352,12.6,NA,NA,NA,-61.6005555555556,NA,48.2046111111111,NA,2016-06-06T18:27:25Z
COR160601,40,NA,NA,NA,7.9,14.6308,7.9,NA,NA,-61.5724444444445,NA,48.2400833333333,NA,2016-06-06T19:55:44Z,NA
COR160601,40,NA,NA,NA,7.8,14.4456,7.8,NA,NA,NA,-61.4505833333333,NA,48.349,NA,2016-06-06T20:57:01Z
COR160601,41,NA,NA,NA,12.6,23.3352,12.6,NA,NA,-59.3527222222222,NA,50.0255,NA,2016-06-07T11:45:49Z,NA
COR160601,41,NA,NA,NA,12.8,23.705600000000004,12.8,NA,NA,NA,-59.3448888888889,NA,50.327,NA,2016-06-07T13:11:38Z
COR160601,42,NA,NA,NA,12.3,22.779600000000002,12.3,NA,NA,-59.2220555555556,NA,50.3777222222222,NA,2016-06-07T14:20:31Z,NA
COR160601,42,NA,NA,NA,12.5,23.150000000000002,12.5,NA,NA,NA,-58.7362777777778,NA,50.27675,NA,2016-06-07T15:55:20Z
COR160601,43,NA,NA,NA,12.7,23.5204,12.7,NA,NA,-58.4538611111111,NA,50.2111388888889,NA,2016-06-07T17:42:31Z,NA
COR160601,43,NA,NA,NA,12.6,23.3352,12.6,NA,NA,NA,-58.5314722222222,NA,50.4995555555556,NA,2016-06-07T19:06:45Z
COR160601,44,NA,NA,NA,12.5,23.150000000000002,12.5,NA,NA,-58.5556944444444,NA,50.5888888888889,NA,2016-06-07T19:33:02Z,NA
COR160601,44,NA,NA,NA,12.1,22.409200000000002,12.1,NA,NA,NA,-58.5814166666667,NA,50.6870833333333,NA,2016-06-07T20:01:53Z
COR160601,45,NA,NA,NA,12.6,23.3352,12.6,NA,NA,-58.036,NA,50.752,NA,2016-06-07T23:04:47Z,NA
COR160601,45,NA,NA,NA,12.7,23.5204,12.7,NA,NA,NA,-57.7648055555556,NA,50.7218888888889,NA,2016-06-07T23:54:45Z
COR160601,46,NA,NA,NA,13.1,24.2612,13.1,NA,NA,-56.7939166666667,NA,51.4736111111111,NA,2016-06-08T17:22:33Z,NA
COR160601,46,NA,NA,NA,12.6,23.3352,12.6,NA,NA,NA,-57.3537777777778,NA,51.0406944444444,NA,2016-06-08T19:54:48Z
COR160601,48,NA,NA,NA,12.3,22.779600000000002,12.3,NA,NA,-57.9334444444444,NA,50.6097222222222,NA,2016-06-08T22:40:55Z,NA
COR160601,48,NA,NA,NA,13.3,24.631600000000002,13.3,NA,NA,NA,-58.2780277777778,NA,50.3564444444444,NA,2016-06-09T00:14:34Z
COR160601,49,NA,NA,NA,12.1,22.409200000000002,12.1,NA,NA,-58.4236666666667,NA,50.2498333333333,NA,2016-06-09T00:53:36Z,NA
COR160601,49,NA,NA,NA,12.6,23.3352,12.6,NA,NA,NA,-58.631,NA,50.0729166666667,NA,2016-06-09T01:56:19Z
COR160601,50,NA,NA,NA,12.3,22.779600000000002,12.3,NA,NA,-58.7871388888889,NA,49.9656388888889,NA,2016-06-09T02:38:26Z,NA
COR160601,50,NA,NA,NA,12.2,22.5944,12.2,NA,NA,NA,-59.0293333333333,NA,49.7818055555556,NA,2016-06-09T03:48:35Z
COR160601,51,NA,NA,NA,8.4,15.5568,8.4,NA,NA,-59.6861666666667,NA,47.6440555555556,NA,2016-06-10T10:12:40Z,NA
COR160601,51,NA,NA,NA,7.4,13.7048,7.4,NA,NA,NA,-59.3427222222222,NA,47.5835555555556,NA,2016-06-10T11:35:41Z
COR160601,52,NA,NA,NA,13,24.076,13,NA,NA,-59.3553333333333,NA,47.5727222222222,NA,2016-06-10T12:47:14Z,NA
COR160601,52,NA,NA,NA,3.3,6.1116,3.3,NA,NA,NA,-59.5445,NA,47.4328333333333,NA,2016-06-10T13:39:43Z
COR160601,53,NA,NA,NA,13.6,25.1872,13.6,NA,NA,-59.5779166666667,NA,47.3943055555556,NA,2016-06-10T15:17:02Z,NA
COR160601,53,NA,NA,NA,13.4,24.8168,13.4,NA,NA,NA,-59.7684166666667,NA,47.2733333333333,NA,2016-06-10T16:04:55Z
COR160601,54,NA,NA,NA,13.1,24.2612,13.1,NA,NA,-59.8070833333333,NA,47.2486666666667,NA,2016-06-10T17:32:29Z,NA
COR160601,54,NA,NA,NA,11.1,20.5572,11.1,NA,NA,NA,-59.9680555555556,NA,47.1363611111111,NA,2016-06-10T18:17:50Z
COR160601,55,NA,NA,NA,10.1,18.7052,10.1,NA,NA,-60.0292777777778,NA,47.0946388888889,NA,2016-06-10T19:49:31Z,NA
COR160601,55,NA,NA,NA,9.2,17.0384,9.2,NA,NA,NA,-60.1310833333333,NA,47.0160555555556,NA,2016-06-10T20:21:48Z
COR160601,56,NA,NA,NA,11.4,21.1128,11.4,NA,NA,-60.1431388888889,NA,47.0064444444444,NA,2016-06-10T21:14:29Z,NA
COR160601,56,NA,NA,NA,9.9,18.3348,9.9,NA,NA,NA,-60.2161388888889,NA,46.9587222222222,NA,2016-06-10T21:35:05Z
COR160601,57,NA,NA,NA,10.1,18.7052,10.1,NA,NA,-60.2371111111111,NA,46.9701111111111,NA,2016-06-10T22:24:04Z,NA
COR160601,57,NA,NA,NA,11.5,21.298000000000002,11.5,NA,NA,NA,-60.4279722222222,NA,47.0702222222222,NA,2016-06-10T23:18:27Z
COR160601,58,NA,NA,NA,12.7,23.5204,12.7,NA,NA,-62.4065555555556,NA,47.2189722222222,NA,2016-06-11T10:05:58Z,NA
COR160601,58,NA,NA,NA,12.3,22.779600000000002,12.3,NA,NA,NA,-62.4524722222222,NA,47.2336944444444,NA,2016-06-11T10:15:55Z
COR160601,59,NA,NA,NA,12.4,22.9648,12.4,NA,NA,-62.5131388888889,NA,47.2536388888889,NA,2016-06-11T10:29:18Z,NA
COR160601,59,NA,NA,NA,8.4,15.5568,8.4,NA,NA,NA,-62.7485555555556,NA,47.3328611111111,NA,2016-06-11T11:22:01Z
COR160601,60,NA,NA,NA,12,22.224,12,NA,NA,-62.7616111111111,NA,47.33575,NA,2016-06-11T12:01:42Z,NA
COR160601,60,NA,NA,NA,12.7,23.5204,12.7,NA,NA,NA,-63.2440555555556,NA,47.4970833333333,NA,2016-06-11T13:47:28Z
COR160601,61,NA,NA,NA,13.2,24.4464,13.2,NA,NA,-63.2861944444444,NA,47.5089444444444,NA,2016-06-11T14:33:00Z,NA
COR160601,61,NA,NA,NA,13,24.076,13,NA,NA,NA,-63.6781666666667,NA,47.6494444444444,NA,2016-06-11T15:55:18Z
COR160601,62,NA,NA,NA,12.6,23.3352,12.6,NA,NA,-63.7697777777778,NA,47.675,NA,2016-06-11T16:46:30Z,NA
COR160601,62,NA,NA,NA,10.3,19.0756,10.3,NA,NA,NA,-64.0310833333333,NA,47.7826111111111,NA,2016-06-11T17:46:34Z
COR160601,63,NA,NA,NA,11,20.372,11,NA,NA,-64.0652222222222,NA,47.7923333333333,NA,2016-06-11T20:03:48Z,NA
COR160601,63,NA,NA,NA,10.4,19.260800000000003,10.4,NA,NA,NA,-64.2441111111111,NA,47.83275,NA,2016-06-11T20:44:58Z
COR160601,64,NA,NA,NA,11.2,20.7424,11.2,NA,NA,-64.2456111111111,NA,47.8263055555556,NA,2016-06-11T23:39:14Z,NA
COR160601,64,NA,NA,NA,11.1,20.5572,11.1,NA,NA,NA,-64.1337777777778,NA,47.8296944444444,NA,2016-06-12T00:03:48Z
COR160601,65,NA,NA,NA,11.9,22.038800000000002,11.9,NA,NA,-64.0918611111111,NA,48.3336111111111,NA,2016-06-12T14:31:43Z,NA
COR160601,65,NA,NA,NA,7,12.964,7,NA,NA,NA,-64.0882222222222,NA,48.4806944444444,NA,2016-06-12T15:20:01Z
COR160601,66,NA,NA,NA,10.9,20.1868,10.9,NA,NA,-64.0905,NA,48.51325,NA,2016-06-12T16:22:31Z,NA
COR160601,66,NA,NA,NA,11.2,20.7424,11.2,NA,NA,NA,-64.1434722222222,NA,48.6324444444444,NA,2016-06-12T17:02:54Z
COR160601,67,NA,NA,NA,12.4,22.9648,12.4,NA,NA,-64.2833888888889,NA,48.7554444444444,NA,2016-06-14T16:48:03Z,NA
COR160601,67,NA,NA,NA,13.4,24.8168,13.4,NA,NA,NA,-64.1530555555556,NA,48.5930555555556,NA,2016-06-14T17:43:43Z
COR160601,68,NA,NA,NA,13.2,24.4464,13.2,NA,NA,-64.1545833333333,NA,48.5887777777778,NA,2016-06-14T17:44:56Z,NA
COR160601,68,NA,NA,NA,12.8,23.705600000000004,12.8,NA,NA,NA,-64.2588611111111,NA,48.3817222222222,NA,2016-06-14T18:46:57Z
COR160601,69,NA,NA,NA,12.7,23.5204,12.7,NA,NA,-64.2791388888889,NA,48.3709166666667,NA,2016-06-14T18:51:54Z,NA
COR160601,69,NA,NA,NA,12.3,22.779600000000002,12.3,NA,NA,NA,-64.5548888888889,NA,48.2484166666667,NA,2016-06-14T19:54:52Z
COR160601,70,NA,NA,NA,13.8,25.557600000000004,13.8,NA,NA,-64.8340555555556,NA,48.1310833333333,NA,2016-06-14T21:55:09Z,NA
COR160601,70,NA,NA,NA,12.4,22.9648,12.4,NA,NA,NA,-65.2824444444444,NA,47.9348611111111,NA,2016-06-14T23:35:39Z
COR160601,71,NA,NA,NA,12.2,22.5944,12.2,NA,NA,-65.4403888888889,NA,47.9500833333333,NA,2016-06-15T00:06:04Z,NA
COR160601,71,NA,NA,NA,11.7,21.6684,11.7,NA,NA,NA,-65.9966388888889,NA,48.0231111111111,NA,2016-06-15T01:59:01Z
COR160601,72,NA,NA,NA,13.4,24.8168,13.4,NA,NA,-65.9431944444444,NA,48.02175,NA,2016-06-15T03:38:14Z,NA
COR160601,72,NA,NA,NA,12.5,23.150000000000002,12.5,NA,NA,NA,-65.7805555555556,NA,48.00325,NA,2016-06-15T04:09:41Z
COR160601,74,NA,NA,NA,12.4,22.9648,12.4,NA,NA,-64.6724166666667,NA,47.4802777777778,NA,2016-06-15T11:39:29Z,NA
COR160601,74,NA,NA,NA,11.4,21.1128,11.4,NA,NA,NA,-64.7405833333333,NA,47.1605833333333,NA,2016-06-15T13:14:03Z
COR160601,75,NA,NA,NA,12.4,22.9648,12.4,NA,NA,-64.7355277777778,NA,47.1470277777778,NA,2016-06-15T13:58:56Z,NA
COR160601,75,NA,NA,NA,12.6,23.3352,12.6,NA,NA,NA,-64.6893611111111,NA,47.0872222222222,NA,2016-06-15T14:18:32Z
COR160601,76,NA,NA,NA,12.6,23.3352,12.6,NA,NA,-64.6483055555556,NA,47.0364444444444,NA,2016-06-15T14:38:00Z,NA
COR160601,76,NA,NA,NA,7.4,13.7048,7.4,NA,NA,NA,-64.6556111111111,NA,46.8312777777778,NA,2016-06-15T15:38:13Z
COR160601,77,NA,NA,NA,11.7,21.6684,11.7,NA,NA,-64.6363055555556,NA,46.8325277777778,NA,2016-06-15T16:49:15Z,NA
COR160601,77,NA,NA,NA,7.7,14.2604,7.7,NA,NA,NA,-64.3681944444444,NA,46.8224722222222,NA,2016-06-15T17:44:28Z
COR160601,78,NA,NA,NA,12,22.224,12,NA,NA,-64.3513611111111,NA,46.8780277777778,NA,2016-06-15T18:37:09Z,NA
COR160601,78,NA,NA,NA,11.5,21.298000000000002,11.5,NA,NA,NA,-64.28525,NA,47.0677222222222,NA,2016-06-15T19:35:56Z
COR160601,79,NA,NA,NA,10.1,18.7052,10.1,NA,NA,-64.2720277777778,NA,47.1054444444444,NA,2016-06-15T19:50:00Z,NA
COR160601,79,NA,NA,NA,10,18.52,10,NA,NA,NA,-64.2615,NA,47.1340555555556,NA,2016-06-15T20:00:41Z
COR160601,80,NA,NA,NA,12.4,22.9648,12.4,NA,NA,-64.2213888888889,NA,47.5090555555556,NA,2016-06-15T23:45:10Z,NA
COR160601,80,NA,NA,NA,12.3,22.779600000000002,12.3,NA,NA,NA,-64.0811388888889,NA,47.5017222222222,NA,2016-06-16T00:12:46Z
COR160601,81,NA,NA,NA,11.4,21.1128,11.4,NA,NA,-63.2506111111111,NA,46.6853055555556,NA,2016-06-16T10:29:34Z,NA
COR160601,81,NA,NA,NA,10.3,19.0756,10.3,NA,NA,NA,-63.2351666666667,NA,46.82075,NA,2016-06-16T11:11:03Z
COR160601,82,NA,NA,NA,12.1,22.409200000000002,12.1,NA,NA,-63.2140555555556,NA,46.8330833333333,NA,2016-06-16T12:03:02Z,NA
COR160601,82,NA,NA,NA,12.3,22.779600000000002,12.3,NA,NA,NA,-62.7533611111111,NA,46.8190555555556,NA,2016-06-16T13:36:31Z
COR160601,83,NA,NA,NA,12.5,23.150000000000002,12.5,NA,NA,-62.7492222222222,NA,46.8103611111111,NA,2016-06-16T14:22:55Z,NA
COR160601,83,NA,NA,NA,10.8,20.001600000000003,10.8,NA,NA,NA,-62.7340833333333,NA,46.5046111111111,NA,2016-06-16T15:50:53Z
COR160601,84,NA,NA,NA,13,24.076,13,NA,NA,-62.6855555555556,NA,46.5417777777778,NA,2016-06-16T16:50:42Z,NA
COR160601,84,NA,NA,NA,12.3,22.779600000000002,12.3,NA,NA,NA,-62.2623333333333,NA,46.8128055555556,NA,2016-06-16T18:46:16Z
COR160601,86,NA,NA,NA,11.5,21.298000000000002,11.5,NA,NA,-61.73975,NA,45.8530277777778,NA,2016-06-17T11:30:47Z,NA
COR160601,86,NA,NA,NA,10.4,19.260800000000003,10.4,NA,NA,NA,-61.6956666666667,NA,45.9458611111111,NA,2016-06-17T12:00:47Z
COR160601,87,NA,NA,NA,10.8,20.001600000000003,10.8,NA,NA,-61.5891388888889,NA,46.1033333333333,NA,2016-06-17T13:00:32Z,NA
COR160601,87,NA,NA,NA,8.3,15.371600000000003,8.3,NA,NA,NA,-61.2681666666667,NA,46.4713333333333,NA,2016-06-17T15:26:35Z
COR160601,88,NA,NA,NA,11,20.372,11,NA,NA,-61.2470833333333,NA,46.5245,NA,2016-06-17T16:59:54Z,NA
COR160601,88,NA,NA,NA,9.6,17.7792,9.6,NA,NA,NA,-61.2508333333333,NA,46.8104444444444,NA,2016-06-17T18:34:37Z
COR160601,89,NA,NA,NA,11.8,21.853600000000004,11.8,NA,NA,-61.2757222222222,NA,46.8613333333333,NA,2016-06-17T20:15:46Z,NA
COR160601,89,NA,NA,NA,11.9,22.038800000000002,11.9,NA,NA,NA,-61.3499166666667,NA,46.9109444444444,NA,2016-06-17T20:37:19Z
COR160601,91,NA,NA,NA,12.8,23.705600000000004,12.8,NA,NA,-61.7879166666667,NA,47.168,NA,2016-06-17T23:11:28Z,NA
COR160601,91,NA,NA,NA,13.1,24.2612,13.1,NA,NA,NA,-62.0311388888889,NA,47.16575,NA,2016-06-17T23:57:11Z
COR160601,92,NA,NA,NA,12.7,23.5204,12.7,NA,NA,-60.74875,NA,47.2641111111111,NA,2016-06-18T10:10:24Z,NA
COR160601,92,NA,NA,NA,12.4,22.9648,12.4,NA,NA,NA,-60.7356666666667,NA,47.5000277777778,NA,2016-06-18T11:19:07Z
COR160601,93,NA,NA,NA,12.4,22.9648,12.4,NA,NA,-60.7772777777778,NA,47.5008055555556,NA,2016-06-18T12:13:48Z,NA
COR160601,93,NA,NA,NA,12.6,23.3352,12.6,NA,NA,NA,-61.2266944444444,NA,47.5135277777778,NA,2016-06-18T13:41:06Z
COR160601,94,NA,NA,NA,11.3,20.9276,11.3,NA,NA,-61.2108333333333,NA,47.5447777777778,NA,2016-06-18T14:34:14Z,NA
COR160601,94,NA,NA,NA,10.6,19.6312,10.6,NA,NA,NA,-61.1919722222222,NA,47.5660277777778,NA,2016-06-18T14:42:34Z
COR160601,95,NA,NA,NA,10.4,19.260800000000003,10.4,NA,NA,-61.2601944444444,NA,47.5718888888889,NA,2016-06-18T16:43:46Z,NA
COR160601,95,NA,NA,NA,7.4,13.7048,7.4,NA,NA,NA,-61.19625,NA,47.5666111111111,NA,2016-06-18T16:59:38Z
COR160601,96,NA,NA,NA,12.1,22.409200000000002,12.1,NA,NA,-61.1979722222222,NA,47.5941388888889,NA,2016-06-18T20:06:52Z,NA
COR160601,96,NA,NA,NA,11.8,21.853600000000004,11.8,NA,NA,NA,-61.2348611111111,NA,47.8385277777778,NA,2016-06-18T21:19:14Z
COR160601,97,NA,NA,NA,12.7,23.5204,12.7,NA,NA,-60.8454166666667,NA,47.8379166666667,NA,2016-06-18T23:21:28Z,NA
COR160601,97,NA,NA,NA,12.8,23.705600000000004,12.8,NA,NA,NA,-60.7648055555556,NA,47.846,NA,2016-06-18T23:36:56Z
COR160601,98,NA,NA,NA,9.9,18.3348,9.9,NA,NA,-61.7490277777778,NA,48.0009444444444,NA,2016-06-19T10:36:31Z,NA
COR160601,98,NA,NA,NA,7,12.964,7,NA,NA,NA,-61.7354722222222,NA,47.8405277777778,NA,2016-06-19T11:38:05Z
COR160601,99,NA,NA,NA,12.1,22.409200000000002,12.1,NA,NA,-61.7430555555556,NA,47.7965277777778,NA,2016-06-19T12:27:51Z,NA
COR160601,99,NA,NA,NA,10.8,20.001600000000003,10.8,NA,NA,NA,-61.73125,NA,47.6129444444444,NA,2016-06-19T13:23:41Z
COR160601,100,NA,NA,NA,5.8,10.7416,5.8,NA,NA,-61.7659444444444,NA,47.5976111111111,NA,2016-06-19T16:49:54Z,NA
COR160601,100,NA,NA,NA,4.2,7.7784,4.2,NA,NA,NA,-61.8237222222222,NA,47.5943888888889,NA,2016-06-19T17:13:04Z
COR160601,101,NA,NA,NA,10.2,18.8904,10.2,NA,NA,-61.8509722222222,NA,47.5793333333333,NA,2016-06-19T18:01:31Z,NA
COR160601,101,NA,NA,NA,8.9,16.4828,8.9,NA,NA,NA,-62.1015833333333,NA,47.5292777777778,NA,2016-06-19T19:10:12Z
COR160601,102,NA,NA,NA,8.9,16.4828,8.9,NA,NA,-62.1596666666667,NA,47.5185,NA,2016-06-19T19:26:29Z,NA
COR160601,102,NA,NA,NA,5,9.26,5,NA,NA,NA,-62.23825,NA,47.5127777777778,NA,2016-06-19T19:48:53Z
COR160601,103,NA,NA,NA,12.1,22.409200000000002,12.1,NA,NA,-62.2683888888889,NA,47.4850833333333,NA,2016-06-19T20:31:35Z,NA
COR160601,103,NA,NA,NA,12.2,22.5944,12.2,NA,NA,NA,-62.5979444444444,NA,47.2681666666667,NA,2016-06-19T22:02:54Z
COR160601,104,NA,NA,NA,11.1,20.5572,11.1,NA,NA,-62.7651388888889,NA,47.1663055555556,NA,2016-06-19T23:27:13Z,NA
COR160601,104,NA,NA,NA,11.4,21.1128,11.4,NA,NA,NA,-62.9460277777778,NA,47.1678611111111,NA,2016-06-20T00:06:08Z
COR160601,105,NA,NA,NA,12.5,23.150000000000002,12.5,NA,NA,-62.2505,NA,47.9892777777778,NA,2016-06-20T10:18:47Z,NA
COR160601,105,NA,NA,NA,7.7,14.2604,7.7,NA,NA,NA,-62.2359722222222,NA,48.1751666666667,NA,2016-06-20T11:12:52Z
COR160601,106,NA,NA,NA,12.2,22.5944,12.2,NA,NA,-62.2488333333333,NA,48.2072777777778,NA,2016-06-20T12:02:50Z,NA
COR160601,106,NA,NA,NA,11.7,21.6684,11.7,NA,NA,NA,-62.2795555555556,NA,48.2532222222222,NA,2016-06-20T12:18:14Z
COR160601,107,NA,NA,NA,11.2,20.7424,11.2,NA,NA,-62.2795833333333,NA,48.2558611111111,NA,2016-06-20T12:19:01Z,NA
COR160601,107,NA,NA,NA,9.8,18.149600000000003,9.8,NA,NA,NA,-62.23425,NA,48.4617777777778,NA,2016-06-20T13:20:54Z
COR160601,108,NA,NA,NA,12.2,22.5944,12.2,NA,NA,-62.262,NA,48.4714722222222,NA,2016-06-20T14:30:52Z,NA
COR160601,108,NA,NA,NA,11.6,21.4832,11.6,NA,NA,NA,-62.2775,NA,48.4936388888889,NA,2016-06-20T14:39:13Z
COR160601,109,NA,NA,NA,11.6,21.4832,11.6,NA,NA,-62.2812222222222,NA,48.4939444444444,NA,2016-06-20T14:39:59Z,NA
COR160601,109,NA,NA,NA,7.9,14.6308,7.9,NA,NA,NA,-62.4737777777778,NA,48.5280833333333,NA,2016-06-20T15:21:47Z
COR160601,110,NA,NA,NA,12.3,22.779600000000002,12.3,NA,NA,-62.4639722222222,NA,48.5353333333333,NA,2016-06-20T15:24:37Z,NA
COR160601,110,NA,NA,NA,12.1,22.409200000000002,12.1,NA,NA,NA,-62.3476944444444,NA,48.6316388888889,NA,2016-06-20T16:00:15Z
COR160601,111,NA,NA,NA,8.1,15.0012,8.1,NA,NA,-62.3649166666667,NA,48.6730555555555,NA,2016-06-20T17:43:36Z,NA
COR160601,111,NA,NA,NA,5.4,10.000800000000002,5.4,NA,NA,NA,-62.5841666666667,NA,48.6288055555556,NA,2016-06-20T19:14:02Z
COR160601,112,NA,NA,NA,5.7,10.5564,5.7,NA,NA,-62.6126666666667,NA,48.6230555555556,NA,2016-06-20T19:27:07Z,NA
COR160601,112,NA,NA,NA,2.5,4.63,2.5,NA,NA,NA,-62.7331388888889,NA,48.5968888888889,NA,2016-06-20T20:23:40Z
COR160601,113,NA,NA,NA,8.9,16.4828,8.9,NA,NA,-62.7439444444444,NA,48.5639166666667,NA,2016-06-21T12:02:28Z,NA
COR160601,113,NA,NA,NA,8.1,15.0012,8.1,NA,NA,NA,-62.7408888888889,NA,48.2848333333333,NA,2016-06-21T14:06:07Z
COR160601,114,NA,NA,NA,6.4,11.852800000000002,6.4,NA,NA,-62.73975,NA,48.2175277777778,NA,2016-06-21T14:43:19Z,NA
COR160601,114,NA,NA,NA,3.6,6.6672,3.6,NA,NA,NA,-62.7444722222222,NA,48.1789722222222,NA,2016-06-21T15:05:36Z
COR160601,115,NA,NA,NA,12.1,22.409200000000002,12.1,NA,NA,-62.7505277777778,NA,48.0994722222222,NA,2016-06-21T16:45:42Z,NA
COR160601,115,NA,NA,NA,10.7,19.816399999999998,10.7,NA,NA,NA,-62.7485555555556,NA,47.8428055555556,NA,2016-06-21T18:01:55Z
COR160601,116,NA,NA,NA,12.1,22.409200000000002,12.1,NA,NA,-62.794,NA,47.83375,NA,2016-06-21T18:45:29Z,NA
COR160601,116,NA,NA,NA,6.7,12.4084,6.7,NA,NA,NA,-63.2367777777778,NA,47.8468888888889,NA,2016-06-21T20:15:09Z
COR160601,117,NA,NA,NA,12.5,23.150000000000002,12.5,NA,NA,-63.2514444444444,NA,47.8561944444444,NA,2016-06-21T21:10:40Z,NA
COR160601,117,NA,NA,NA,12.1,22.409200000000002,12.1,NA,NA,NA,-63.2503055555556,NA,48.0325,NA,2016-06-21T22:01:43Z
COR160601,118,NA,NA,NA,12.2,22.5944,12.2,NA,NA,-63.2518055555556,NA,48.2031111111111,NA,2016-06-21T23:21:17Z,NA
COR160601,118,NA,NA,NA,11.9,22.038800000000002,11.9,NA,NA,NA,-63.2491111111111,NA,48.3619166666667,NA,2016-06-22T00:09:07Z
COR160601,119,NA,NA,NA,12,22.224,12,NA,NA,-63.7165833333333,NA,48.4359444444444,NA,2016-06-23T10:36:25Z,NA
COR160601,119,NA,NA,NA,11.9,22.038800000000002,11.9,NA,NA,NA,-63.8588888888889,NA,48.5624166666667,NA,2016-06-23T11:24:48Z
COR160601,121,NA,NA,NA,12.2,22.5944,12.2,NA,NA,-63.8876666666667,NA,49.1634722222222,NA,2016-06-23T22:53:15Z,NA
COR160601,121,NA,NA,NA,11.7,21.6684,11.7,NA,NA,NA,-64.1186666666667,NA,49.3601111111111,NA,2016-06-24T00:09:54Z
COR160601,122,NA,NA,NA,12.4,22.9648,12.4,NA,NA,-67.1370833333333,NA,49.2599444444444,NA,2016-06-24T10:21:33Z,NA
COR160601,122,NA,NA,NA,12.3,22.779600000000002,12.3,NA,NA,NA,-67.7513888888889,NA,49.0580555555556,NA,2016-06-24T12:32:21Z
COR160601,123,NA,NA,NA,10.8,20.001600000000003,10.8,NA,NA,-67.8304722222222,NA,49.0238611111111,NA,2016-06-24T12:52:35Z,NA
COR160601,123,NA,NA,NA,8.3,15.371600000000003,8.3,NA,NA,NA,-68.3809722222222,NA,48.7935833333333,NA,2016-06-24T15:38:14Z
COR160601,124,NA,NA,NA,7.8,14.4456,7.8,NA,NA,-68.4883888888889,NA,48.7260277777778,NA,2016-06-24T16:20:51Z,NA
COR160601,124,NA,NA,NA,8.1,15.0012,8.1,NA,NA,NA,-68.5748055555556,NA,48.6720277777778,NA,2016-06-24T16:57:44Z
COR160601,126,NA,NA,NA,13,24.076,13,NA,NA,-68.5413611111111,NA,48.5528611111111,NA,2016-06-24T19:16:32Z,NA
COR160601,126,NA,NA,NA,12.8,23.705600000000004,12.8,NA,NA,NA,-68.5243055555556,NA,48.5134722222222,NA,2016-06-24T19:28:04Z
COR160601,127,NA,NA,NA,10.9,20.1868,10.9,NA,NA,-68.8963333333333,NA,48.5023055555556,NA,2016-06-24T22:41:30Z,NA
COR160601,127,NA,NA,NA,10.1,18.7052,10.1,NA,NA,NA,-69.0416388888889,NA,48.4866111111111,NA,2016-06-24T23:12:39Z
COR160601,128,NA,NA,NA,12.3,22.779600000000002,12.3,NA,NA,-69.0536111111111,NA,48.4809444444444,NA,2016-06-24T23:15:33Z,NA
COR160601,128,NA,NA,NA,12.7,23.5204,12.7,NA,NA,NA,-69.2578611111111,NA,48.3699722222222,NA,2016-06-25T00:05:30Z
COR160601,129,NA,NA,NA,9.9,18.3348,9.9,NA,NA,-70.0001666666667,NA,48.2527222222222,NA,2016-06-25T10:21:38Z,NA
COR160601,129,NA,NA,NA,9.5,17.594,9.5,NA,NA,NA,-70.02275,NA,48.2560555555556,NA,2016-06-25T10:27:30Z
COR160601,130,NA,NA,NA,9.5,17.594,9.5,NA,NA,-70.0269166666667,NA,48.2561666666667,NA,2016-06-25T10:28:30Z,NA
COR160601,130,NA,NA,NA,7.1,13.1492,7.1,NA,NA,NA,-70.17875,NA,48.2700833333333,NA,2016-06-25T11:05:45Z
COR160601,131,NA,NA,NA,9.2,17.0384,9.2,NA,NA,-70.1934444444445,NA,48.2771944444444,NA,2016-06-25T11:43:41Z,NA
COR160601,131,NA,NA,NA,10.4,19.260800000000003,10.4,NA,NA,NA,-70.3268333333333,NA,48.331,NA,2016-06-25T12:21:32Z
COR160601,132,NA,NA,NA,3.5,6.482,3.5,NA,NA,-70.3410833333333,NA,48.3376111111111,NA,2016-06-25T13:02:40Z,NA
COR160601,132,NA,NA,NA,3.2,5.926400000000001,3.2,NA,NA,NA,-70.3598888888889,NA,48.34825,NA,2016-06-25T13:19:16Z
COR160601,133,NA,NA,NA,10.5,19.446,10.5,NA,NA,-70.3827222222222,NA,48.3536388888889,NA,2016-06-25T13:26:50Z,NA
COR160601,133,NA,NA,NA,11.3,20.9276,11.3,NA,NA,NA,-70.5967777777778,NA,48.3665,NA,2016-06-25T14:10:14Z
COR160601,134,NA,NA,NA,12,22.224,12,NA,NA,-70.6338333333333,NA,48.36875,NA,2016-06-25T14:46:36Z,NA
COR160601,134,NA,NA,NA,11.1,20.5572,11.1,NA,NA,NA,-70.7124722222222,NA,48.3710277777778,NA,2016-06-25T15:02:29Z
COR160601,135,NA,NA,NA,10.4,19.260800000000003,10.4,NA,NA,-70.7415555555555,NA,48.3866944444444,NA,2016-06-25T15:37:37Z,NA
COR160601,135,NA,NA,NA,7.7,14.2604,7.7,NA,NA,NA,-70.7601944444445,NA,48.4053888888889,NA,2016-06-25T15:47:13Z
COR160601,137,NA,NA,NA,13.8,25.557600000000004,13.8,NA,NA,-70.8315,NA,48.4151944444444,NA,2016-06-25T17:51:50Z,NA
COR160601,137,NA,NA,NA,12.8,23.705600000000004,12.8,NA,NA,NA,-70.7406666666667,NA,48.3908611111111,NA,2016-06-25T18:09:34Z
COR160601,138,NA,NA,NA,12.2,22.5944,12.2,NA,NA,-70.6743333333333,NA,48.3695277777778,NA,2016-06-25T18:24:24Z,NA
COR160601,138,NA,NA,NA,13.3,24.631600000000002,13.3,NA,NA,NA,-70.3789444444444,NA,48.3496666666667,NA,2016-06-25T19:19:36Z
COR160601,139,NA,NA,NA,12.8,23.705600000000004,12.8,NA,NA,-70.34575,NA,48.3385833333333,NA,2016-06-25T19:26:30Z,NA
COR160601,139,NA,NA,NA,12.3,22.779600000000002,12.3,NA,NA,NA,-70.1176944444444,NA,48.2551666666667,NA,2016-06-25T20:15:27Z
COR160601,140,NA,NA,NA,12.4,22.9648,12.4,NA,NA,-70.111,NA,48.2550833333333,NA,2016-06-25T20:16:43Z,NA
COR160601,140,NA,NA,NA,10.3,19.0756,10.3,NA,NA,NA,-69.9643333333333,NA,48.2409722222222,NA,2016-06-25T20:46:29Z
COR160601,141,NA,NA,NA,10.8,20.001600000000003,10.8,NA,NA,-69.9269444444444,NA,48.2310277777778,NA,2016-06-25T20:56:01Z,NA
COR160601,141,NA,NA,NA,10.3,19.0756,10.3,NA,NA,NA,-69.8837777777778,NA,48.2209166666667,NA,2016-06-25T21:06:04Z
COR160601,142,NA,NA,NA,9.4,17.408800000000003,9.4,NA,NA,-69.8722222222222,NA,48.1899166666667,NA,2016-06-25T21:19:50Z,NA
COR160601,142,NA,NA,NA,11,20.372,11,NA,NA,NA,-69.8510277777778,NA,48.1614444444444,NA,2016-06-25T21:29:55Z
COR160601,143,NA,NA,NA,14.7,27.2244,14.7,NA,NA,-69.6354444444444,NA,48.05725,NA,2016-06-25T22:48:58Z,NA
COR160601,143,NA,NA,NA,12,22.224,12,NA,NA,NA,-69.6669722222222,NA,48.013,NA,2016-06-25T23:02:56Z
COR160601,144,NA,NA,NA,13.4,24.8168,13.4,NA,NA,-69.71075,NA,47.9791944444444,NA,2016-06-25T23:29:17Z,NA
COR160601,144,NA,NA,NA,6.7,12.4084,6.7,NA,NA,NA,-69.7786666666667,NA,47.9163333333333,NA,2016-06-25T23:51:12Z
COR160601,145,NA,NA,NA,10.6,19.6312,10.6,NA,NA,-69.1458333333333,NA,48.2877777777778,NA,2016-06-26T13:14:49Z,NA
COR160601,145,NA,NA,NA,10.7,19.816399999999998,10.7,NA,NA,NA,-68.9823333333333,NA,48.3514166666667,NA,2016-06-26T13:56:59Z
COR160601,146,NA,NA,NA,10.7,19.816399999999998,10.7,NA,NA,-68.9715277777778,NA,48.3528888888889,NA,2016-06-26T13:59:28Z,NA
COR160601,146,NA,NA,NA,11.6,21.4832,11.6,NA,NA,NA,-68.6936666666667,NA,48.4460277777778,NA,2016-06-26T15:07:24Z
COR160601,147,NA,NA,NA,11.6,21.4832,11.6,NA,NA,-68.6819444444445,NA,48.4519166666667,NA,2016-06-26T15:10:28Z,NA
COR160601,147,NA,NA,NA,10.8,20.001600000000003,10.8,NA,NA,NA,-68.5559444444444,NA,48.5063055555556,NA,2016-06-26T15:42:23Z
COR160601,148,NA,NA,NA,14.3,26.483600000000003,14.3,NA,NA,-64.5815555555556,NA,49.8772777777778,NA,2016-06-04T13:27:33Z,NA
COR160601,148,NA,NA,NA,13,24.076,13,NA,NA,NA,-64.5343611111111,NA,49.9248055555556,NA,2016-06-04T13:42:52Z
COR171108,1,43.37107070158685,-15.357777777777779,NA,NA,NA,NA,NA,NA,-68.1447777777778,-68.5888888888889,48.9199444444444,48.6626666666667,2017-11-09T13:17:33Z,2017-11-08T21:56:05Z
COR171108,2,NA,NA,NA,NA,NA,NA,NA,NA,NA,-67.7626111111111,NA,48.9605555555556,NA,2017-11-09T15:34:53Z
COR171108,3,NA,NA,NA,NA,NA,NA,NA,NA,NA,-67.6253333333333,NA,49.0002222222222,NA,2017-11-09T16:47:04Z
COR171108,4,NA,NA,NA,NA,NA,NA,NA,NA,NA,-67.283,NA,49.1439166666667,NA,2017-11-09T18:48:38Z
COR171108,5,60.22317712249075,-15.381944444444445,NA,NA,NA,NA,NA,NA,-66.1471388888889,-66.9082222222222,49.2569722222222,49.4738055555556,2017-11-10T13:16:06Z,2017-11-09T21:53:11Z
COR171108,6,126.40001778960868,-43.83361111111111,NA,NA,NA,NA,NA,NA,-64.1740833333333,-65.4472222222222,48.7255555555556,49.4968055555556,2017-11-12T12:42:47Z,2017-11-10T16:52:46Z
COR171108,7,NA,NA,NA,NA,NA,NA,NA,NA,NA,-64.0687222222222,NA,48.5078055555556,NA,2017-11-12T16:07:10Z
COR171108,8,NA,NA,NA,NA,NA,NA,NA,NA,NA,-63.7692222222222,NA,48.4302222222222,NA,2017-11-12T18:02:05Z
COR171108,9,50.959051411244964,-14.964444444444444,NA,NA,NA,NA,NA,NA,-64.639444444444507,-64.0308611111111,48.0522777777778,48.2638055555556,2017-11-13T12:31:56Z,2017-11-12T21:34:04Z
COR171108,10,NA,NA,NA,NA,NA,NA,NA,NA,NA,-64.2539166666667,NA,47.8400833333333,NA,2017-11-13T15:05:36Z
COR171108,11,NA,NA,NA,NA,NA,NA,NA,NA,NA,-64.0459722222222,NA,47.7762222222222,NA,2017-11-13T16:44:33Z
COR171108,12,165.6226562100678,-16.218055555555555,NA,NA,NA,NA,NA,NA,-61.9656388888889,-63.7527777777778,46.8073055555556,47.6683888888889,2017-11-14T13:07:47Z,2017-11-13T20:54:42Z
COR171108,13,NA,NA,NA,NA,NA,NA,NA,NA,NA,-61.1758333333333,NA,46.9528333333333,NA,2017-11-15T17:28:51Z
COR171108,14,NA,NA,NA,NA,NA,NA,NA,NA,NA,-60.31725,NA,47.0089722222222,NA,2017-11-15T20:13:12Z
COR171108,15,31.172000512748525,1.3344444444444445,23.35953410613961,NA,NA,NA,NA,NA,-60.50925,-60.9266944444444,48.0043055555556,48.0251666666667,2017-11-16T15:18:08Z,2017-11-16T16:38:12Z
COR171108,16,11.557007857187415,0.6019444444444444,19.199459292051085,NA,NA,NA,NA,NA,-60.9424444444444,-61.0974722222222,48.0238055555556,48.0186666666667,2017-11-16T16:43:07Z,2017-11-16T17:19:14Z
COR171108,17,NA,NA,NA,NA,NA,NA,NA,NA,NA,-61.56025,NA,48.1910555555556,NA,2017-11-16T21:09:45Z
COR171108,18,6.896811608802077,0.49416666666666664,13.956448449515165,NA,NA,NA,NA,NA,-56.8216388888889,-56.7342777777778,51.3155833333333,51.3448888888889,2017-11-18T13:45:54Z,2017-11-18T14:15:33Z
COR171108,19,16.0697502877664,0.7269444444444444,22.1058849965453,NA,NA,NA,NA,NA,-59.8975,-59.7206111111111,50.0910555555556,50.0019722222222,2017-11-19T13:02:23Z,2017-11-19T13:46:00Z
COR171108,20,59.72573097870874,2.7688888888888887,21.5702880741725,NA,NA,NA,NA,NA,-68.592,-69.2954722222222,48.6655555555556,48.3993611111111,2017-11-23T13:44:03Z,2017-11-23T16:30:11Z
COR171108,21,NA,NA,NA,NA,NA,NA,NA,NA,NA,-68.5317777777778,NA,48.5024722222222,NA,2017-11-23T20:27:49Z
COR180604,1,16.80952134158526,0.8227777777777778,20.430208247706595,NA,NA,NA,NA,NA,-74.9482,-75.16377,48.46836,48.41985,2018-06-04T23:45:48Z,2018-06-05T00:35:10Z
COR180604,2,5.433665714754252,0.3647222222222222,14.898093353477003,NA,NA,NA,NA,NA,-68.58025,-68.6278333333333,48.6704444444444,48.7078055555556,2018-06-05T12:07:56Z,2018-06-05T12:29:49Z
COR180604,3,13.097886276363447,0.7391666666666666,17.71980105032259,NA,NA,NA,NA,NA,-67.9563611111111,-67.8139722222222,48.9266388888889,48.9980833333333,2018-06-05T20:59:33Z,2018-06-05T21:43:54Z
COR180604,4,29.886669373812204,1.4755555555555555,20.254519906951042,NA,NA,NA,NA,NA,-67.6901944444444,-67.3340833333333,48.9943055555556,49.1270833333333,2018-06-05T22:58:52Z,2018-06-06T00:27:24Z
COR180604,5,16.532205645852763,0.9052777777777777,18.262025260837664,NA,NA,NA,NA,NA,-66.2498611111111,-66.23425,49.7019444444445,49.5537777777778,2018-06-06T12:02:42Z,2018-06-06T12:57:01Z
COR180604,6,3.081969379875069,0.16027777777777777,19.228925073743934,NA,NA,NA,NA,NA,-68.6488611111111,-68.66825,48.7226388888889,48.7471944444444,2018-06-05T13:45:01Z,2018-06-05T13:54:38Z
COR180604,7,3.7552385807033657,0.1913888888888889,19.620985327332534,NA,NA,NA,NA,NA,-68.6862222222222,-68.708,48.7534722222222,48.784,2018-06-05T15:01:09Z,2018-06-05T15:12:38Z
COR180604,8,3.213110292812112,0.4225,7.604994775886655,NA,NA,NA,NA,NA,-68.7337222222222,-68.7471666666667,48.794,48.8214722222222,2018-06-05T16:00:20Z,2018-06-05T16:25:41Z
COR180604,9,41.54522015936986,2.013888888888889,20.629350699825036,NA,NA,NA,NA,NA,-68.7328888888889,-68.1768888888889,48.8276111111111,48.9018055555556,2018-06-05T17:13:33Z,2018-06-05T19:14:23Z
COR180604,10,6.000642870547698,0.33805555555555555,17.750463709097545,NA,NA,NA,NA,NA,-68.1593333333333,-68.0790555555556,48.8911666666667,48.88025,2018-06-05T20:02:08Z,2018-06-05T20:22:25Z
COR180604,11,15.75195386691391,0.8855555555555555,17.787651794507553,NA,NA,NA,NA,NA,-66.2264722222222,-66.21675,49.5436944444444,49.4023333333333,2018-06-06T14:00:24Z,2018-06-06T14:53:32Z
COR180604,12,7.614850254028375,0.6105555555555555,12.472002235897248,NA,NA,NA,NA,NA,-66.2100555555556,-66.2062777777778,49.4010833333333,49.3327222222222,2018-06-06T15:47:58Z,2018-06-06T16:24:36Z
COR180604,13,28.7915785978465,1.2908333333333333,22.30464449155313,NA,NA,NA,NA,NA,-66.14625,-65.75,49.2536944444444,49.253,2018-06-06T18:02:58Z,2018-06-06T19:20:25Z
COR180604,15,NA,NA,NA,12,22.224,12,NA,NA,-65.144,NA,49.5425277777778,NA,2018-06-06T23:03:19Z,NA
COR180604,15,NA,NA,NA,9.5,17.594,9.5,NA,NA,NA,-64.7263888888889,NA,49.6198611111111,NA,2018-06-07T00:44:40Z
COR180604,18,NA,NA,NA,9.5,17.594,9.5,NA,NA,-63.9755555555556,NA,48.7395277777778,NA,2018-06-07T14:54:13Z,NA
COR180604,18,NA,NA,NA,NA,NA,NA,NA,NA,NA,-63.79375,NA,48.5363055555556,NA,2018-06-07T16:24:31Z
COR180604,20,NA,NA,NA,9.6,17.7792,9.6,NA,NA,-63.874,NA,48.0844166666667,NA,2018-06-07T20:33:35Z,NA
COR180604,20,NA,NA,NA,9.5,17.594,9.5,NA,NA,NA,-64.0128333333333,NA,47.7999444444444,NA,2018-06-07T22:27:42Z
COR180604,22,13.369600339945483,0.5938888888888889,22.511955670628502,NA,NA,NA,NA,NA,-61.9630833333333,-61.8689722222222,46.7868888888889,46.8882777777778,2018-06-08T17:35:37Z,2018-06-08T18:11:15Z
COR180604,30,NA,NA,NA,12,22.224,12,NA,NA,-60.5012777777778,NA,48.0140833333333,NA,2018-06-09T21:21:24Z,NA
COR180604,30,NA,NA,NA,NA,NA,NA,NA,NA,NA,-60.6305277777778,NA,48.2193888888889,NA,2018-06-09T22:28:17Z
COR180604,32,NA,NA,NA,10.9,20.1868,10.9,NA,NA,-61.3667222222222,NA,48.1149444444444,NA,2018-06-10T11:15:21Z,NA
COR180604,32,NA,NA,NA,NA,NA,NA,NA,NA,NA,-61.1702222222222,NA,48.0425555555556,NA,2018-06-10T12:05:32Z
COR180604,35,NA,NA,NA,12.3,22.779600000000002,12.3,NA,NA,-60.4457222222222,NA,48.1180555555556,NA,2018-06-10T15:16:06Z,NA
COR180604,35,NA,NA,NA,NA,NA,NA,NA,NA,NA,-60.1183333333333,NA,48.1496111111111,NA,2018-06-10T16:22:18Z
COR180604,44,24.306543470390917,1.1591666666666667,20.968980707741984,NA,NA,NA,NA,NA,-59.8971388888889,-59.6079444444444,50.1035833333333,50.2191388888889,2018-06-11T17:04:53Z,2018-06-11T18:14:26Z
COR180604,45,18.072284200709863,0.8761111111111111,20.627844997639667,NA,NA,NA,NA,NA,-59.5505,-59.3440555555556,50.2461111111111,50.3407777777778,2018-06-11T18:28:55Z,2018-06-11T19:21:29Z
COR180604,46,38.43720886785754,1.7783333333333333,21.614175558307895,NA,NA,NA,NA,NA,-59.3474722222222,-58.9606388888889,50.3441111111111,50.5861666666667,2018-06-11T20:05:51Z,2018-06-11T21:52:33Z
COR180604,48,4.649390555644836,0.5077777777777778,9.156349015493113,NA,NA,NA,NA,NA,-56.7610833333333,-56.72125,51.3850555555556,51.3515,2018-06-12T11:24:37Z,2018-06-12T11:55:05Z
COR180604,50,NA,NA,NA,8.4,15.5568,8.4,NA,NA,-56.7186111111111,NA,51.35475,NA,2018-06-12T12:08:58Z,NA
COR180604,50,NA,NA,NA,NA,NA,NA,NA,NA,NA,-56.6232222222222,NA,51.5754722222222,NA,2018-06-12T13:47:52Z
COR180604,51,4.7042205764140155,0.23083333333333333,20.37929491587299,NA,NA,NA,NA,NA,-56.7914444444444,-56.8321111111111,51.4420555555556,51.40825,2018-06-12T16:13:08Z,2018-06-12T16:26:59Z
COR180604,52,NA,NA,NA,4.6,8.5192,4.6,NA,NA,-56.9274444444444,NA,51.3426111111111,NA,2018-06-12T17:00:00Z,NA
COR180604,52,NA,NA,NA,11.2,20.7424,11.2,NA,NA,NA,-57.1351666666667,NA,51.1448333333333,NA,2018-06-12T18:21:15Z
COR180604,54,NA,NA,NA,11.6,21.4832,11.6,NA,NA,-57.57525,NA,50.6988888888889,NA,2018-06-12T21:54:02Z,NA
COR180604,54,NA,NA,NA,NA,NA,NA,NA,NA,NA,-57.6996666666667,NA,50.62275,NA,2018-06-12T22:27:41Z
COR180604,55,14.667015390742744,0.6697222222222222,21.900147410482738,NA,NA,NA,NA,NA,-57.8126944444444,-57.9535555555556,50.5540833333333,50.4574722222222,2018-06-12T22:57:42Z,2018-06-12T23:37:53Z
COR180604,57,NA,NA,NA,9.4,17.408800000000003,9.4,NA,NA,-64.0648888888889,NA,50.0411111111111,NA,2018-06-14T12:18:49Z,NA
COR180604,57,NA,NA,NA,NA,NA,NA,NA,NA,NA,-64.3620555555556,NA,50.03,NA,2018-06-14T13:33:51Z
COR180604,58,NA,NA,NA,9.2,17.0384,9.2,NA,NA,-64.3828333333333,NA,50.0306111111111,NA,2018-06-14T13:55:22Z,NA
COR180604,58,NA,NA,NA,NA,NA,NA,NA,NA,NA,-64.4118611111111,NA,50.1764166666667,NA,2018-06-14T14:56:29Z
COR180604,61,1.4097117713843412,0.08,17.621397142304264,NA,NA,NA,NA,NA,-64.8018333333333,-64.7882222222222,50.0691388888889,50.0599722222222,2018-06-14T18:44:24Z,2018-06-14T18:49:12Z
COR180604,62,NA,NA,NA,9,16.668,9,NA,NA,-64.7756388888889,NA,50.06025,NA,2018-06-14T19:05:43Z,NA
COR180604,62,NA,NA,NA,NA,NA,NA,NA,NA,NA,-64.5685277777778,NA,50.0468333333333,NA,2018-06-14T19:57:08Z
COR180604,74,NA,NA,NA,11.7,21.6684,11.7,NA,NA,-65.11,NA,48.0226388888889,NA,2018-06-17T13:43:47Z,NA
COR180604,74,NA,NA,NA,13.8,25.557600000000004,13.8,NA,NA,NA,-65.5334722222222,NA,47.982,NA,2018-06-17T15:02:03Z
COR180604,82,NA,NA,NA,1,1.852,1,NA,NA,-63.2485277777778,NA,46.6122222222222,NA,2018-06-19T15:36:49Z,NA
COR180604,82,NA,NA,NA,7,12.964,7,NA,NA,NA,-63.2487222222222,NA,46.6593888888889,NA,2018-06-19T15:56:57Z
COR180604,87,NA,NA,NA,12.9,23.890800000000002,12.9,NA,NA,-62.7258333333333,NA,46.5021666666667,NA,2018-06-20T14:40:35Z,NA
COR180604,87,NA,NA,NA,13.1,24.2612,13.1,NA,NA,NA,-62.2472222222222,NA,46.5595833333333,NA,2018-06-20T16:13:11Z
COR180604,92,NA,NA,NA,9.9,18.3348,9.9,NA,NA,-62.3413333333333,NA,45.8916944444444,NA,2018-06-21T12:14:44Z,NA
COR180604,92,NA,NA,NA,NA,NA,NA,NA,NA,NA,-62.4805555555556,NA,45.9474722222222,NA,2018-06-21T12:58:43Z
COR180604,101,NA,NA,NA,12.1,22.409200000000002,12.1,NA,NA,-60.7648888888889,NA,48.1686944444444,NA,2018-06-22T14:56:50Z,NA
COR180604,101,NA,NA,NA,9,16.668,9,NA,NA,NA,-61.1118888888889,NA,48.16825,NA,2018-06-22T16:32:28Z
COR191022,9,NA,NA,NA,11,20.372,11,NA,NA,-65.076082,NA,49.920217,NA,2019-10-25T12:23:34Z,NA
COR191022,9,NA,NA,NA,9,16.668,9,NA,NA,NA,-64.880623,NA,50.120093,NA,2019-10-25T13:54:12Z
COR191022,27,NA,NA,NA,11,20.372,11,NA,NA,-60.607465,NA,48.007696,NA,2019-10-29T14:55:10Z,NA
COR191022,27,NA,NA,NA,9.5,17.594,9.5,NA,NA,NA,-61.149327,NA,48.038334,NA,2019-10-29T17:00:58Z
COR240607,53,NA,NA,NA,8.3,15.371600000000003,8.3,NA,NA,-60.6728555,NA,47.01027283,NA,2024-06-13T19:17:00Z,NA
COR240607,53,NA,NA,NA,8,14.816,8,NA,NA,NA,-60.75821283,NA,46.94021533,NA,2024-06-13T19:55:00Z
DES070625,1,3.684561331289521,0.16666666666666666,22.107367987737128,NA,NA,NA,NA,NA,-67.5534210205078,-67.5110092163085,49.0654106140136,49.0834007263183,2007-06-25T14:33:00Z,2007-06-25T14:43:00Z
DES070625,2,40.01335470605821,1.9,21.059660371609585,NA,NA,NA,NA,NA,-67.2050704956054,-66.7165832519531,49.2097702026367,49.3762168884277,2007-06-25T15:54:00Z,2007-06-25T17:48:00Z
DES070625,3,16.24857025670161,0.7,23.212243223859442,NA,NA,NA,NA,NA,-66.3720474243164,-66.1646423339843,49.4720268249511,49.5282554626464,2007-06-25T19:00:00Z,2007-06-25T19:42:00Z
DES070625,4,30.427283622400168,1.2666666666666666,24.02153970189487,NA,NA,NA,NA,NA,-65.4586105346679,-65.0836868286132,49.6714935302734,49.7979469299316,2007-06-26T01:30:00Z,2007-06-26T02:46:00Z
DES070625,5,88.51777337617787,3.4166666666666665,25.907640988149623,NA,NA,NA,NA,NA,-60.4645309448242,-59.2302284240722,49.8906211853027,49.8939056396484,2007-06-26T15:49:00Z,2007-06-26T19:14:00Z
DES070625,6,27.501516210835156,1.05,26.191920200795387,NA,NA,NA,NA,NA,-58.8780097961425,-58.6083602905273,50.1088142395019,50.2855567932128,2007-06-26T20:39:00Z,2007-06-26T21:42:00Z
DES070625,7,22.080826301360794,0.8166666666666667,27.037746491462197,NA,NA,NA,NA,NA,-58.1712417602539,-57.9595108032226,50.5878944396972,50.7339439392089,2007-06-26T23:25:00Z,2007-06-27T00:14:00Z
DES070625,8,41.25873390585641,1.6,25.786708691160253,NA,NA,NA,NA,NA,-57.5088195800781,-57.0326881408691,51.0383262634277,51.2577781677246,2007-06-27T01:59:00Z,2007-06-27T03:35:00Z
DES070625,9,47.24733211071122,1.8666666666666667,25.311070773595297,NA,NA,NA,NA,NA,-55.2509498596191,-55.248291015625,53.0961112976074,53.5205383300781,2007-06-27T14:33:00Z,2007-06-27T16:25:00Z
DES070625,10,17.70078454819339,0.6833333333333333,25.903587143697642,NA,NA,NA,NA,NA,-55.2493095397949,-55.2526588439941,53.7778434753417,53.936840057373,2007-06-27T17:35:00Z,2007-06-27T18:16:00Z
DES070625,11,32.58669331117606,1.5166666666666666,21.48573185352268,NA,NA,NA,NA,NA,-55.2812194824218,-55.4538307189941,54.9758682250976,55.2514495849609,2007-06-27T22:44:00Z,2007-06-28T00:15:00Z
DES070625,12,17.078395028174484,0.6666666666666666,25.617592542261725,NA,NA,NA,NA,NA,-55.6471214294433,-55.78662109375,55.5558319091796,55.6874847412109,2007-06-28T02:01:00Z,2007-06-28T02:41:00Z
DES070625,13,3.965889898328704,0.16666666666666666,23.795339389972227,NA,NA,NA,NA,NA,-58.2250785827636,-58.2569885253906,58.2071723937988,58.2385864257812,2007-06-28T17:04:00Z,2007-06-28T17:14:00Z
DES070625,14,15.591901575896113,0.5833333333333334,26.72897413010762,NA,NA,NA,NA,NA,-60.2941703796386,-60.4214515686035,60.2846908569335,60.4098014831542,2007-06-29T03:14:00Z,2007-06-29T03:49:00Z
DES070625,15,5.253970048380574,0.16666666666666666,31.523820290283446,NA,NA,NA,NA,NA,-64.9782562255859,-64.9448013305664,60.6331405639648,60.6773986816406,2007-07-02T21:32:00Z,2007-07-02T21:42:00Z
DES070625,16,8.457989257986299,0.5,16.915978515972597,NA,NA,NA,NA,NA,-64.5575866699218,-64.443977355957,61.135570526123,61.1882019042968,2007-07-02T23:56:00Z,2007-07-03T00:26:00Z
DES070625,17,24.012378641226892,1.25,19.209902912981512,NA,NA,NA,NA,NA,-64.1850128173828,-64.1491394042968,61.2236518859863,61.4386711120605,2007-07-03T01:27:00Z,2007-07-03T02:42:00Z
DES070625,18,12.548349178190943,0.49972222222222223,25.110648716780098,NA,NA,NA,NA,NA,-64.1663360595703,-64.1730880737304,61.7281684875488,61.8408470153808,2007-07-03T04:00:01Z,2007-07-03T04:30:00Z
EAR170302,1,NA,NA,NA,14.6,27.0392,14.6,NA,NA,-69.4779444444444,NA,48.0823333333333,NA,2017-03-02T14:28:07Z,NA
EAR170302,1,NA,NA,NA,13.4,24.8168,13.4,NA,NA,NA,-69.3804444444444,NA,48.1580833333333,NA,2017-03-02T14:54:37Z
EAR170302,2,NA,NA,NA,9.5,17.594,9.5,NA,NA,NA,-67.6155,NA,48.9195277777778,NA,2017-03-03T16:58:08Z
EAR170302,4,NA,NA,NA,12.8,23.705600000000004,12.8,NA,NA,-67.2571388888889,NA,49.0945833333333,NA,2017-03-03T22:17:12Z,NA
EAR170302,4,NA,NA,NA,8.6,15.927200000000001,8.6,NA,NA,NA,-67.1948055555556,NA,49.1461666666667,NA,2017-03-03T22:35:59Z
EAR170302,5,NA,NA,NA,10.3,19.0756,10.3,NA,NA,NA,-66.2754166666667,NA,50.0319166666667,NA,2017-03-04T19:21:52Z
EAR170302,6,NA,NA,NA,13,24.076,13,NA,NA,NA,-65.8183888888889,NA,50.0431111111111,NA,2017-03-04T21:37:57Z
EAR170302,7,NA,NA,NA,12.8,23.705600000000004,12.8,NA,NA,NA,-65.2327777777778,NA,49.8177222222222,NA,2017-03-05T00:36:07Z
EAR170302,8,NA,NA,NA,12.6,23.3352,12.6,NA,NA,NA,-64.99675,NA,49.5948333333333,NA,2017-03-05T02:40:27Z
EAR170302,9,NA,NA,NA,13.4,24.8168,13.4,NA,NA,NA,-61.9072222222222,NA,49.7484444444444,NA,2017-03-05T13:04:23Z
EAR170302,10,NA,NA,NA,9.2,17.0384,9.2,NA,NA,NA,-61.8121944444444,NA,49.94925,NA,2017-03-05T15:05:18Z
EAR170302,11,NA,NA,NA,13.6,25.1872,13.6,NA,NA,NA,-61.42275,NA,49.949,NA,2017-03-05T16:47:15Z
EAR170302,12,NA,NA,NA,11.8,21.853600000000004,11.8,NA,NA,NA,-60.9333055555556,NA,49.9238333333333,NA,2017-03-05T18:13:42Z
EAR170302,13,NA,NA,NA,12.7,23.5204,12.7,NA,NA,NA,-59.9783333333333,NA,50.0390833333333,NA,2017-03-05T21:46:05Z
EAR170302,14,NA,NA,NA,10.4,19.260800000000003,10.4,NA,NA,NA,-56.9175,NA,51.3519166666667,NA,2017-03-06T20:59:00Z
EAR170302,15,NA,NA,NA,12.4,22.9648,12.4,NA,NA,NA,-59.1769722222222,NA,49.8358888888889,NA,2017-03-07T14:30:46Z
EAR170302,16,NA,NA,NA,11.4,21.1128,11.4,NA,NA,NA,-59.6195,NA,49.6823055555556,NA,2017-03-07T16:29:46Z
EAR170302,17,NA,NA,NA,12.3,22.779600000000002,12.3,NA,NA,NA,-59.3947222222222,NA,49.4425555555556,NA,2017-03-07T18:17:28Z
EAR170302,18,NA,NA,NA,10.3,19.0756,10.3,NA,NA,NA,-59.1113333333333,NA,49.12325,NA,2017-03-07T20:41:29Z
EAR170302,19,NA,NA,NA,13.7,25.3724,13.7,NA,NA,NA,-59.2244444444444,NA,48.9809444444444,NA,2017-03-07T21:47:20Z
EAR170302,20,NA,NA,NA,12.6,23.3352,12.6,NA,NA,NA,-61.5805833333333,NA,49.1029722222222,NA,2017-03-08T12:55:15Z
EAR170302,21,NA,NA,NA,12.9,23.890800000000002,12.9,NA,NA,NA,-61.7195277777778,NA,48.9035277777778,NA,2017-03-08T13:56:24Z
EAR170302,22,NA,NA,NA,12.8,23.705600000000004,12.8,NA,NA,NA,-62.1870555555556,NA,48.7833333333333,NA,2017-03-08T16:11:36Z
EAR170302,23,NA,NA,NA,12,22.224,12,NA,NA,NA,-62.3426666666667,NA,48.71875,NA,2017-03-08T16:45:01Z
EAR170302,24,NA,NA,NA,12.8,23.705600000000004,12.8,NA,NA,NA,-61.7479722222222,NA,48.5576666666667,NA,2017-03-08T19:53:06Z
EAR170302,25,NA,NA,NA,12.6,23.3352,12.6,NA,NA,NA,-61.7343611111111,NA,48.3678055555556,NA,2017-03-08T21:31:24Z
EAR170302,26,NA,NA,NA,12.6,23.3352,12.6,NA,NA,NA,-59.8944444444444,NA,47.6775,NA,2017-03-09T12:51:36Z
EAR170302,27,NA,NA,NA,11.8,21.853600000000004,11.8,NA,NA,NA,-60.2411388888889,NA,47.3928888888889,NA,2017-03-09T15:33:01Z
EAR170302,28,NA,NA,NA,12.4,22.9648,12.4,NA,NA,NA,-60.3828333333333,NA,47.2654166666667,NA,2017-03-09T16:48:23Z
EAR170302,29,NA,NA,NA,12.9,23.890800000000002,12.9,NA,NA,NA,-60.9968611111111,NA,46.7943888888889,NA,2017-03-09T20:45:21Z
EAR170302,30,NA,NA,NA,12.8,23.705600000000004,12.8,NA,NA,NA,-61.1966388888889,NA,46.8185,NA,2017-03-09T21:58:34Z
EAR170302,31,NA,NA,NA,5.3,9.8156,5.3,NA,NA,NA,-62.1163055555556,NA,47.1936111111111,NA,2017-03-10T15:31:32Z
EAR170302,32,NA,NA,NA,11.4,21.1128,11.4,NA,NA,NA,-62.8501388888889,NA,47.3590277777778,NA,2017-03-10T19:46:39Z
EAR170302,33,NA,NA,NA,12.1,22.409200000000002,12.1,NA,NA,NA,-63.1453888888889,NA,47.4781111111111,NA,2017-03-10T21:46:35Z
EAR170302,34,NA,NA,NA,12.9,23.890800000000002,12.9,NA,NA,NA,-63.3824166666667,NA,48.8741388888889,NA,2017-03-11T13:19:45Z
EAR170302,35,NA,NA,NA,12.8,23.705600000000004,12.8,NA,NA,NA,-63.3747777777778,NA,49.0358611111111,NA,2017-03-11T15:27:32Z
EAR170302,36,NA,NA,NA,11.3,20.9276,11.3,NA,NA,NA,-64.0010833333333,NA,48.9860555555556,NA,2017-03-11T18:34:21Z
EAR170302,37,NA,NA,NA,9.5,17.594,9.5,NA,NA,NA,-64.1178888888889,NA,48.9711666666667,NA,2017-03-11T18:58:35Z
EAR170302,38,NA,NA,NA,12.9,23.890800000000002,12.9,NA,NA,NA,-64.1286666666667,NA,48.70425,NA,2017-03-11T20:46:19Z
EAR170302,39,NA,NA,NA,8.6,15.927200000000001,8.6,NA,NA,NA,-64.1976111111111,NA,48.7263888888889,NA,2017-03-11T21:48:12Z
GOR140228,128,NA,NA,NA,8.8,16.297600000000003,8.8,NA,NA,-70.24016667,NA,41.84847222,NA,2014-03-08T22:05:19Z,NA
GOR140228,128,NA,NA,NA,5.7,10.5564,5.7,NA,NA,NA,-70.45341667,NA,41.79519444,NA,2014-03-08T23:42:29Z
HUD061028,4,NA,NA,NA,13.5,25.002000000000002,13.5,NA,NA,-59.8166656494141,NA,46.5666656494141,NA,2006-10-28T22:09:00Z,NA
HUD061028,4,NA,NA,NA,13,24.076,13,NA,NA,NA,-60.0166664123535,NA,46.7666664123535,NA,2006-10-28T23:19:00Z
HUD061028,11,NA,NA,NA,10,18.52,10,NA,NA,-69.2587585449219,NA,48.286018371582,NA,2006-10-31T19:20:00Z,NA
HUD061028,11,NA,NA,NA,7,12.964,7,NA,NA,NA,-69.244743347168,NA,48.2849807739258,NA,2006-10-31T19:42:00Z
HUD061028,21,NA,NA,NA,12,22.224,12,NA,NA,-67.7250518798828,NA,48.9944000244141,NA,2006-11-02T19:55:00Z,NA
HUD061028,21,NA,NA,NA,7,12.964,7,NA,NA,NA,-67.6472625732422,NA,48.8953285217285,NA,2006-11-02T20:35:00Z
HUD061028,24,NA,NA,NA,10,18.52,10,NA,NA,-66.5612182617188,NA,49.239990234375,NA,2006-11-03T22:01:00Z,NA
HUD061028,24,NA,NA,NA,12,22.224,12,NA,NA,NA,-66.5902709960938,NA,49.2681617736816,NA,2006-11-03T22:11:00Z
HUD061028,29,NA,NA,NA,17,31.484,17,NA,NA,-64.7336502075195,NA,49.2025108337402,NA,2006-11-05T16:40:00Z,NA
HUD061028,29,NA,NA,NA,10,18.52,10,NA,NA,NA,-63.9414596557617,NA,49.1631813049316,NA,2006-11-05T19:20:00Z
HUD061028,31,NA,NA,NA,11,20.372,11,NA,NA,-63.3584594726562,NA,49.0207405090332,NA,2006-11-05T22:30:00Z,NA
HUD061028,31,NA,NA,NA,7,12.964,7,NA,NA,NA,-63.1300201416016,NA,48.9589805603027,NA,2006-11-05T23:33:00Z
HUD061028,36,NA,NA,NA,13,24.076,13,NA,NA,-61.7467918395996,NA,47.0002288818359,NA,2006-11-06T23:52:00Z,NA
HUD061028,36,NA,NA,NA,14,25.928,14,NA,NA,NA,-61.643180847168,NA,46.9580383300781,NA,2006-11-07T00:14:00Z
HUD061028,44,NA,NA,NA,15,27.78,15,NA,NA,-56.8907699584961,NA,51.3488693237305,NA,2006-11-10T16:52:00Z,NA
HUD061028,44,NA,NA,NA,11,20.372,11,NA,NA,NA,-57.4491081237793,NA,51.2447395324707,NA,2006-11-10T18:32:00Z
HUD081026,1,NA,NA,NA,13.6,25.1872,13.6,NA,NA,-59.55107,NA,46.34235,NA,2008-10-26T12:07:00Z,NA
HUD081026,1,NA,NA,NA,13.3,24.631600000000002,13.3,NA,NA,NA,-59.5502333333333,NA,46.4918,NA,2008-10-26T12:48:00Z
HUD081026,9,NA,NA,NA,10,18.52,10,NA,NA,-66.8208666666667,NA,49.5096,NA,2008-10-29T15:58:00Z,NA
HUD081026,9,NA,NA,NA,12.6,23.3352,12.6,NA,NA,NA,-66.74725,NA,49.4312833333333,NA,2008-10-29T17:53:00Z
HUD081026,14,NA,NA,NA,13.5,25.002000000000002,13.5,NA,NA,-67.8486333333333,NA,49.0913833333333,NA,2008-10-30T14:55:00Z,NA
HUD081026,14,NA,NA,NA,12.8,23.705600000000004,12.8,NA,NA,NA,-67.7438,NA,49.0275166666667,NA,2008-10-30T15:21:00Z
HUD081026,19,NA,NA,NA,12.3,22.779600000000002,12.3,NA,NA,-68.5402333333333,NA,48.6707,NA,2008-10-31T14:43:00Z,NA
HUD081026,19,NA,NA,NA,13.2,24.4464,13.2,NA,NA,NA,-68.54635,NA,48.6311666666667,NA,2008-10-31T15:25:00Z
HUD081026,22,NA,NA,NA,8,14.816,8,NA,NA,-69.4059333333333,NA,48.2801166666667,NA,2008-11-01T17:10:00Z,NA
HUD081026,22,NA,NA,NA,13,24.076,13,NA,NA,NA,-69.3668833333333,NA,48.3228,NA,2008-11-01T17:26:00Z
HUD081026,23,NA,NA,NA,13,24.076,13,NA,NA,-69.3364,NA,48.3539833333333,NA,2008-11-01T18:34:00Z,NA
HUD081026,23,NA,NA,NA,13.3,24.631600000000002,13.3,NA,NA,NA,-69.3129666666667,NA,48.3243833333333,NA,2008-11-01T18:49:00Z
HUD081026,26,NA,NA,NA,13.9,25.742800000000003,13.9,NA,NA,-68.30755,NA,48.6910666666667,NA,2008-11-02T12:17:00Z,NA
HUD081026,26,NA,NA,NA,13.5,25.002000000000002,13.5,NA,NA,NA,-68.1245666666667,NA,48.7409166666667,NA,2008-11-02T12:52:00Z
HUD081026,43,NA,NA,NA,13.1,24.2612,13.1,NA,NA,-63.8512166666667,NA,49.1581166666667,NA,2008-11-06T18:52:00Z,NA
HUD081026,43,NA,NA,NA,12.9,23.890800000000002,12.9,NA,NA,NA,-63.55845,NA,49.0742,NA,2008-11-06T19:50:00Z
HUD081026,46,NA,NA,NA,12.1,22.409200000000002,12.1,NA,NA,-63.2593,NA,47.49435,NA,2008-11-07T15:27:00Z,NA
HUD081026,46,NA,NA,NA,12,22.224,12,NA,NA,NA,-62.9191666666667,NA,47.3860833333333,NA,2008-11-07T16:44:00Z
HUD081026,51,NA,NA,NA,12.3,22.779600000000002,12.3,NA,NA,-61.1197166666667,NA,48.6541333333333,NA,2008-11-09T18:50:00Z,NA
HUD081026,51,NA,NA,NA,12,22.224,12,NA,NA,NA,-60.9806333333333,NA,48.7625833333333,NA,2008-11-09T20:31:00Z
HUD081026,56,NA,NA,NA,11.4,21.1128,11.4,NA,NA,-57.0187166666667,NA,51.31255,NA,2008-11-11T12:25:00Z,NA
HUD081026,56,NA,NA,NA,12.8,23.705600000000004,12.8,NA,NA,NA,-56.6632,NA,51.4811833333333,NA,2008-11-11T13:55:00Z
HUD081026,64,NA,NA,NA,12.9,23.890800000000002,12.9,NA,NA,-66.2490333333333,NA,49.7086833333333,NA,2008-11-13T13:53:00Z,NA
HUD081026,64,NA,NA,NA,13.4,24.8168,13.4,NA,NA,NA,-66.2063,NA,49.3294166666667,NA,2008-11-13T15:39:00Z
HUD091025,14202,NA,NA,NA,10,18.52,10,NA,NA,-67.3317777777778,NA,49.2741111111111,NA,2009-10-29T17:08:40Z,NA
HUD091025,14202,NA,NA,NA,4.4,8.148800000000001,4.4,NA,NA,NA,-67.2825833333333,NA,49.2577777777778,NA,2009-10-29T17:23:51Z
HUD091025,14210,NA,NA,NA,7.1,13.1492,7.1,NA,NA,-66.8766944444444,NA,49.6067222222222,NA,2009-10-30T12:00:58Z,NA
HUD091025,14210,NA,NA,NA,12.8,23.705600000000004,12.8,NA,NA,NA,-66.7989444444444,NA,49.4901944444444,NA,2009-10-30T12:37:06Z
HUD091025,14225,NA,NA,NA,8.6,15.927200000000001,8.6,NA,NA,-66.5638055555555,NA,49.234,NA,2009-10-30T19:24:59Z,NA
HUD091025,14225,NA,NA,NA,7,12.964,7,NA,NA,NA,-66.4957222222222,NA,49.1518888888889,NA,2009-10-30T20:01:11Z
HUD091025,14231,NA,NA,NA,7.1,13.1492,7.1,NA,NA,-68.6123055555556,NA,48.6593333333333,NA,2009-11-03T17:25:13Z,NA
HUD091025,14231,NA,NA,NA,4.9,9.074800000000002,4.9,NA,NA,NA,-68.6282222222222,NA,48.7069444444444,NA,2009-11-03T17:43:25Z
HUD091025,14236,NA,NA,NA,7.9,14.6308,7.9,NA,NA,-68.6415,NA,48.7119166666667,NA,2009-11-03T19:01:17Z,NA
HUD091025,14236,NA,NA,NA,6.3,11.6676,6.3,NA,NA,NA,-68.6679722222222,NA,48.7479166666667,NA,2009-11-03T19:15:41Z
HUD091025,14240,NA,NA,NA,2.3,4.2596,2.3,NA,NA,-68.6437222222222,NA,48.7520555555556,NA,2009-11-03T20:59:18Z,NA
HUD091025,14240,NA,NA,NA,11,20.372,11,NA,NA,NA,-68.7046666666667,NA,48.7846388888889,NA,2009-11-03T21:28:57Z
HUD091025,14244,NA,NA,NA,14.7,27.2244,14.7,NA,NA,-66.9275833333333,NA,49.2314722222222,NA,2009-11-04T11:30:52Z,NA
HUD091025,14244,NA,NA,NA,7.4,13.7048,7.4,NA,NA,NA,-66.7764722222222,NA,49.2736666666667,NA,2009-11-04T12:00:38Z
HUD091025,14248,NA,NA,NA,12.2,22.5944,12.2,NA,NA,-66.7539722222222,NA,49.2858055555556,NA,2009-11-04T12:56:38Z,NA
HUD091025,14248,NA,NA,NA,7,12.964,7,NA,NA,NA,-66.9175277777778,NA,49.814,NA,2009-11-04T16:08:06Z
HUD091025,14259,NA,NA,NA,6.3,11.6676,6.3,NA,NA,-66.1483333333333,NA,49.2492222222222,NA,2009-11-05T11:53:22Z,NA
HUD091025,14259,NA,NA,NA,5.3,9.8156,5.3,NA,NA,NA,-66.1929444444444,NA,49.2262777777778,NA,2009-11-05T12:14:04Z
HUD091025,14329,NA,NA,NA,13.9,25.742800000000003,13.9,NA,NA,-59.49675,NA,50.1159444444444,NA,2009-11-11T16:16:31Z,NA
HUD091025,14329,NA,NA,NA,12.2,22.5944,12.2,NA,NA,NA,-58.4853333333333,NA,50.2128333333333,NA,2009-11-11T19:17:19Z
HUD101107,20017,8.637051086251207,0.4052777777777778,21.31143516826891,NA,NA,NA,NA,NA,-62.1644444444444,-62.0948333333333,43.2309166666667,43.1722222222222,2010-11-07T21:18:36Z,2010-11-07T21:42:55Z
HUD101107,20020,18.24091446879315,0.8527777777777777,21.38999742268904,NA,NA,NA,NA,NA,-62.0730277777778,-61.9449166666667,43.1581388888889,43.0236111111111,2010-11-07T22:46:20Z,2010-11-07T23:37:30Z
HUD101107,20026,7.823570160168469,0.3005555555555556,26.030362824959784,NA,NA,NA,NA,NA,-61.0000277777778,-60.9991944444444,44.0552222222222,44.1255,2010-11-08T16:22:01Z,2010-11-08T16:40:03Z
HUD101107,20029,96.97201577826782,3.839166666666667,25.258610578233423,NA,NA,NA,NA,NA,-60.9969722222222,-60.3975,44.1282777777778,44.8872777777778,2010-11-08T16:40:53Z,2010-11-08T20:31:14Z
HUD101107,20032,44.33717505007746,2.102222222222222,21.09062238111507,NA,NA,NA,NA,NA,-60.2789166666667,-59.9999444444444,45.0356666666667,45.3820833333333,2010-11-08T21:18:06Z,2010-11-08T23:24:14Z
HUD101107,20039,6.072217747073305,0.2675,22.69987942831142,NA,NA,NA,NA,NA,-59.9958333333333,-59.9310833333333,45.3838055555556,45.4139444444444,2010-11-08T23:25:14Z,2010-11-08T23:41:17Z
HUD101107,20042,5.51031522134757,0.24305555555555555,22.67101119640143,NA,NA,NA,NA,NA,-59.9308611111111,-59.9308888888889,45.4196944444444,45.4691944444444,2010-11-08T23:43:08Z,2010-11-08T23:57:43Z
HUD101107,20045,40.82867277738206,1.718888888888889,23.75294473150863,NA,NA,NA,NA,NA,-59.9285,-59.6699444444444,45.4718333333333,45.7909444444444,2010-11-08T23:58:43Z,2010-11-09T01:41:51Z
HUD101107,20048,22.983147421636772,0.9358333333333333,24.559017725702695,NA,NA,NA,NA,NA,-59.7731388888889,-59.9915555555556,47.2488055555556,47.1053333333333,2010-11-09T17:52:09Z,2010-11-09T18:48:18Z
HUD101107,20053,10.80119363860557,0.44166666666666665,24.45553276665412,NA,NA,NA,NA,NA,-60.0192777777778,-60.1149444444444,47.1004166666667,47.0285277777778,2010-11-09T20:24:09Z,2010-11-09T20:50:39Z
HUD101107,20056,NA,NA,NA,NA,NA,NA,NA,NA,-60.1285833333333,NA,47.0185,NA,2010-11-09T21:38:21Z,NA
HUD101107,20056,NA,NA,NA,7,12.964,7,NA,NA,NA,-60.1106388888889,NA,46.9486111111111,NA,2010-11-09T22:13:00Z
HUD101107,20071,6.832261068190521,0.4072222222222222,16.777721586279586,NA,NA,NA,NA,NA,-60.1136666666667,-60.1917777777778,46.9482777777778,46.9786944444444,2010-11-09T23:09:49Z,2010-11-09T23:34:15Z
HUD101107,20079,2.083051215445841,0.11361111111111111,18.334925123728674,NA,NA,NA,NA,NA,-60.1963055555556,-60.2151666666667,46.9773055555556,46.9637222222222,2010-11-09T23:35:39Z,2010-11-09T23:42:28Z
HUD101107,20085,7.465230896420047,0.45861111111111114,16.277911100613064,NA,NA,NA,NA,NA,-60.21275,-60.2525,46.9504166666667,47.01175,2010-11-10T00:29:12Z,2010-11-10T00:56:43Z
HUD101107,20093,8.057167668239579,0.40944444444444444,19.67829281252543,NA,NA,NA,NA,NA,-60.25525,-60.3074722222222,47.0164166666667,47.0794444444444,2010-11-10T00:59:53Z,2010-11-10T01:24:27Z
HUD101107,20099,6.3609174146092355,0.27194444444444443,23.390503261075843,NA,NA,NA,NA,NA,-60.3145,-60.3966111111111,47.0812222222222,47.0930277777778,2010-11-10T01:25:58Z,2010-11-10T01:42:17Z
HUD101107,20109,14.749125987909194,0.5972222222222222,24.696210956499115,NA,NA,NA,NA,NA,-63.2730833333333,-63.469,47.4888333333333,47.4943055555556,2010-11-10T18:44:15Z,2010-11-10T19:20:05Z
HUD101107,20115,4.04339536564135,0.16194444444444445,24.96779299538398,NA,NA,NA,NA,NA,-63.804,-63.8579166666667,47.6543055555556,47.6548611111111,2010-11-10T21:48:15Z,2010-11-10T21:57:58Z
HUD101107,20121,9.29611477490207,0.4211111111111111,22.07520658947721,NA,NA,NA,NA,NA,-63.8629722222222,-63.8977222222222,47.6598333333333,47.74,2010-11-10T21:59:52Z,2010-11-10T22:25:08Z
HUD101107,20127,6.28044885257503,0.2586111111111111,24.285301685574765,NA,NA,NA,NA,NA,-63.9036111111111,-63.9871388888889,47.7409444444444,47.74625,2010-11-10T22:26:26Z,2010-11-10T22:41:57Z
HUD101107,20133,8.998759109941673,0.37027777777777776,24.30272527816206,NA,NA,NA,NA,NA,-64.0196111111111,-64.1398055555556,47.7355277777778,47.7356666666667,2010-11-10T23:20:44Z,2010-11-10T23:42:57Z
HUD101107,20139,10.38245017409109,0.4686111111111111,22.15579171708828,NA,NA,NA,NA,NA,-64.1451944444445,-64.1849444444445,47.74025,47.8296111111111,2010-11-10T23:44:47Z,2010-11-11T00:12:54Z
HUD101107,20145,4.019185140620836,0.17444444444444446,23.039914818845556,NA,NA,NA,NA,NA,-64.191,-64.2446388888889,47.8303333333333,47.8329722222222,2010-11-11T00:14:12Z,2010-11-11T00:24:40Z
HUD101107,20150,40.78248348541142,1.7716666666666667,23.01927572083429,NA,NA,NA,NA,NA,-64.7971388888889,-65.3289722222222,49.2162222222222,49.3337777777778,2010-11-11T18:42:13Z,2010-11-11T20:28:31Z
HUD101107,20153,55.19816883185919,2.512777777777778,21.966991796892888,NA,NA,NA,NA,NA,-65.4426111111111,-66.1933611111111,49.321,49.2433611111111,2010-11-11T20:50:30Z,2010-11-11T23:21:16Z
HUD101107,20157,15.909168917622258,0.6547222222222222,24.29911247494278,NA,NA,NA,NA,NA,-66.1916388888889,-66.2167777777778,49.2555555555556,49.3975277777778,2010-11-12T00:08:53Z,2010-11-12T00:48:10Z
HUD101107,20160,8.306121660363893,0.335,24.794393016011618,NA,NA,NA,NA,NA,-66.2124722222222,-66.2254166666667,49.4026944444444,49.4768333333333,2010-11-12T01:47:44Z,2010-11-12T02:07:50Z
HUD101107,20166,28.765844661676944,1.193888888888889,24.09423936296812,NA,NA,NA,NA,NA,-68.3561388888889,-68.74825,48.8141111111111,48.825,2010-11-12T16:52:20Z,2010-11-12T18:03:58Z
HUD101107,20170,2.413977200535917,0.155,15.57404645507043,NA,NA,NA,NA,NA,-68.7305555555556,-68.7094444444444,48.8051388888889,48.7885,2010-11-12T18:50:02Z,2010-11-12T18:59:20Z
HUD101107,20175,3.7293945007427673,0.335,11.132520897739603,NA,NA,NA,NA,NA,-68.7003055555556,-68.6679444444444,48.7778333333333,48.752,2010-11-12T19:57:20Z,2010-11-12T20:17:26Z
HUD101107,20179,3.892056157343152,0.2125,18.315558387497187,NA,NA,NA,NA,NA,-68.6566666666667,-68.6350277777778,48.7448055555556,48.7128888888889,2010-11-12T21:20:17Z,2010-11-12T21:33:02Z
HUD101107,20184,NA,NA,NA,11,20.372,11,NA,NA,-68.6349166666667,NA,48.7126111111111,NA,2010-11-12T21:33:16Z,NA
HUD101107,20184,NA,NA,NA,NA,NA,NA,NA,NA,NA,-68.5835277777778,NA,48.6673055555556,NA,2010-11-12T23:46:05Z
HUD101107,20188,4.13587618989929,0.21055555555555555,19.642683751500584,NA,NA,NA,NA,NA,-68.5679444444444,-68.5469722222222,48.6602222222222,48.62575,2010-11-13T01:07:20Z,2010-11-13T01:19:58Z
HUD101107,20224,NA,NA,NA,13.6,25.1872,13.6,NA,NA,-60.5415277777778,NA,49.0351388888889,NA,2010-11-15T16:20:34Z,NA
HUD101107,20224,NA,NA,NA,NA,NA,NA,NA,NA,NA,-60.9651944444444,NA,48.796,NA,2010-11-15T17:57:26Z
HUD101107,20226,NA,NA,NA,13,24.076,13,NA,NA,-60.9808333333333,NA,48.7883055555556,NA,2010-11-15T18:51:45Z,NA
HUD101107,20226,NA,NA,NA,NA,NA,NA,NA,NA,NA,-61.1452222222222,NA,48.6343055555556,NA,2010-11-15T19:36:11Z
HUD101107,20228,18.76609906479556,0.7577777777777778,24.76464685970089,NA,NA,NA,NA,NA,-61.1430277777778,-61.2971111111111,48.6361666666667,48.5019166666667,2010-11-15T20:42:03Z,2010-11-15T21:27:31Z
HUD101107,20232,NA,NA,NA,12.9,23.890800000000002,12.9,NA,NA,-61.3046944444444,NA,48.4911388888889,NA,2010-11-15T22:33:59Z,NA
HUD101107,20232,NA,NA,NA,NA,NA,NA,NA,NA,NA,-61.44775,NA,48.3582222222222,NA,2010-11-15T23:19:28Z
HUD101107,20235,NA,NA,NA,12.9,23.890800000000002,12.9,NA,NA,-61.4549444444445,NA,48.3489444444444,NA,2010-11-16T00:21:40Z,NA
HUD101107,20235,NA,NA,NA,NA,NA,NA,NA,NA,NA,-61.6077222222222,NA,48.2123888888889,NA,2010-11-16T01:08:26Z
HUD111102,1,NA,NA,NA,13.1,24.2612,13.1,NA,NA,-64.2914166666667,NA,47.9749166666667,NA,2011-11-02T17:12:39Z,NA
HUD111102,1,NA,NA,NA,12.6,23.3352,12.6,NA,NA,NA,-64.2545277777778,NA,47.8340833333333,NA,2011-11-02T17:55:36Z
HUD111102,2,NA,NA,NA,12.6,23.3352,12.6,NA,NA,-64.1455,NA,47.7961666666667,NA,2011-11-02T19:12:06Z,NA
HUD111102,2,NA,NA,NA,12.7,23.5204,12.7,NA,NA,NA,-64.104,NA,47.7810555555556,NA,2011-11-02T19:25:55Z
HUD111102,5,NA,NA,NA,12.7,23.5204,12.7,NA,NA,-63.6884722222222,NA,47.6466111111111,NA,2011-11-02T22:32:46Z,NA
HUD111102,5,NA,NA,NA,12.5,23.150000000000002,12.5,NA,NA,NA,-63.4746388888889,NA,47.5705,NA,2011-11-02T23:21:56Z
HUD111102,6,NA,NA,NA,12.5,23.150000000000002,12.5,NA,NA,-63.3532777777778,NA,47.5255277777778,NA,2011-11-02T23:56:33Z,NA
HUD111102,6,NA,NA,NA,12.2,22.5944,12.2,NA,NA,NA,-63.2830277777778,NA,47.5050833333333,NA,2011-11-03T00:11:58Z
HUD111102,7,NA,NA,NA,13.5,25.002000000000002,13.5,NA,NA,-60.7892777777778,NA,46.9456666666667,NA,2011-11-03T15:05:33Z,NA
HUD111102,7,NA,NA,NA,12.9,23.890800000000002,12.9,NA,NA,NA,-60.6288888888889,NA,47.0893611111111,NA,2011-11-03T15:53:17Z
HUD111102,8,NA,NA,NA,14,25.928,14,NA,NA,-60.2649166666667,NA,47.0455833333333,NA,2011-11-03T17:04:08Z,NA
HUD111102,8,NA,NA,NA,12,22.224,12,NA,NA,NA,-60.2204444444444,NA,46.9651666666667,NA,2011-11-03T17:27:59Z
HUD111102,9,NA,NA,NA,13.5,25.002000000000002,13.5,NA,NA,-60.0715277777778,NA,47.0530277777778,NA,2011-11-03T20:08:47Z,NA
HUD111102,9,NA,NA,NA,12.5,23.150000000000002,12.5,NA,NA,NA,-59.9951666666667,NA,47.0986111111111,NA,2011-11-03T20:29:23Z
HUD111102,11,NA,NA,NA,12.5,23.150000000000002,12.5,NA,NA,-59.7590277777778,NA,47.291,NA,2011-11-04T00:20:16Z,NA
HUD111102,11,NA,NA,NA,12,22.224,12,NA,NA,NA,-59.7355,NA,47.3076944444444,NA,2011-11-04T00:28:24Z
HUD111102,12,NA,NA,NA,11.5,21.298000000000002,11.5,NA,NA,-60.7146666666667,NA,48.3171388888889,NA,2011-11-04T15:04:34Z,NA
HUD111102,12,NA,NA,NA,11.8,21.853600000000004,11.8,NA,NA,NA,-60.8057222222222,NA,48.2635277777778,NA,2011-11-04T15:32:30Z
HUD111102,13,NA,NA,NA,11.8,21.853600000000004,11.8,NA,NA,-60.8250555555556,NA,48.25175,NA,2011-11-04T15:36:57Z,NA
HUD111102,13,NA,NA,NA,NA,NA,NA,NA,NA,NA,-61.1489166666667,NA,48.0436944444444,NA,2011-11-04T17:08:10Z
HUD111102,14,NA,NA,NA,NA,NA,NA,NA,NA,-61.4374722222222,NA,48.1408611111111,NA,2011-11-04T19:09:09Z,NA
HUD111102,14,NA,NA,NA,11.4,21.1128,11.4,NA,NA,NA,-61.5889722222222,NA,48.2012777777778,NA,2011-11-04T19:48:34Z
HUD111102,15,NA,NA,NA,11.4,21.1128,11.4,NA,NA,-61.5636944444444,NA,48.23975,NA,2011-11-04T21:19:07Z,NA
HUD111102,15,NA,NA,NA,11.9,22.038800000000002,11.9,NA,NA,NA,-61.4552777777778,NA,48.3541944444444,NA,2011-11-04T22:02:03Z
HUD111102,16,NA,NA,NA,11.9,22.038800000000002,11.9,NA,NA,-61.4288333333333,NA,48.3701111111111,NA,2011-11-04T23:32:03Z,NA
HUD111102,16,NA,NA,NA,11.5,21.298000000000002,11.5,NA,NA,NA,-61.3295,NA,48.4769166666667,NA,2011-11-05T00:12:54Z
HUD111102,17,NA,NA,NA,10.5,19.446,10.5,NA,NA,-60.1743611111111,NA,49.2544444444444,NA,2011-11-05T14:45:06Z,NA
HUD111102,17,NA,NA,NA,10.9,20.1868,10.9,NA,NA,NA,-59.8405833333333,NA,49.5278055555556,NA,2011-11-05T17:01:31Z
HUD111102,18,NA,NA,NA,10.9,20.1868,10.9,NA,NA,-59.7913611111111,NA,49.5733333333333,NA,2011-11-05T17:18:28Z,NA
HUD111102,18,NA,NA,NA,10.5,19.446,10.5,NA,NA,NA,-59.5603888888889,NA,49.7615277777778,NA,2011-11-05T18:34:08Z
HUD111102,19,NA,NA,NA,11.6,21.4832,11.6,NA,NA,-59.2679166666667,NA,49.2951666666667,NA,2011-11-06T18:08:19Z,NA
HUD111102,19,NA,NA,NA,10.4,19.260800000000003,10.4,NA,NA,NA,-59.47225,NA,49.2802222222222,NA,2011-11-06T19:00:15Z
HUD111102,20,NA,NA,NA,10.4,19.260800000000003,10.4,NA,NA,-59.5063333333333,NA,49.2852222222222,NA,2011-11-06T19:24:35Z,NA
HUD111102,20,NA,NA,NA,10.5,19.446,10.5,NA,NA,NA,-59.6405833333333,NA,49.2764722222222,NA,2011-11-06T19:57:23Z
HUD111102,21,NA,NA,NA,10.5,19.446,10.5,NA,NA,-59.68775,NA,49.2865277777778,NA,2011-11-06T21:04:53Z,NA
HUD111102,21,NA,NA,NA,8.4,15.5568,8.4,NA,NA,NA,-60.1011111111111,NA,49.359,NA,2011-11-06T23:01:46Z
HUD111102,24,NA,NA,NA,12.6,23.3352,12.6,NA,NA,-62.77275,NA,49.8031666666667,NA,2011-11-07T18:39:28Z,NA
HUD111102,24,NA,NA,NA,13.1,24.2612,13.1,NA,NA,NA,-62.927,NA,49.8217777777778,NA,2011-11-07T19:09:03Z
HUD111102,25,NA,NA,NA,13.1,24.2612,13.1,NA,NA,-63.0228888888889,NA,49.8450555555556,NA,2011-11-07T20:07:54Z,NA
HUD111102,25,NA,NA,NA,13,24.076,13,NA,NA,NA,-63.1418333333333,NA,49.8681944444444,NA,2011-11-07T20:30:38Z
HUD111102,26,NA,NA,NA,13,24.076,13,NA,NA,-63.4106944444444,NA,49.9165555555556,NA,2011-11-07T21:20:06Z,NA
HUD111102,26,NA,NA,NA,NA,NA,NA,NA,NA,NA,-64.0616944444444,NA,50.0407777777778,NA,2011-11-07T23:27:14Z
HUD111102,27,NA,NA,NA,13,24.076,13,NA,NA,-64.0848611111111,NA,50.0369722222222,NA,2011-11-08T00:04:37Z,NA
HUD111102,27,NA,NA,NA,11.3,20.9276,11.3,NA,NA,NA,-64.4590277777778,NA,49.9483888888889,NA,2011-11-08T01:21:17Z
HUD111102,28,NA,NA,NA,10.5,19.446,10.5,NA,NA,-66.1727777777778,NA,49.2696944444444,NA,2011-11-08T18:36:37Z,NA
HUD111102,28,NA,NA,NA,13.7,25.3724,13.7,NA,NA,NA,-66.2099166666667,NA,49.3778333333333,NA,2011-11-08T19:06:47Z
HUD111102,29,NA,NA,NA,13.7,25.3724,13.7,NA,NA,-66.2202777777778,NA,49.4895277777778,NA,2011-11-08T20:48:19Z,NA
HUD111102,29,NA,NA,NA,13.5,25.002000000000002,13.5,NA,NA,NA,-66.2295277777778,NA,49.5407777777778,NA,2011-11-08T21:03:36Z
HUD111102,30,NA,NA,NA,13.5,25.002000000000002,13.5,NA,NA,-66.2335277777778,NA,49.5733055555556,NA,2011-11-08T22:30:58Z,NA
HUD111102,30,NA,NA,NA,13.4,24.8168,13.4,NA,NA,NA,-66.24925,NA,49.7086944444444,NA,2011-11-08T23:08:49Z
HUD111102,31,NA,NA,NA,13.4,24.8168,13.4,NA,NA,-66.2470833333333,NA,49.7280833333333,NA,2011-11-09T00:30:17Z,NA
HUD111102,31,NA,NA,NA,12.3,22.779600000000002,12.3,NA,NA,NA,-66.2659166666667,NA,49.8755555555556,NA,2011-11-09T01:13:13Z
HUD111102,32,NA,NA,NA,10.1,18.7052,10.1,NA,NA,-68.3251388888889,NA,48.8954444444444,NA,2011-11-09T16:42:38Z,NA
HUD111102,32,NA,NA,NA,12.6,23.3352,12.6,NA,NA,NA,-68.1884722222222,NA,48.6805277777778,NA,2011-11-09T19:23:34Z
HUD121030,1,NA,NA,NA,14,25.928,14,NA,NA,-66.0425277777778,NA,49.3109166666667,NA,2012-10-30T20:29:03Z,NA
HUD121030,1,NA,NA,NA,6,11.112,6,NA,NA,NA,-66.1995555555556,NA,49.2411944444444,NA,2012-10-30T21:09:32Z
HUD121030,2,NA,NA,NA,14,25.928,14,NA,NA,-66.1970555555556,NA,49.3380833333333,NA,2012-10-30T22:37:27Z,NA
HUD121030,2,NA,NA,NA,5,9.26,5,NA,NA,NA,-66.2139444444445,NA,49.3999444444444,NA,2012-10-30T22:58:44Z
HUD121030,5,NA,NA,NA,16,29.632,16,NA,NA,-67.7099444444444,NA,49.2341388888889,NA,2012-10-31T22:56:14Z,NA
HUD121030,5,NA,NA,NA,2,3.704,2,NA,NA,NA,-67.9531666666667,NA,49.1714444444444,NA,2012-11-01T00:05:03Z
HUD121030,10,NA,NA,NA,14,25.928,14,NA,NA,-68.5731666666667,NA,48.5508611111111,NA,2012-11-01T22:44:22Z,NA
HUD121030,10,NA,NA,NA,6,11.112,6,NA,NA,NA,-68.9481666666667,NA,48.4604444444444,NA,2012-11-02T00:20:43Z
HUD121030,12,NA,NA,NA,15,27.78,15,NA,NA,-68.1161388888889,NA,48.7714722222222,NA,2012-11-02T20:29:03Z,NA
HUD121030,12,NA,NA,NA,2,3.704,2,NA,NA,NA,-68.0851388888889,NA,48.7814444444444,NA,2012-11-02T20:41:17Z
HUD121030,14,NA,NA,NA,15,27.78,15,NA,NA,-67.792,NA,48.993,NA,2012-11-02T23:47:30Z,NA
HUD121030,14,NA,NA,NA,2,3.704,2,NA,NA,NA,-67.63625,NA,48.8909444444444,NA,2012-11-03T00:29:49Z
HUD121030,15,NA,NA,NA,14,25.928,14,NA,NA,-64.1473888888889,NA,49.256,NA,2012-11-03T14:45:25Z,NA
HUD121030,15,NA,NA,NA,5,9.26,5,NA,NA,NA,-63.8667777777778,NA,49.1586944444444,NA,2012-11-03T15:44:13Z
HUD121030,16,NA,NA,NA,14,25.928,14,NA,NA,-63.8554444444444,NA,49.1550277777778,NA,2012-11-03T17:01:35Z,NA
HUD121030,16,NA,NA,NA,2,3.704,2,NA,NA,NA,-63.0676111111111,NA,48.9420833333333,NA,2012-11-03T19:22:18Z
HUD121030,17,NA,NA,NA,14,25.928,14,NA,NA,-63.0468611111111,NA,48.9339444444444,NA,2012-11-03T20:44:27Z,NA
HUD121030,17,NA,NA,NA,12,22.224,12,NA,NA,NA,-62.2823888888889,NA,48.7138888888889,NA,2012-11-03T23:21:17Z
HUD121030,18,NA,NA,NA,10,18.52,10,NA,NA,-62.2948055555556,NA,48.7031111111111,NA,2012-11-03T23:48:55Z,NA
HUD121030,18,NA,NA,NA,2,3.704,2,NA,NA,NA,-62.3168888888889,NA,48.6834722222222,NA,2012-11-04T00:00:11Z
HUD121030,19,NA,NA,NA,14,25.928,14,NA,NA,-64.2609444444444,NA,47.9876111111111,NA,2012-11-04T15:58:56Z,NA
HUD121030,19,NA,NA,NA,3,5.556,3,NA,NA,NA,-64.2499444444445,NA,47.8333055555556,NA,2012-11-04T16:42:10Z
HUD121030,20,NA,NA,NA,14,25.928,14,NA,NA,-64.2261666666667,NA,47.8370555555556,NA,2012-11-04T17:31:29Z,NA
HUD121030,20,NA,NA,NA,12,22.224,12,NA,NA,NA,-64.0334722222222,NA,47.7836111111111,NA,2012-11-04T18:14:07Z
HUD121030,21,NA,NA,NA,14,25.928,14,NA,NA,-64.0161388888889,NA,47.7775,NA,2012-11-04T19:02:27Z,NA
HUD121030,21,NA,NA,NA,5,9.26,5,NA,NA,NA,-63.7501666666667,NA,47.6669722222222,NA,2012-11-04T20:00:56Z
HUD121030,22,NA,NA,NA,14,25.928,14,NA,NA,-63.75425,NA,47.5663333333333,NA,2012-11-04T20:56:01Z,NA
HUD121030,22,NA,NA,NA,2,3.704,2,NA,NA,NA,-63.7464166666667,NA,47.1646666666667,NA,2012-11-04T22:41:37Z
HUD121030,24,NA,NA,NA,14,25.928,14,NA,NA,-61.7277222222222,NA,46.50375,NA,2012-11-05T15:55:03Z,NA
HUD121030,24,NA,NA,NA,15,27.78,15,NA,NA,NA,-61.2518333333333,NA,46.8318055555556,NA,2012-11-05T17:52:37Z
HUD121030,28,NA,NA,NA,14,25.928,14,NA,NA,-60.9214722222222,NA,48.0410833333333,NA,2012-11-06T15:54:21Z,NA
HUD121030,28,NA,NA,NA,7,12.964,7,NA,NA,NA,-61.1451111111111,NA,48.03975,NA,2012-11-06T16:35:54Z
HUD121030,31,NA,NA,NA,14,25.928,14,NA,NA,-61.4189722222222,NA,48.3528611111111,NA,2012-11-07T00:46:43Z,NA
HUD121030,31,NA,NA,NA,5,9.26,5,NA,NA,NA,-61.3051111111111,NA,48.4988611111111,NA,2012-11-07T01:32:53Z
HUD121030,33,NA,NA,NA,14,25.928,14,NA,NA,-59.1962222222222,NA,49.7225555555556,NA,2012-11-07T19:04:22Z,NA
HUD121030,33,NA,NA,NA,15,27.78,15,NA,NA,NA,-58.9671944444444,NA,49.5999166666667,NA,2012-11-07T19:56:29Z
HUD121030,34,NA,NA,NA,14,25.928,14,NA,NA,-58.9389722222222,NA,49.5870833333333,NA,2012-11-07T20:47:15Z,NA
HUD121030,34,NA,NA,NA,8,14.816,8,NA,NA,NA,-58.7225555555556,NA,49.4666666666667,NA,2012-11-07T21:35:45Z
HUD121030,35,NA,NA,NA,14,25.928,14,NA,NA,-58.6995555555556,NA,49.4571388888889,NA,2012-11-07T22:27:54Z,NA
HUD121030,35,NA,NA,NA,15,27.78,15,NA,NA,NA,-58.6947222222222,NA,49.4538611111111,NA,2012-11-07T22:29:04Z
HUD121030,39,NA,NA,NA,6,11.112,6,NA,NA,-59.3125833333333,NA,47.4656111111111,NA,2012-11-08T21:24:21Z,NA
HUD121030,39,NA,NA,NA,4,7.408,4,NA,NA,NA,-59.2484444444444,NA,47.4520277777778,NA,2012-11-08T21:59:39Z
HUD121030,40,NA,NA,NA,14,25.928,14,NA,NA,-57.1498611111111,NA,47.3353333333333,NA,2012-11-09T16:20:39Z,NA
HUD121030,40,NA,NA,NA,4,7.408,4,NA,NA,NA,-57.1446388888889,NA,46.9041388888889,NA,2012-11-09T18:17:24Z
HUD121030,41,NA,NA,NA,14,25.928,14,NA,NA,-57.1665833333333,NA,46.9055833333333,NA,2012-11-09T19:33:55Z,NA
HUD121030,41,NA,NA,NA,4,7.408,4,NA,NA,NA,-57.6949444444444,NA,46.9191111111111,NA,2012-11-09T21:07:24Z
HUD121030,42,NA,NA,NA,14,25.928,14,NA,NA,-57.7156111111111,NA,46.9300277777778,NA,2012-11-09T22:29:46Z,NA
HUD121030,42,NA,NA,NA,58,107.41600000000001,58,NA,NA,NA,-57.79875,NA,47.2978888888889,NA,2012-11-10T00:08:22Z
HUD121030,43,NA,NA,NA,9,16.668,9,NA,NA,-59.6588611111111,NA,46.88075,NA,2012-11-10T15:53:02Z,NA
HUD121030,43,NA,NA,NA,7,12.964,7,NA,NA,NA,-59.6443055555556,NA,46.3785555555556,NA,2012-11-10T20:50:11Z
HUD121030,44,NA,NA,NA,14,25.928,14,NA,NA,-64.5708611111111,NA,49.6575,NA,2012-10-30T16:06:58Z,NA
HUD121030,44,NA,NA,NA,6,11.112,6,NA,NA,NA,-64.6046111111111,NA,49.6488611111111,NA,2012-10-30T16:12:56Z
HUD121106,22899,NA,NA,NA,14,25.928,14,NA,NA,-60.12525,NA,46.9503333333333,NA,2012-11-06T05:42:32Z,NA
HUD121106,22899,NA,NA,NA,5,9.26,5,NA,NA,NA,-61.3051111111111,NA,48.4988611111111,NA,2012-11-06T16:16:20Z
HUD121106,22901,NA,NA,NA,14,25.928,14,NA,NA,-60.9214722222222,NA,48.0410833333333,NA,2012-11-06T18:36:36Z,NA
HUD121106,22901,NA,NA,NA,7,12.964,7,NA,NA,NA,-61.1451111111111,NA,48.03975,NA,2012-11-06T19:17:12Z
HUD121106,22911,NA,NA,NA,14,25.928,14,NA,NA,-61.4866111111111,NA,48.3115555555556,NA,2012-11-06T21:47:28Z,NA
HUD121106,22911,NA,NA,NA,5,9.26,5,NA,NA,NA,-61.4514722222222,NA,48.3489722222222,NA,2012-11-06T22:21:32Z
HUD121106,22916,NA,NA,NA,14,25.928,14,NA,NA,-61.4189722222222,NA,48.3528611111111,NA,2012-11-06T22:43:30Z,NA
HUD121106,22916,NA,NA,NA,NA,NA,NA,NA,NA,NA,-61.3341944444444,NA,48.4843611111111,NA,2012-11-07T01:23:55Z
HUD131029,25138,NA,NA,NA,8.7,16.1124,8.7,NA,NA,-68.1746388888889,NA,48.9000277777778,NA,2013-10-30T20:16:36Z,NA
HUD131029,25138,NA,NA,NA,9.6,17.7792,9.6,NA,NA,NA,-68.2488611111111,NA,48.9676666666667,NA,2013-10-30T20:46:28Z
HUD131029,25150,NA,NA,NA,13.7,25.3724,13.7,NA,NA,-69.7581666666667,NA,47.9383888888889,NA,2013-10-31T16:35:48Z,NA
HUD131029,25150,NA,NA,NA,8.1,15.0012,8.1,NA,NA,NA,-69.6730277777778,NA,48.0070833333333,NA,2013-10-31T17:01:14Z
HUD131029,25155,NA,NA,NA,11.4,21.1128,11.4,NA,NA,-69.639444444444507,NA,48.0233888888889,NA,2013-10-31T17:42:14Z,NA
HUD131029,25155,NA,NA,NA,5.6,10.3712,5.6,NA,NA,NA,-69.55675,NA,48.1071111111111,NA,2013-10-31T18:21:59Z
HUD131029,25160,NA,NA,NA,13.2,24.4464,13.2,NA,NA,-69.5483611111111,NA,48.1141666666667,NA,2013-10-31T20:52:34Z,NA
HUD131029,25160,NA,NA,NA,3.4,6.2968,3.4,NA,NA,NA,-69.4349166666667,NA,48.1489166666667,NA,2013-10-31T21:30:41Z
HUD131029,25168,NA,NA,NA,6.8,12.5936,6.8,NA,NA,-69.3996111111111,NA,48.1620277777778,NA,2013-10-31T22:04:31Z,NA
HUD131029,25168,NA,NA,NA,8.6,15.927200000000001,8.6,NA,NA,NA,-69.3839166666667,NA,48.1661666666667,NA,2013-10-31T22:09:31Z
HUD131029,25175,NA,NA,NA,10.1,18.7052,10.1,NA,NA,-69.1463611111111,NA,48.3283333333333,NA,2013-11-01T00:47:24Z,NA
HUD131029,25175,NA,NA,NA,13.9,25.742800000000003,13.9,NA,NA,NA,-69.0544722222222,NA,48.3981388888889,NA,2013-11-01T01:10:03Z
HUD131029,25179,NA,NA,NA,8.5,15.742,8.5,NA,NA,-68.1909166666667,NA,NA,NA,2013-11-01T15:44:24Z,NA
HUD131029,25179,NA,NA,NA,7.6,14.0752,7.6,NA,NA,NA,-67.6050277777778,NA,NA,NA,2013-11-01T18:49:59Z
HUD131029,25185,NA,1.1769444444444443,NA,14,25.928,14,NA,NA,-67.5595277777778,-67.1736944444445,NA,NA,2013-11-01T19:39:55Z,2013-11-01T20:50:32Z
HUD131029,25192,NA,NA,NA,8.5,15.742,8.5,NA,NA,-66.3412777777778,NA,49.2346944444444,NA,2013-11-01T23:29:09Z,NA
HUD131029,25192,NA,NA,NA,12.4,22.9648,12.4,NA,NA,NA,-66.2040277777778,NA,49.2386388888889,NA,2013-11-01T23:53:57Z
HUD131029,25208,NA,NA,NA,12,22.224,12,NA,NA,-65.4436666666667,NA,49.4844444444444,NA,2013-11-02T21:19:31Z,NA
HUD131029,25208,NA,NA,NA,12.9,23.890800000000002,12.9,NA,NA,NA,-64.82075,NA,49.2238888888889,NA,2013-11-02T23:31:35Z
HUD131029,25224,NA,NA,NA,13.1,24.2612,13.1,NA,NA,-63.0417777777778,NA,48.9369722222222,NA,2013-11-03T22:17:45Z,NA
HUD131029,25224,NA,NA,NA,11.4,21.1128,11.4,NA,NA,NA,-62.8640277777778,NA,49.0546388888889,NA,2013-11-03T23:04:36Z
HUD131029,25228,NA,NA,NA,14.4,26.6688,14.4,NA,NA,-62.82575,NA,49.0368055555556,NA,2013-11-04T00:17:49Z,NA
HUD131029,25228,NA,NA,NA,8.8,16.297600000000003,8.8,NA,NA,NA,-62.5405555555556,NA,48.8397222222222,NA,2013-11-04T01:47:44Z
HUD131029,25235,NA,NA,NA,12.4,22.9648,12.4,NA,NA,-61.4525,NA,48.3325,NA,2013-11-04T17:49:15Z,NA
HUD131029,25235,NA,NA,NA,12.6,23.3352,12.6,NA,NA,NA,-61.6066666666667,NA,48.2121666666667,NA,2013-11-04T18:34:18Z
HUD131029,25241,NA,NA,NA,12.5,23.150000000000002,12.5,NA,NA,-61.5737777777778,NA,48.2013055555556,NA,2013-11-04T20:06:07Z,NA
HUD131029,25241,NA,NA,NA,12.4,22.9648,12.4,NA,NA,NA,-61.3570555555556,NA,48.1635555555556,NA,2013-11-04T20:49:41Z
HUD131029,25245,NA,NA,NA,12.2,22.5944,12.2,NA,NA,-61.2002777777778,NA,48.1363055555556,NA,2013-11-04T21:21:31Z,NA
HUD131029,25245,NA,NA,NA,8,14.816,8,NA,NA,NA,-60.5127222222222,NA,48.0162777777778,NA,2013-11-04T23:45:17Z
HUD131029,25270,NA,NA,NA,13,24.076,13,NA,NA,-62.0584166666667,NA,46.6839444444444,NA,2013-11-06T00:47:44Z,NA
HUD131029,25270,NA,NA,NA,12.3,22.779600000000002,12.3,NA,NA,NA,-62.0439722222222,NA,46.5541111111111,NA,2013-11-06T01:24:45Z
HUD131029,25274,NA,NA,NA,11.9,22.038800000000002,11.9,NA,NA,-64.2895555555556,NA,48.0245277777778,NA,2013-11-06T17:19:49Z,NA
HUD131029,25274,NA,NA,NA,12.1,22.409200000000002,12.1,NA,NA,NA,-65.2428888888889,NA,47.9354444444444,NA,2013-11-06T20:51:56Z
HUD131029,25280,NA,NA,NA,11.9,22.038800000000002,11.9,NA,NA,-65.2228333333333,NA,47.9323888888889,NA,2013-11-06T21:37:02Z,NA
HUD131029,25280,NA,NA,NA,12.7,23.5204,12.7,NA,NA,NA,-64.2531388888889,NA,48.1641111111111,NA,2013-11-07T00:55:18Z
HUD131029,25286,NA,NA,NA,11,20.372,11,NA,NA,-61.7328055555556,NA,46.9996388888889,NA,2013-11-07T17:11:46Z,NA
HUD131029,25286,NA,NA,NA,12.7,23.5204,12.7,NA,NA,NA,-61.5100833333333,NA,46.9188055555556,NA,2013-11-07T18:01:30Z
HUD131029,25293,NA,NA,NA,11.8,21.853600000000004,11.8,NA,NA,-61.2317777777778,NA,46.8406111111111,NA,2013-11-07T20:18:38Z,NA
HUD131029,25293,NA,NA,NA,12.9,23.890800000000002,12.9,NA,NA,NA,-61.0905833333333,NA,46.7803055555556,NA,2013-11-07T20:50:43Z
HUD131029,25304,NA,NA,NA,12.7,23.5204,12.7,NA,NA,-59.3228888888889,NA,47.5743611111111,NA,2013-11-08T17:29:44Z,NA
HUD131029,25304,NA,NA,NA,11.9,22.038800000000002,11.9,NA,NA,NA,-59.1437222222222,NA,47.4923888888889,NA,2013-11-08T18:12:51Z
HUD131029,25323,NA,NA,NA,12.5,23.150000000000002,12.5,NA,NA,-57.3396944444444,NA,47.3411388888889,NA,2013-11-09T16:24:23Z,NA
HUD131029,25323,NA,NA,NA,12.7,23.5204,12.7,NA,NA,NA,-57.1497222222222,NA,47.3323611111111,NA,2013-11-09T17:01:59Z
HUD131029,25327,NA,NA,NA,12,22.224,12,NA,NA,-57.1271111111111,NA,47.3245,NA,2013-11-09T17:45:55Z,NA
HUD131029,25327,NA,NA,NA,12.9,23.890800000000002,12.9,NA,NA,NA,-56.57025,NA,47.4249722222222,NA,2013-11-09T19:39:21Z
HUD131029,25331,NA,NA,NA,12,22.224,12,NA,NA,-56.7452222222222,NA,47.3625277777778,NA,2013-11-09T21:12:41Z,NA
HUD131029,25331,NA,NA,NA,12.4,22.9648,12.4,NA,NA,NA,-57.5134444444444,NA,47.2554166666667,NA,2013-11-09T23:50:51Z
HUD131029,25354,NA,NA,NA,13.5,25.002000000000002,13.5,NA,NA,-57.5000277777778,NA,46.4879722222222,NA,2013-11-10T22:45:48Z,NA
HUD131029,25354,NA,NA,NA,15.3,28.335600000000003,15.3,NA,NA,NA,-58.0813611111111,NA,46.2504166666667,NA,2013-11-11T00:46:46Z
HUD140601,1,NA,NA,NA,9,16.668,9,NA,NA,NA,-64.2497222222222,NA,47.8390277777778,NA,2014-06-01T16:24:06Z
HUD140601,2,NA,NA,NA,7,12.964,7,NA,NA,NA,-63.7587222222222,NA,47.6687777777778,NA,2014-06-01T22:03:05Z
HUD140601,3,NA,NA,NA,12,22.224,12,NA,NA,NA,-63.4365,NA,47.5780555555556,NA,2014-06-01T23:56:16Z
HUD140601,4,NA,NA,NA,12,22.224,12,NA,NA,NA,-63.2994166666667,NA,47.5182222222222,NA,2014-06-02T00:30:49Z
HUD140601,5,NA,NA,NA,12,22.224,12,NA,NA,NA,-62.8595277777778,NA,47.3706666666667,NA,2014-06-02T02:46:16Z
HUD140601,22,NA,NA,NA,7,12.964,7,NA,NA,NA,-69.3087222222222,NA,48.3959444444444,NA,2014-06-06T21:39:00Z
HUD140601,23,NA,NA,NA,8,14.816,8,NA,NA,NA,-69.3291111111111,NA,48.3569166666667,NA,2014-06-06T22:34:39Z
HUD140601,24,NA,NA,NA,7,12.964,7,NA,NA,NA,-69.3641388888889,NA,48.2698888888889,NA,2014-06-06T23:16:58Z
HUD140601,25,NA,NA,NA,12,22.224,12,NA,NA,NA,-68.5715277777778,NA,48.6305277777778,NA,2014-06-07T03:42:28Z
HUD140601,26,NA,NA,NA,12,22.224,12,NA,NA,NA,-65.7866944444444,NA,49.6280277777778,NA,2014-06-07T14:49:49Z
HUD140601,27,NA,NA,NA,12,22.224,12,NA,NA,NA,-65.2859166666667,NA,49.7916666666667,NA,2014-06-07T16:34:57Z
HUD140601,28,NA,NA,NA,12,22.224,12,NA,NA,NA,-65.1778611111111,NA,49.8626944444444,NA,2014-06-07T17:01:55Z
HUD140601,30,NA,NA,NA,13,24.076,13,NA,NA,NA,-64.8841666666667,NA,49.8882222222222,NA,2014-06-07T18:34:51Z
HUD140601,31,NA,NA,NA,12,22.224,12,NA,NA,NA,-64.0907222222222,NA,50.0326944444444,NA,2014-06-07T20:58:05Z
HUD140601,32,NA,NA,NA,13,24.076,13,NA,NA,NA,-63.5036111111111,NA,50.09125,NA,2014-06-07T23:20:13Z
HUD140601,33,NA,NA,NA,8,14.816,8,NA,NA,NA,-63.163,NA,49.9084444444444,NA,2014-06-08T03:41:00Z
HUD140601,48,NA,NA,NA,9,16.668,9,NA,NA,NA,-62.4866111111111,NA,49.00975,NA,2014-06-10T15:46:42Z
HUD140601,49,NA,NA,NA,14,25.928,14,NA,NA,NA,-63.102,NA,49.1470833333333,NA,2014-06-10T18:26:26Z
HUD140601,50,NA,NA,NA,9,16.668,9,NA,NA,NA,-63.7335277777778,NA,48.8447777777778,NA,2014-06-10T22:11:55Z
HUD140601,51,NA,NA,NA,13,24.076,13,NA,NA,NA,-63.6397777777778,NA,48.5431111111111,NA,2014-06-11T04:11:47Z
HUD140601,52,NA,NA,NA,9,16.668,9,NA,NA,NA,-65.24225,NA,47.9371666666667,NA,2014-06-12T15:48:30Z
HUD140601,53,NA,NA,NA,9,16.668,9,NA,NA,NA,-65.73575,NA,47.9978055555556,NA,2014-06-12T18:33:27Z
HUD140601,54,NA,NA,NA,11,20.372,11,NA,NA,NA,-66.1175833333333,NA,48.0460833333333,NA,2014-06-12T20:33:25Z
HUD140601,55,NA,NA,NA,12,22.224,12,NA,NA,NA,-65.2565833333333,NA,47.9375555555556,NA,2014-06-13T00:34:45Z
HUD140601,56,NA,NA,NA,7,12.964,7,NA,NA,NA,-64.8252222222222,NA,47.9346388888889,NA,2014-06-13T01:58:10Z
HUD140601,57,NA,NA,NA,10,18.52,10,NA,NA,NA,-63.7687777777778,NA,47.5037222222222,NA,2014-06-13T15:25:07Z
HUD140601,58,NA,NA,NA,10,18.52,10,NA,NA,NA,-63.26625,NA,47.5034166666667,NA,2014-06-13T17:48:57Z
HUD140601,59,NA,NA,NA,9,16.668,9,NA,NA,NA,-62.7786944444444,NA,47.5008611111111,NA,2014-06-13T20:23:49Z
HUD140601,60,NA,NA,NA,10,18.52,10,NA,NA,NA,-62.278,NA,47.5008055555556,NA,2014-06-13T22:31:49Z
HUD140601,61,NA,NA,NA,9.8,18.149600000000003,9.8,NA,NA,NA,-62.2528888888889,NA,47.2548055555556,NA,2014-06-14T00:24:04Z
HUD140601,62,NA,NA,NA,9,16.668,9,NA,NA,NA,-62.2508055555556,NA,46.8781111111111,NA,2014-06-14T02:59:38Z
HUD140601,63,NA,NA,NA,5.4,10.000800000000002,5.4,NA,NA,NA,-62.9453611111111,NA,47.1665277777778,NA,2014-06-14T14:41:17Z
HUD140601,64,NA,NA,NA,8.8,16.297600000000003,8.8,NA,NA,NA,-63.2375,NA,47.1690555555556,NA,2014-06-14T15:46:41Z
HUD140601,65,NA,NA,NA,14,25.928,14,NA,NA,NA,-62.7632777777778,NA,45.8672222222222,NA,2014-06-16T00:28:08Z
HUD140601,66,NA,NA,NA,7.7,14.2604,7.7,NA,NA,NA,-61.25075,NA,46.802,NA,2014-06-16T22:03:38Z
HUD140601,67,NA,NA,NA,12,22.224,12,NA,NA,NA,-61.6691666666667,NA,46.8259166666667,NA,2014-06-17T03:57:08Z
HUD140601,68,NA,NA,NA,11,20.372,11,NA,NA,NA,-60.3345555555556,NA,47.2343333333333,NA,2014-06-17T15:25:46Z
HUD140601,69,NA,NA,NA,8.9,16.4828,8.9,NA,NA,NA,-60.7321388888889,NA,47.49075,NA,2014-06-17T18:15:52Z
HUD140601,70,NA,NA,NA,12.7,23.5204,12.7,NA,NA,NA,-61.2019722222222,NA,47.501,NA,2014-06-17T20:31:26Z
HUD140601,71,NA,NA,NA,12.5,23.150000000000002,12.5,NA,NA,NA,-61.0645555555556,NA,47.5870833333333,NA,2014-06-17T22:56:07Z
HUD140601,72,NA,NA,NA,10.8,20.001600000000003,10.8,NA,NA,NA,-60.7594166666667,NA,47.8246666666667,NA,2014-06-18T00:24:36Z
HUD140601,73,NA,NA,NA,13.5,25.002000000000002,13.5,NA,NA,NA,-60.2926666666667,NA,48.0611666666667,NA,2014-06-18T02:54:52Z
HUD140601,78,NA,NA,NA,12.6,23.3352,12.6,NA,NA,NA,-62.5033055555556,NA,47.8325,NA,2014-06-19T14:19:35Z
HUD140601,79,NA,NA,NA,12.3,22.779600000000002,12.3,NA,NA,NA,-63.7874166666667,NA,48.1165277777778,NA,2014-06-19T23:42:32Z
HUD141029,1,NA,NA,NA,13.9,25.742800000000003,13.9,NA,NA,NA,-62.1437777777778,NA,47.3705,NA,2014-10-29T14:02:07Z
HUD141029,2,NA,NA,NA,13.5,25.002000000000002,13.5,NA,NA,NA,-62.0379166666667,NA,47.4673055555556,NA,2014-10-29T14:33:01Z
HUD141029,3,NA,NA,NA,13.9,25.742800000000003,13.9,NA,NA,NA,-61.7689722222222,NA,47.5839444444444,NA,2014-10-29T15:29:37Z
HUD141029,4,NA,NA,NA,12.2,22.5944,12.2,NA,NA,NA,-61.1895833333333,NA,47.6175833333333,NA,2014-10-29T17:46:22Z
HUD141029,37,NA,NA,NA,11.8,21.853600000000004,11.8,NA,NA,NA,-59.747,NA,45.83425,NA,2014-11-10T18:21:24Z
HUD141029,38,NA,NA,NA,11.8,21.853600000000004,11.8,NA,NA,NA,-59.9120555555556,NA,45.7178888888889,NA,2014-11-10T19:10:54Z
HUD141029,39,NA,NA,NA,10.6,19.6312,10.6,NA,NA,NA,-60.3068333333333,NA,45.3991111111111,NA,2014-11-10T21:25:02Z
HUD151019,1,NA,NA,NA,12.9,23.890800000000002,12.9,NA,NA,-64.2536666666667,NA,48.13775,NA,2015-10-19T13:33:09Z,NA
HUD151019,1,NA,NA,NA,8.6,15.927200000000001,8.6,NA,NA,NA,-64.2495277777778,NA,47.8376944444444,NA,2015-10-19T14:52:23Z
HUD151019,2,NA,NA,NA,11.6,21.4832,11.6,NA,NA,-64.2295833333333,NA,47.8178333333333,NA,2015-10-19T16:15:38Z,NA
HUD151019,2,NA,NA,NA,8,14.816,8,NA,NA,NA,-64.0523888888889,NA,47.7826111111111,NA,2015-10-19T16:53:47Z
HUD151019,3,NA,NA,NA,11.1,20.5572,11.1,NA,NA,-63.9940833333333,NA,47.7602222222222,NA,2015-10-19T20:20:01Z,NA
HUD151019,3,NA,NA,NA,9.5,17.594,9.5,NA,NA,NA,-63.7520277777778,NA,47.6673611111111,NA,2015-10-19T21:18:10Z
HUD151019,4,NA,NA,NA,11.3,20.9276,11.3,NA,NA,-63.6866666666667,NA,47.6473888888889,NA,2015-10-19T22:17:53Z,NA
HUD151019,4,NA,NA,NA,11.5,21.298000000000002,11.5,NA,NA,NA,-63.6163055555556,NA,47.6251111111111,NA,2015-10-19T22:34:30Z
HUD151019,5,NA,NA,NA,14.4,26.6688,14.4,NA,NA,-61.4223055555556,NA,46.8950277777778,NA,2015-10-20T11:42:17Z,NA
HUD151019,5,NA,NA,NA,11.8,21.853600000000004,11.8,NA,NA,NA,-61.2591944444444,NA,46.8350277777778,NA,2015-10-20T12:14:21Z
HUD151019,6,NA,NA,NA,12.7,23.5204,12.7,NA,NA,-61.2081666666667,NA,46.8266944444444,NA,2015-10-20T13:34:46Z,NA
HUD151019,6,NA,NA,NA,12.5,23.150000000000002,12.5,NA,NA,NA,-61.1900555555556,NA,46.8173333333333,NA,2015-10-20T13:39:06Z
HUD151019,7,NA,NA,NA,12.5,23.150000000000002,12.5,NA,NA,-61.186,NA,46.8144166666667,NA,2015-10-20T13:40:25Z,NA
HUD151019,7,NA,NA,NA,11.5,21.298000000000002,11.5,NA,NA,NA,-61.0536666666667,NA,46.7302222222222,NA,2015-10-20T14:18:23Z
HUD151019,9,NA,NA,NA,15,27.78,15,NA,NA,-60.64475,NA,47.0859722222222,NA,2015-10-20T17:01:45Z,NA
HUD151019,9,NA,NA,NA,14.3,26.483600000000003,14.3,NA,NA,NA,-60.5983611111111,NA,47.1050833333333,NA,2015-10-20T17:10:43Z
HUD151019,10,NA,NA,NA,14.8,27.4096,14.8,NA,NA,-60.4554722222222,NA,47.1093055555556,NA,2015-10-20T17:33:59Z,NA
HUD151019,10,NA,NA,NA,13.1,24.2612,13.1,NA,NA,NA,-60.0310277777778,NA,47.1098888888889,NA,2015-10-20T18:46:22Z
HUD151019,11,NA,NA,NA,11.6,21.4832,11.6,NA,NA,-60.0161111111111,NA,47.0961111111111,NA,2015-10-20T20:19:22Z,NA
HUD151019,11,NA,NA,NA,8.6,15.927200000000001,8.6,NA,NA,NA,-60.1129166666667,NA,47.028,NA,2015-10-20T20:49:14Z
HUD151019,12,NA,NA,NA,5.5,10.186,5.5,NA,NA,-59.5298611111111,NA,47.4446388888889,NA,2015-10-22T11:47:28Z,NA
HUD151019,12,NA,NA,NA,10.4,19.260800000000003,10.4,NA,NA,NA,-59.4755277777778,NA,47.4839444444444,NA,2015-10-22T12:22:34Z
HUD151019,13,NA,NA,NA,11.2,20.7424,11.2,NA,NA,-59.4704722222222,NA,47.4876111111111,NA,2015-10-22T12:24:10Z,NA
HUD151019,13,NA,NA,NA,11.1,20.5572,11.1,NA,NA,NA,-59.3484166666667,NA,47.578,NA,2015-10-22T12:59:53Z
HUD151019,14,NA,NA,NA,11.4,21.1128,11.4,NA,NA,-59.3671388888889,NA,47.5839166666667,NA,2015-10-22T14:20:10Z,NA
HUD151019,14,NA,NA,NA,9.4,17.408800000000003,9.4,NA,NA,NA,-59.7321111111111,NA,47.6478611111111,NA,2015-10-22T15:35:51Z
HUD151019,15,NA,NA,NA,10.4,19.260800000000003,10.4,NA,NA,-59.8788333333333,NA,47.6741388888889,NA,2015-10-22T17:11:10Z,NA
HUD151019,15,NA,NA,NA,12.6,23.3352,12.6,NA,NA,NA,-60.4748333333333,NA,47.9788055555556,NA,2015-10-22T19:26:46Z
HUD151019,16,NA,NA,NA,11.9,22.038800000000002,11.9,NA,NA,-61.5850555555556,NA,48.2231944444444,NA,2015-10-23T11:57:33Z,NA
HUD151019,16,NA,NA,NA,8,14.816,8,NA,NA,NA,-61.4558333333333,NA,48.3466111111111,NA,2015-10-23T12:43:13Z
HUD151019,17,NA,NA,NA,11.7,21.6684,11.7,NA,NA,-61.4441944444444,NA,48.3529166666667,NA,2015-10-23T14:51:57Z,NA
HUD151019,17,NA,NA,NA,10.6,19.6312,10.6,NA,NA,NA,-61.3201666666667,NA,48.4844166666667,NA,2015-10-23T15:38:01Z
HUD151019,18,NA,NA,NA,12.5,23.150000000000002,12.5,NA,NA,-61.2312222222222,NA,48.5442777777778,NA,2015-10-23T17:27:02Z,NA
HUD151019,18,NA,NA,NA,9.6,17.7792,9.6,NA,NA,NA,-61.1459166666667,NA,48.6291666666667,NA,2015-10-23T17:56:44Z
HUD151019,19,NA,NA,NA,11.5,21.298000000000002,11.5,NA,NA,-61.0939166666667,NA,48.6721388888889,NA,2015-10-23T19:42:37Z,NA
HUD151019,19,NA,NA,NA,9.9,18.3348,9.9,NA,NA,NA,-60.97075,NA,48.7894722222222,NA,2015-10-23T20:26:51Z
HUD151019,20,NA,NA,NA,11.9,22.038800000000002,11.9,NA,NA,-59.1825833333333,NA,49.3071666666667,NA,2015-10-24T11:58:50Z,NA
HUD151019,20,NA,NA,NA,10.4,19.260800000000003,10.4,NA,NA,NA,-58.5111388888889,NA,49.3421666666667,NA,2015-10-24T14:09:40Z
HUD151019,21,NA,NA,NA,12.6,23.3352,12.6,NA,NA,-58.5326944444444,NA,49.3565277777778,NA,2015-10-24T15:02:12Z,NA
HUD151019,21,NA,NA,NA,12.4,22.9648,12.4,NA,NA,NA,-58.5366666666667,NA,49.3586944444444,NA,2015-10-24T15:03:10Z
HUD151019,22,NA,NA,NA,12.4,22.9648,12.4,NA,NA,-58.5401388888889,NA,49.3605833333333,NA,2015-10-24T15:04:02Z,NA
HUD151019,22,NA,NA,NA,10.9,20.1868,10.9,NA,NA,NA,-58.6726111111111,NA,49.4411388888889,NA,2015-10-24T15:45:56Z
HUD151019,23,NA,NA,NA,11.8,21.853600000000004,11.8,NA,NA,-58.7413333333333,NA,49.4771944444444,NA,2015-10-24T17:04:42Z,NA
HUD151019,23,NA,NA,NA,10.9,20.1868,10.9,NA,NA,NA,-58.9608333333333,NA,49.5975555555556,NA,2015-10-24T18:00:53Z
HUD151019,24,NA,NA,NA,12.8,23.705600000000004,12.8,NA,NA,-59.0011111111111,NA,49.6106111111111,NA,2015-10-24T18:59:40Z,NA
HUD151019,24,NA,NA,NA,12.6,23.3352,12.6,NA,NA,NA,-59.2060833333333,NA,49.7208055555556,NA,2015-10-24T19:48:50Z
HUD151019,25,NA,NA,NA,11.4,21.1128,11.4,NA,NA,-59.229,NA,49.7285833333333,NA,2015-10-24T21:15:54Z,NA
HUD151019,25,NA,NA,NA,10.7,19.816399999999998,10.7,NA,NA,NA,-59.3793888888889,NA,49.8076111111111,NA,2015-10-24T21:55:33Z
HUD151019,26,NA,NA,NA,13.1,24.2612,13.1,NA,NA,-57.8353333333333,NA,50.5438333333333,NA,2015-10-25T11:42:03Z,NA
HUD151019,26,NA,NA,NA,12.8,23.705600000000004,12.8,NA,NA,NA,-57.58725,NA,50.6880833333333,NA,2015-10-25T12:40:55Z
HUD151019,27,NA,NA,NA,12.3,22.779600000000002,12.3,NA,NA,-57.5647777777778,NA,50.7223055555556,NA,2015-10-25T14:09:15Z,NA
HUD151019,27,NA,NA,NA,8.3,15.371600000000003,8.3,NA,NA,NA,-57.6015277777778,NA,50.7727777777778,NA,2015-10-25T14:26:03Z
HUD151019,28,NA,NA,NA,13,24.076,13,NA,NA,-57.6178055555556,NA,50.7977222222222,NA,2015-10-25T14:35:39Z,NA
HUD151019,28,NA,NA,NA,12.7,23.5204,12.7,NA,NA,NA,-57.7343333333333,NA,50.9792222222222,NA,2015-10-25T15:30:37Z
HUD151019,29,NA,NA,NA,12.2,22.5944,12.2,NA,NA,-58.474,NA,50.1911666666667,NA,2015-10-26T12:13:11Z,NA
HUD151019,29,NA,NA,NA,10,18.52,10,NA,NA,NA,-58.5853055555556,NA,50.0436111111111,NA,2015-10-26T13:03:57Z
HUD151019,30,NA,NA,NA,12.1,22.409200000000002,12.1,NA,NA,-58.6046944444444,NA,50.0166111111111,NA,2015-10-26T13:13:41Z,NA
HUD151019,30,NA,NA,NA,12.6,23.3352,12.6,NA,NA,NA,-58.7751111111111,NA,49.762,NA,2015-10-26T14:35:10Z
HUD151019,31,NA,NA,NA,12.2,22.5944,12.2,NA,NA,-59.2404722222222,NA,49.1007222222222,NA,2015-10-26T18:07:27Z,NA
HUD151019,31,NA,NA,NA,12.6,23.3352,12.6,NA,NA,NA,-59.2673333333333,NA,49.0653333333333,NA,2015-10-26T18:18:59Z
HUD151019,32,NA,NA,NA,12.9,23.890800000000002,12.9,NA,NA,-59.3423333333333,NA,48.8565277777778,NA,2015-10-26T19:20:33Z,NA
HUD151019,32,NA,NA,NA,12.8,23.705600000000004,12.8,NA,NA,NA,-59.5131388888889,NA,48.3494444444444,NA,2015-10-26T21:44:15Z
HUD151019,33,NA,NA,NA,13.3,24.631600000000002,13.3,NA,NA,-60.1613055555556,NA,45.49925,NA,2015-10-27T11:52:23Z,NA
HUD151019,33,NA,NA,NA,12.2,22.5944,12.2,NA,NA,NA,-60.4829722222222,NA,45.2541944444444,NA,2015-10-27T13:25:05Z
HUD151019,34,NA,NA,NA,12.3,22.779600000000002,12.3,NA,NA,-60.6107222222222,NA,45.2127777777778,NA,2015-10-27T13:54:27Z,NA
HUD151019,34,NA,NA,NA,8.5,15.742,8.5,NA,NA,NA,-60.7141666666667,NA,45.1823333333333,NA,2015-10-27T14:17:49Z
HUD151019,35,NA,NA,NA,5.6,10.3712,5.6,NA,NA,-60.7474166666667,NA,45.1710833333333,NA,2015-10-27T14:33:48Z,NA
HUD151019,35,NA,NA,NA,5.5,10.186,5.5,NA,NA,NA,-60.8730833333333,NA,45.1388888888889,NA,2015-10-27T15:30:08Z
HUD151019,36,NA,NA,NA,6,11.112,6,NA,NA,-61.0784722222222,NA,45.0841111111111,NA,2015-10-27T17:08:59Z,NA
HUD151019,36,NA,NA,NA,6.2,11.4824,6.2,NA,NA,NA,-61.1799722222222,NA,45.0550277777778,NA,2015-10-27T17:54:56Z
HUD151019,37,NA,NA,NA,6.1,11.2972,6.1,NA,NA,-61.2497777777778,NA,45.0345833333333,NA,2015-10-27T18:26:35Z,NA
HUD151019,37,NA,NA,NA,6.2,11.4824,6.2,NA,NA,NA,-61.3757222222222,NA,44.9953888888889,NA,2015-10-27T19:23:39Z
HUD151019,38,NA,NA,NA,12.5,23.150000000000002,12.5,NA,NA,-60.9495,NA,45.1108888888889,NA,2015-10-31T11:36:18Z,NA
HUD151019,38,NA,NA,NA,12.3,22.779600000000002,12.3,NA,NA,NA,-60.4980555555556,NA,45.2544166666667,NA,2015-10-31T13:17:47Z
HUD151019,39,NA,NA,NA,12.2,22.5944,12.2,NA,NA,-60.3779722222222,NA,45.3398333333333,NA,2015-10-31T13:53:15Z,NA
HUD151019,39,NA,NA,NA,13,24.076,13,NA,NA,NA,-60.0366944444444,NA,45.6016666666667,NA,2015-10-31T15:34:41Z
HUD151019,40,NA,NA,NA,13.1,24.2612,13.1,NA,NA,-59.8097222222222,NA,45.7649166666667,NA,2015-10-31T16:37:28Z,NA
HUD151019,40,NA,NA,NA,11.4,21.1128,11.4,NA,NA,NA,-59.5449722222222,NA,45.97525,NA,2015-10-31T17:58:34Z
HUD151019,41,NA,NA,NA,9.3,17.2236,9.3,NA,NA,-59.5411388888889,NA,46.1300277777778,NA,2015-10-31T18:48:55Z,NA
HUD151019,41,NA,NA,NA,9.2,17.0384,9.2,NA,NA,NA,-59.5293611111111,NA,46.2375277777778,NA,2015-10-31T19:31:46Z
HUD151019,43,NA,NA,NA,11.4,21.1128,11.4,NA,NA,-60.0812222222222,NA,48.1164722222222,NA,2015-11-01T14:59:32Z,NA
HUD151019,43,NA,NA,NA,11.6,21.4832,11.6,NA,NA,NA,-60.26775,NA,48.101,NA,2015-11-01T15:36:37Z
HUD151019,44,NA,NA,NA,11.6,21.4832,11.6,NA,NA,-60.3084166666667,NA,48.0800555555556,NA,2015-11-01T19:00:35Z,NA
HUD151019,44,NA,NA,NA,10.7,19.816399999999998,10.7,NA,NA,NA,-60.5090555555556,NA,48.0042222222222,NA,2015-11-01T19:47:51Z
HUD151019,45,NA,NA,NA,13.7,25.3724,13.7,NA,NA,-60.5771944444444,NA,47.9577222222222,NA,2015-11-01T20:52:45Z,NA
HUD151019,45,NA,NA,NA,13.8,25.557600000000004,13.8,NA,NA,NA,-60.6055833333333,NA,47.9275833333333,NA,2015-11-01T21:01:59Z
HUD151019,46,NA,NA,NA,13.9,25.742800000000003,13.9,NA,NA,-60.6101111111111,NA,47.9250833333333,NA,2015-11-01T21:03:01Z,NA
HUD151019,46,NA,NA,NA,14,25.928,14,NA,NA,NA,-60.7619722222222,NA,47.8381944444444,NA,2015-11-01T21:37:24Z
HUD151019,48,NA,NA,NA,11.6,21.4832,11.6,NA,NA,-62.5102777777778,NA,48.7483055555556,NA,2015-11-02T12:48:23Z,NA
HUD151019,48,NA,NA,NA,13,24.076,13,NA,NA,NA,-62.8357777777778,NA,48.8635833333333,NA,2015-11-02T13:59:54Z
HUD151019,49,NA,NA,NA,12.9,23.890800000000002,12.9,NA,NA,-62.8406388888889,NA,48.8651388888889,NA,2015-11-02T14:00:54Z,NA
HUD151019,49,NA,NA,NA,11.2,20.7424,11.2,NA,NA,NA,-62.9353611111111,NA,48.8926666666667,NA,2015-11-02T14:20:52Z
HUD151019,50,NA,NA,NA,11.3,20.9276,11.3,NA,NA,-62.9475,NA,48.8976666666667,NA,2015-11-02T14:23:53Z,NA
HUD151019,50,NA,NA,NA,11.5,21.298000000000002,11.5,NA,NA,NA,-63.0533055555556,NA,48.9405833333333,NA,2015-11-02T14:49:27Z
HUD151019,51,NA,NA,NA,11.4,21.1128,11.4,NA,NA,-63.1253055555556,NA,48.9581388888889,NA,2015-11-02T15:51:59Z,NA
HUD151019,51,NA,NA,NA,11.7,21.6684,11.7,NA,NA,NA,-63.3115277777778,NA,49.0131388888889,NA,2015-11-02T16:34:39Z
HUD151019,52,NA,NA,NA,12.9,23.890800000000002,12.9,NA,NA,-63.9035833333333,NA,49.1593611111111,NA,2015-11-02T19:22:26Z,NA
HUD151019,52,NA,NA,NA,12.4,22.9648,12.4,NA,NA,NA,-64.2253055555556,NA,49.1786944444444,NA,2015-11-02T20:22:53Z
HUD151019,53,NA,NA,NA,12.3,22.779600000000002,12.3,NA,NA,-64.2313611111111,NA,49.179,NA,2015-11-02T20:24:02Z,NA
HUD151019,53,NA,NA,NA,12.5,23.150000000000002,12.5,NA,NA,NA,-64.7078888888889,NA,49.2125833333333,NA,2015-11-02T21:55:00Z
HUD151019,55,NA,NA,NA,13.3,24.631600000000002,13.3,NA,NA,-65.6683333333333,NA,50.11475,NA,2015-11-03T12:59:15Z,NA
HUD151019,55,NA,NA,NA,13,24.076,13,NA,NA,NA,-66.2663888888889,NA,50.0519722222222,NA,2015-11-03T14:46:36Z
HUD151019,56,NA,NA,NA,12.8,23.705600000000004,12.8,NA,NA,-66.2835833333333,NA,50.0326388888889,NA,2015-11-03T15:58:10Z,NA
HUD151019,56,NA,NA,NA,10.7,19.816399999999998,10.7,NA,NA,NA,-66.2669444444444,NA,49.8867777777778,NA,2015-11-03T16:39:04Z
HUD151019,58,NA,NA,NA,11.2,20.7424,11.2,NA,NA,-66.2479166666667,NA,49.7023888888889,NA,2015-11-03T19:51:27Z,NA
HUD151019,58,NA,NA,NA,10.3,19.0756,10.3,NA,NA,NA,-66.2363055555556,NA,49.55625,NA,2015-11-03T20:37:51Z
HUD151019,59,NA,NA,NA,12.3,22.779600000000002,12.3,NA,NA,-66.2323055555556,NA,49.5345277777778,NA,2015-11-03T21:52:51Z,NA
HUD151019,59,NA,NA,NA,12,22.224,12,NA,NA,NA,-66.22125,NA,49.4683333333333,NA,2015-11-03T22:12:25Z
HUD151019,60,NA,NA,NA,4.5,8.334,4.5,NA,NA,-68.7121666666667,NA,48.7938333333333,NA,2015-11-04T12:53:30Z,NA
HUD151019,60,NA,NA,NA,4.3,7.9636000000000005,4.3,NA,NA,NA,-68.7084722222222,NA,48.7893611111111,NA,2015-11-04T12:57:37Z
HUD151019,61,NA,NA,NA,4.9,9.074800000000002,4.9,NA,NA,-68.7027222222222,NA,48.7853888888889,NA,2015-11-04T13:44:33Z,NA
HUD151019,61,NA,NA,NA,3.9,7.2228,3.9,NA,NA,NA,-68.6681388888889,NA,48.7516388888889,NA,2015-11-04T14:10:50Z
HUD151019,62,NA,NA,NA,5.8,10.7416,5.8,NA,NA,-68.6526388888889,NA,48.7368333333333,NA,2015-11-04T15:23:35Z,NA
HUD151019,62,NA,NA,NA,5.1,9.4452,5.1,NA,NA,NA,-68.6256666666667,NA,48.7087777777778,NA,2015-11-04T15:44:05Z
HUD151019,63,NA,NA,NA,5.3,9.8156,5.3,NA,NA,-68.5713055555556,NA,48.6520277777778,NA,2015-11-04T19:59:47Z,NA
HUD151019,63,NA,NA,NA,2,3.704,2,NA,NA,NA,-68.5434166666667,NA,48.6260277777778,NA,2015-11-04T20:25:41Z
HUD151019,64,NA,NA,NA,6.6,12.2232,6.6,NA,NA,-68.5331388888889,NA,48.6174444444444,NA,2015-11-04T21:34:51Z,NA
HUD151019,64,NA,NA,NA,4.7,8.704400000000001,4.7,NA,NA,NA,-68.4940555555556,NA,48.5783611111111,NA,2015-11-04T21:57:57Z
HUD151019,65,NA,NA,NA,12.3,22.779600000000002,12.3,NA,NA,-67.7765555555556,NA,48.9978611111111,NA,2015-11-05T13:35:51Z,NA
HUD151019,65,NA,NA,NA,11.4,21.1128,11.4,NA,NA,NA,-67.3437777777778,NA,48.9873055555556,NA,2015-11-05T15:00:26Z
HUD151019,66,NA,NA,NA,12.3,22.779600000000002,12.3,NA,NA,-67.3320555555556,NA,48.9985833333333,NA,2015-11-05T15:39:10Z,NA
HUD151019,66,NA,NA,NA,9.3,17.2236,9.3,NA,NA,NA,-67.2675,NA,49.1451388888889,NA,2015-11-05T16:23:57Z
HUD151019,67,NA,NA,NA,13,24.076,13,NA,NA,-67.1521111111111,NA,49.1695277777778,NA,2015-11-05T17:28:33Z,NA
HUD151019,67,NA,NA,NA,12.6,23.3352,12.6,NA,NA,NA,-66.7638333333333,NA,49.2391944444444,NA,2015-11-05T18:42:16Z
HUD151019,68,NA,NA,NA,13.6,25.1872,13.6,NA,NA,-66.6247777777778,NA,49.2640555555556,NA,2015-11-05T19:08:17Z,NA
HUD151019,68,NA,NA,NA,12.6,23.3352,12.6,NA,NA,NA,-66.0358611111111,NA,49.3647222222222,NA,2015-11-05T20:56:47Z
HUD151019,69,NA,NA,NA,12.8,23.705600000000004,12.8,NA,NA,-65.9328333333333,NA,49.3724166666667,NA,2015-11-05T21:16:08Z,NA
HUD151019,69,NA,NA,NA,13.1,24.2612,13.1,NA,NA,NA,-65.68,NA,49.3947222222222,NA,2015-11-05T22:01:58Z
HUD161016,1,NA,NA,NA,12.9,23.890800000000002,12.9,NA,NA,-66.9886388888889,NA,49.05475,NA,2016-10-16T12:25:40Z,NA
HUD161016,1,NA,NA,NA,10.2,18.8904,10.2,NA,NA,NA,-67.02925,NA,49.0249166666667,NA,2016-10-16T12:36:49Z
HUD161016,2,NA,NA,NA,6.1,11.2972,6.1,NA,NA,-67.0501666666667,NA,49.0273333333333,NA,2016-10-16T13:53:42Z,NA
HUD161016,2,NA,NA,NA,3.6,6.6672,3.6,NA,NA,NA,-67.0686111111111,NA,49.0376111111111,NA,2016-10-16T14:06:54Z
HUD161016,3,NA,NA,NA,8.7,16.1124,8.7,NA,NA,-67.1283055555555,NA,49.1206944444444,NA,2016-10-16T17:41:26Z,NA
HUD161016,3,NA,NA,NA,11.3,20.9276,11.3,NA,NA,NA,-67.1953611111111,NA,49.1543888888889,NA,2016-10-16T17:59:16Z
HUD161016,4,NA,NA,NA,6.4,11.852800000000002,6.4,NA,NA,-67.3169722222222,NA,49.2301944444444,NA,2016-10-16T19:26:22Z,NA
HUD161016,4,NA,NA,NA,8.7,16.1124,8.7,NA,NA,NA,-67.3370277777778,NA,49.2419444444444,NA,2016-10-16T19:36:43Z
HUD161016,5,NA,NA,NA,8.7,16.1124,8.7,NA,NA,-67.3410277777778,NA,49.24475,NA,2016-10-16T19:38:20Z,NA
HUD161016,5,NA,NA,NA,8.2,15.186399999999999,8.2,NA,NA,NA,-67.3653888888889,NA,49.2598888888889,NA,2016-10-16T19:47:36Z
HUD161016,6,NA,NA,NA,11.3,20.9276,11.3,NA,NA,-67.4147222222222,NA,49.2992777777778,NA,2016-10-16T22:18:54Z,NA
HUD161016,6,NA,NA,NA,11.2,20.7424,11.2,NA,NA,NA,-67.5260833333333,NA,49.2849166666667,NA,2016-10-16T22:42:49Z
HUD161016,7,NA,NA,NA,10.4,19.260800000000003,10.4,NA,NA,-68.38325,NA,48.9991944444444,NA,2016-10-17T11:50:13Z,NA
HUD161016,7,NA,NA,NA,8.7,16.1124,8.7,NA,NA,NA,-68.4563888888889,NA,48.9902222222222,NA,2016-10-17T12:06:20Z
HUD161016,9,NA,NA,NA,12.2,22.5944,12.2,NA,NA,-68.4238055555556,NA,48.9133333333333,NA,2016-10-17T14:43:21Z,NA
HUD161016,9,NA,NA,NA,11.8,21.853600000000004,11.8,NA,NA,NA,-68.3483055555556,NA,48.8158055555555,NA,2016-10-17T15:16:00Z
HUD161016,10,NA,NA,NA,12,22.224,12,NA,NA,-68.24725,NA,48.6982222222222,NA,2016-10-17T16:58:35Z,NA
HUD161016,10,NA,NA,NA,9.5,17.594,9.5,NA,NA,NA,-68.2093055555556,NA,48.6663055555556,NA,2016-10-17T17:10:24Z
HUD161016,11,NA,NA,NA,10.8,20.001600000000003,10.8,NA,NA,-68.2267222222222,NA,48.6551944444444,NA,2016-10-17T17:38:55Z,NA
HUD161016,11,NA,NA,NA,10.4,19.260800000000003,10.4,NA,NA,NA,-68.4775,NA,48.5840277777778,NA,2016-10-17T18:34:50Z
HUD161016,12,NA,NA,NA,5.3,9.8156,5.3,NA,NA,-68.5186111111111,NA,48.5988888888889,NA,2016-10-17T19:18:48Z,NA
HUD161016,12,NA,NA,NA,2.3,4.2596,2.3,NA,NA,NA,-68.5435,NA,48.6241666666667,NA,2016-10-17T19:44:47Z
HUD161016,13,NA,NA,NA,10.3,19.0756,10.3,NA,NA,-68.5529166666667,NA,48.6311111111111,NA,2016-10-17T20:13:35Z,NA
HUD161016,13,NA,NA,NA,9.3,17.2236,9.3,NA,NA,NA,-68.5907777777778,NA,48.6508611111111,NA,2016-10-17T20:23:32Z
HUD161016,14,NA,NA,NA,12.1,22.409200000000002,12.1,NA,NA,-68.6120555555556,NA,48.6816944444444,NA,2016-10-17T22:16:14Z,NA
HUD161016,14,NA,NA,NA,9.4,17.408800000000003,9.4,NA,NA,NA,-68.6369166666667,NA,48.7075277777778,NA,2016-10-17T22:25:28Z
HUD161016,15,NA,NA,NA,13.8,25.557600000000004,13.8,NA,NA,-69.4554444444445,NA,48.2258333333333,NA,2016-10-18T12:15:45Z,NA
HUD161016,15,NA,NA,NA,13.7,25.3724,13.7,NA,NA,NA,-69.5243333333333,NA,48.1654166666667,NA,2016-10-18T12:35:31Z
HUD161016,16,NA,NA,NA,13.7,25.3724,13.7,NA,NA,-69.5290277777778,NA,48.1615277777778,NA,2016-10-18T12:36:50Z,NA
HUD161016,16,NA,NA,NA,8.9,16.4828,8.9,NA,NA,NA,-69.6016944444444,NA,48.0735,NA,2016-10-18T13:09:48Z
HUD161016,17,NA,NA,NA,9.6,17.7792,9.6,NA,NA,-69.5834722222222,NA,48.0475555555556,NA,2016-10-18T14:11:26Z,NA
HUD161016,17,NA,NA,NA,8.4,15.5568,8.4,NA,NA,NA,-69.5725277777778,NA,48.0048055555556,NA,2016-10-18T14:27:12Z
HUD161016,19,NA,NA,NA,11.2,20.7424,11.2,NA,NA,-69.5428055555556,NA,47.9765,NA,2016-10-18T14:47:21Z,NA
HUD161016,19,NA,NA,NA,9.6,17.7792,9.6,NA,NA,NA,-69.5386666666667,NA,47.9734444444444,NA,2016-10-18T14:48:45Z
HUD161016,20,NA,NA,NA,12.9,23.890800000000002,12.9,NA,NA,-69.5519722222222,NA,47.9735555555556,NA,2016-10-18T15:09:42Z,NA
HUD161016,20,NA,NA,NA,12.4,22.9648,12.4,NA,NA,NA,-69.5770277777778,NA,47.9833055555556,NA,2016-10-18T15:15:10Z
HUD161016,21,NA,NA,NA,12.2,22.5944,12.2,NA,NA,-69.5823333333333,NA,47.986,NA,2016-10-18T15:16:30Z,NA
HUD161016,21,NA,NA,NA,9,16.668,9,NA,NA,NA,-69.6008888888889,NA,47.9956666666667,NA,2016-10-18T15:21:42Z
HUD161016,23,NA,NA,NA,9.9,18.3348,9.9,NA,NA,-69.7455555555556,NA,47.9558888888889,NA,2016-10-18T16:10:06Z,NA
HUD161016,23,NA,NA,NA,10.2,18.8904,10.2,NA,NA,NA,-69.7738611111111,NA,47.9177777777778,NA,2016-10-18T16:24:54Z
HUD161016,24,NA,NA,NA,7.7,14.2604,7.7,NA,NA,-69.7537222222222,NA,47.9195,NA,2016-10-18T16:59:50Z,NA
HUD161016,24,NA,NA,NA,8.1,15.0012,8.1,NA,NA,NA,-69.741,NA,47.9145833333333,NA,2016-10-18T17:04:09Z
HUD161016,25,NA,NA,NA,4.4,8.148800000000001,4.4,NA,NA,-69.7419444444444,NA,47.9095555555556,NA,2016-10-18T17:08:02Z,NA
HUD161016,25,NA,NA,NA,7.5,13.89,7.5,NA,NA,NA,-69.7481666666667,NA,47.9004444444444,NA,2016-10-18T17:15:28Z
HUD161016,26,NA,NA,NA,9.8,18.149600000000003,9.8,NA,NA,-69.7642777777778,NA,47.8789722222222,NA,2016-10-18T17:44:34Z,NA
HUD161016,26,NA,NA,NA,9.2,17.0384,9.2,NA,NA,NA,-69.8164722222222,NA,47.8145,NA,2016-10-18T18:11:08Z
HUD161016,27,NA,NA,NA,9.1,16.8532,9.1,NA,NA,-69.8186111111111,NA,47.81325,NA,2016-10-18T18:11:55Z,NA
HUD161016,27,NA,NA,NA,13,24.076,13,NA,NA,NA,-69.86875,NA,47.77425,NA,2016-10-18T18:30:59Z
HUD161016,28,NA,NA,NA,12.5,23.150000000000002,12.5,NA,NA,NA,-69.9107222222222,NA,47.7464166666667,NA,2016-10-18T18:41:54Z
HUD161016,29,NA,NA,NA,11.2,20.7424,11.2,NA,NA,-69.9035,NA,47.7337222222222,NA,2016-10-18T19:05:43Z,NA
HUD161016,29,NA,NA,NA,11.5,21.298000000000002,11.5,NA,NA,NA,-69.892,NA,47.7291388888889,NA,2016-10-18T19:08:31Z
HUD161016,30,NA,NA,NA,12.6,23.3352,12.6,NA,NA,-69.8983888888889,NA,47.7026111111111,NA,2016-10-18T19:33:10Z,NA
HUD161016,30,NA,NA,NA,11.6,21.4832,11.6,NA,NA,NA,-70.0924722222222,NA,47.4933333333333,NA,2016-10-18T20:33:56Z
HUD161016,31,NA,NA,NA,3.9,7.2228,3.9,NA,NA,-70.1828611111111,NA,47.5204444444444,NA,2016-10-18T22:09:04Z,NA
HUD161016,31,NA,NA,NA,1.8,3.3336,1.8,NA,NA,NA,-70.1781111111111,NA,47.5280555555556,NA,2016-10-18T22:16:23Z
HUD161016,32,NA,NA,NA,8.6,15.927200000000001,8.6,NA,NA,-70.1733888888889,NA,47.5189444444444,NA,2016-10-18T22:28:22Z,NA
HUD161016,32,NA,NA,NA,10.7,19.816399999999998,10.7,NA,NA,NA,-70.16975,NA,47.5145,NA,2016-10-18T22:30:11Z
HUD161016,33,NA,NA,NA,6.9,12.778800000000002,6.9,NA,NA,-69.3890555555556,NA,48.1553888888889,NA,2016-10-19T12:09:04Z,NA
HUD161016,33,NA,NA,NA,9,16.668,9,NA,NA,NA,-69.4364722222222,NA,48.1444166666667,NA,2016-10-19T12:30:06Z
HUD161016,34,NA,NA,NA,13.3,24.631600000000002,13.3,NA,NA,-69.4525555555556,NA,48.1406666666667,NA,2016-10-19T12:33:36Z,NA
HUD161016,34,NA,NA,NA,10.5,19.446,10.5,NA,NA,NA,-69.5383611111111,NA,48.1218333333333,NA,2016-10-19T12:49:45Z
HUD161016,35,NA,NA,NA,8.1,15.0012,8.1,NA,NA,-69.5765555555556,NA,48.09025,NA,2016-10-19T13:57:53Z,NA
HUD161016,35,NA,NA,NA,10.7,19.816399999999998,10.7,NA,NA,NA,-69.5830277777778,NA,48.0448611111111,NA,2016-10-19T14:15:11Z
HUD161016,36,NA,NA,NA,11,20.372,11,NA,NA,-69.5818611111111,NA,48.0398333333333,NA,2016-10-19T14:16:51Z,NA
HUD161016,36,NA,NA,NA,12.2,22.5944,12.2,NA,NA,NA,-69.5789722222222,NA,47.972,NA,2016-10-19T14:37:13Z
HUD161016,37,NA,NA,NA,12.7,23.5204,12.7,NA,NA,-69.5740833333333,NA,47.9625,NA,2016-10-19T14:40:04Z,NA
HUD161016,37,NA,NA,NA,12.3,22.779600000000002,12.3,NA,NA,NA,-69.5695277777778,NA,47.9538888888889,NA,2016-10-19T14:42:43Z
HUD161016,38,NA,NA,NA,5.2,9.630400000000002,5.2,NA,NA,-69.5878333333333,NA,48.1124444444444,NA,2016-10-19T16:20:05Z,NA
HUD161016,38,NA,NA,NA,8.3,15.371600000000003,8.3,NA,NA,NA,-69.6058611111111,NA,48.1167222222222,NA,2016-10-19T16:27:32Z
HUD161016,39,NA,NA,NA,11.3,20.9276,11.3,NA,NA,-69.698,NA,48.1260833333333,NA,2016-10-19T17:12:56Z,NA
HUD161016,39,NA,NA,NA,9.5,17.594,9.5,NA,NA,NA,-69.7570833333333,NA,48.1357777777778,NA,2016-10-19T17:25:52Z
HUD161016,40,NA,NA,NA,4.4,8.148800000000001,4.4,NA,NA,-69.7847777777778,NA,48.1431666666667,NA,2016-10-19T18:29:54Z,NA
HUD161016,40,NA,NA,NA,5.2,9.630400000000002,5.2,NA,NA,NA,-69.8200277777778,NA,48.1471944444444,NA,2016-10-19T18:50:30Z
HUD161016,41,NA,NA,NA,12.9,23.890800000000002,12.9,NA,NA,-69.8540833333333,NA,48.1620555555556,NA,2016-10-19T20:24:57Z,NA
HUD161016,41,NA,NA,NA,12.1,22.409200000000002,12.1,NA,NA,NA,-69.8881111111111,NA,48.21475,NA,2016-10-19T20:41:15Z
HUD161016,42,NA,NA,NA,11.4,21.1128,11.4,NA,NA,-69.9230277777778,NA,48.2316388888889,NA,2016-10-19T21:12:31Z,NA
HUD161016,42,NA,NA,NA,11.7,21.6684,11.7,NA,NA,NA,-69.9504166666667,NA,48.2343333333333,NA,2016-10-19T21:18:12Z
HUD161016,43,NA,NA,NA,11.8,21.853600000000004,11.8,NA,NA,-69.9586944444444,NA,48.2371111111111,NA,2016-10-19T21:20:05Z,NA
HUD161016,43,NA,NA,NA,10.2,18.8904,10.2,NA,NA,NA,-69.9750555555556,NA,48.2428055555556,NA,2016-10-19T21:23:49Z
HUD161016,44,NA,NA,NA,11.6,21.4832,11.6,NA,NA,-70.02725,NA,48.256,NA,2016-10-19T22:08:32Z,NA
HUD161016,44,NA,NA,NA,11.9,22.038800000000002,11.9,NA,NA,NA,-70.1210277777778,NA,48.2529722222222,NA,2016-10-19T22:27:25Z
HUD161016,45,NA,NA,NA,11.2,20.7424,11.2,NA,NA,-70.1270277777778,NA,48.2547222222222,NA,2016-10-19T22:28:51Z,NA
HUD161016,45,NA,NA,NA,11.3,20.9276,11.3,NA,NA,NA,-70.1724722222222,NA,48.2681111111111,NA,2016-10-19T22:39:22Z
HUD161016,46,NA,NA,NA,12,22.224,12,NA,NA,-69.6817222222222,NA,48.1226388888889,NA,2016-10-20T12:10:18Z,NA
HUD161016,46,NA,NA,NA,13.5,25.002000000000002,13.5,NA,NA,NA,-69.6519722222222,NA,48.1209166666667,NA,2016-10-20T12:15:44Z
HUD161016,47,NA,NA,NA,12.6,23.3352,12.6,NA,NA,-69.5695277777778,NA,48.1253055555556,NA,2016-10-20T12:31:34Z,NA
HUD161016,47,NA,NA,NA,13.3,24.631600000000002,13.3,NA,NA,NA,-69.3804166666667,NA,48.2591111111111,NA,2016-10-20T13:21:13Z
HUD161016,48,NA,NA,NA,12.5,23.150000000000002,12.5,NA,NA,-69.3525555555556,NA,48.2779722222222,NA,2016-10-20T14:44:06Z,NA
HUD161016,48,NA,NA,NA,13,24.076,13,NA,NA,NA,-69.1110555555556,NA,48.4015,NA,2016-10-20T15:42:00Z
HUD161016,50,NA,NA,NA,12.5,23.150000000000002,12.5,NA,NA,-68.2755,NA,48.7593333333333,NA,2016-10-20T20:50:44Z,NA
HUD161016,50,NA,NA,NA,12.2,22.5944,12.2,NA,NA,NA,-67.9979166666667,NA,48.87425,NA,2016-10-20T21:56:09Z
HUD161016,51,NA,NA,NA,13.3,24.631600000000002,13.3,NA,NA,-63.9183611111111,NA,48.548,NA,2016-10-21T14:05:04Z,NA
HUD161016,51,NA,NA,NA,12.2,22.5944,12.2,NA,NA,NA,-63.937,NA,48.5244722222222,NA,2016-10-21T14:12:20Z
HUD161016,52,NA,NA,NA,12.2,22.5944,12.2,NA,NA,-63.9385,NA,48.5095555555556,NA,2016-10-21T14:16:40Z,NA
HUD161016,52,NA,NA,NA,12.3,22.779600000000002,12.3,NA,NA,NA,-63.9740833333333,NA,48.2608888888889,NA,2016-10-21T15:29:44Z
HUD161016,53,NA,NA,NA,12.2,22.5944,12.2,NA,NA,-64.0005555555556,NA,48.0629444444444,NA,2016-10-21T16:27:32Z,NA
HUD161016,53,NA,NA,NA,11.6,21.4832,11.6,NA,NA,NA,-64.0383888888889,NA,47.8293611111111,NA,2016-10-21T17:38:54Z
HUD161016,54,NA,NA,NA,10.8,20.001600000000003,10.8,NA,NA,-64.0624166666667,NA,47.82225,NA,2016-10-21T20:23:42Z,NA
HUD161016,54,NA,NA,NA,10,18.52,10,NA,NA,NA,-64.1828055555556,NA,48.0221388888889,NA,2016-10-21T21:34:54Z
HUD161016,55,NA,NA,NA,11.9,22.038800000000002,11.9,NA,NA,-62.5083611111111,NA,48.7468888888889,NA,2016-10-23T11:50:19Z,NA
HUD161016,55,NA,NA,NA,13,24.076,13,NA,NA,NA,-62.8813611111111,NA,48.8724444444444,NA,2016-10-23T13:08:33Z
HUD161016,56,NA,NA,NA,12.9,23.890800000000002,12.9,NA,NA,-62.9695833333333,NA,48.9021388888889,NA,2016-10-23T13:26:57Z,NA
HUD161016,56,NA,NA,NA,11.3,20.9276,11.3,NA,NA,NA,-63.0591111111111,NA,48.9362222222222,NA,2016-10-23T13:46:17Z
HUD161016,57,NA,NA,NA,12.5,23.150000000000002,12.5,NA,NA,-63.1022777777778,NA,48.9525833333333,NA,2016-10-23T14:36:48Z,NA
HUD161016,57,NA,NA,NA,12.8,23.705600000000004,12.8,NA,NA,NA,-63.3966666666667,NA,49.0132777777778,NA,2016-10-23T15:34:53Z
HUD161016,58,NA,NA,NA,12.4,22.9648,12.4,NA,NA,-63.6223055555556,NA,49.0599166666667,NA,2016-10-23T16:20:02Z,NA
HUD161016,58,NA,NA,NA,12.6,23.3352,12.6,NA,NA,NA,-63.8298055555556,NA,49.1155555555556,NA,2016-10-23T17:03:03Z
HUD161016,60,NA,NA,NA,11.6,21.4832,11.6,NA,NA,-64.2051111111111,NA,49.2374444444444,NA,2016-10-23T19:12:08Z,NA
HUD161016,60,NA,NA,NA,12.2,22.5944,12.2,NA,NA,NA,-64.485,NA,49.2655277777778,NA,2016-10-23T20:08:17Z
HUD161016,61,NA,NA,NA,12.5,23.150000000000002,12.5,NA,NA,-64.4988888888889,NA,49.2755833333333,NA,2016-10-23T20:12:12Z,NA
HUD161016,61,NA,NA,NA,12.1,22.409200000000002,12.1,NA,NA,NA,-64.6241944444444,NA,49.3654444444444,NA,2016-10-23T20:47:42Z
HUD161016,62,NA,NA,NA,11.9,22.038800000000002,11.9,NA,NA,-64.6414166666667,NA,49.3690277777778,NA,2016-10-23T20:51:26Z,NA
HUD161016,62,NA,NA,NA,12.2,22.5944,12.2,NA,NA,NA,-64.8612222222222,NA,49.4025555555556,NA,2016-10-23T21:35:10Z
HUD161016,63,NA,NA,NA,5,9.26,5,NA,NA,-67.6286944444444,NA,49.0663611111111,NA,2016-10-24T12:29:31Z,NA
HUD161016,63,NA,NA,NA,3.8,7.0376,3.8,NA,NA,NA,-67.7117222222222,NA,49.0395277777778,NA,2016-10-24T13:04:54Z
HUD161016,64,NA,NA,NA,6.6,12.2232,6.6,NA,NA,-67.7899166666667,NA,49.0116666666667,NA,2016-10-24T15:17:06Z,NA
HUD161016,64,NA,NA,NA,4,7.408,4,NA,NA,NA,-67.8368888888889,NA,49.0045,NA,2016-10-24T15:32:32Z
HUD161016,65,NA,NA,NA,8.4,15.5568,8.4,NA,NA,-68.0534444444444,NA,48.9709722222222,NA,2016-10-24T16:40:15Z,NA
HUD161016,65,NA,NA,NA,11.6,21.4832,11.6,NA,NA,NA,-68.1670555555556,NA,48.9544722222222,NA,2016-10-24T17:09:17Z
HUD161016,66,NA,NA,NA,9.5,17.594,9.5,NA,NA,-68.1630277777778,NA,48.9697777777778,NA,2016-10-24T18:41:39Z,NA
HUD161016,66,NA,NA,NA,12.6,23.3352,12.6,NA,NA,NA,-68.1985,NA,48.9195555555556,NA,2016-10-24T18:58:32Z
HUD161016,68,NA,NA,NA,11.8,21.853600000000004,11.8,NA,NA,-68.1658055555556,NA,48.7484444444444,NA,2016-10-24T22:13:16Z,NA
HUD161016,68,NA,NA,NA,12.5,23.150000000000002,12.5,NA,NA,NA,-68.2236111111111,NA,48.7174722222222,NA,2016-10-24T22:27:36Z
HUD161016,70,NA,NA,NA,10.1,18.7052,10.1,NA,NA,-68.5113055555556,NA,48.7392777777778,NA,2016-10-25T12:47:55Z,NA
HUD161016,70,NA,NA,NA,9.9,18.3348,9.9,NA,NA,NA,-68.5328055555556,NA,48.7115555555556,NA,2016-10-25T12:58:54Z
HUD161016,71,NA,NA,NA,10.1,18.7052,10.1,NA,NA,-68.53975,NA,48.7075277777778,NA,2016-10-25T13:01:06Z,NA
HUD161016,71,NA,NA,NA,10.2,18.8904,10.2,NA,NA,NA,-68.6448611111111,NA,48.6421666666667,NA,2016-10-25T13:34:09Z
HUD161016,72,NA,NA,NA,11.7,21.6684,11.7,NA,NA,-68.5292777777778,NA,48.5531111111111,NA,2016-10-25T16:51:00Z,NA
HUD161016,72,NA,NA,NA,12.1,22.409200000000002,12.1,NA,NA,NA,-68.5383888888889,NA,48.6481944444444,NA,2016-10-25T17:18:58Z
HUD161016,73,NA,NA,NA,11.8,21.853600000000004,11.8,NA,NA,-68.5447222222222,NA,48.6472222222222,NA,2016-10-25T20:42:58Z,NA
HUD161016,73,NA,NA,NA,12.9,23.890800000000002,12.9,NA,NA,NA,-68.1976111111111,NA,48.7895833333333,NA,2016-10-25T22:01:09Z
HUD161016,75,NA,NA,NA,14.5,26.854000000000003,14.5,NA,NA,-64.1495,NA,48.9078888888889,NA,2016-10-27T14:15:10Z,NA
HUD161016,75,NA,NA,NA,14,25.928,14,NA,NA,NA,-64.1098055555556,NA,48.7930555555556,NA,2016-10-27T14:45:24Z
HUD161016,76,NA,NA,NA,14.4,26.6688,14.4,NA,NA,-64.109,NA,48.7589722222222,NA,2016-10-27T14:54:17Z,NA
HUD161016,76,NA,NA,NA,13.6,25.1872,13.6,NA,NA,NA,-64.1178888888889,NA,48.7416111111111,NA,2016-10-27T14:58:55Z
HUD161016,77,NA,NA,NA,13.6,25.1872,13.6,NA,NA,-64.2425,NA,48.7581388888889,NA,2016-10-27T19:39:58Z,NA
HUD161016,77,NA,NA,NA,14.1,26.1132,14.1,NA,NA,NA,-64.1958333333333,NA,48.7359166666667,NA,2016-10-27T19:49:45Z
HUD161016,78,NA,NA,NA,12.4,22.9648,12.4,NA,NA,-64.1389722222222,NA,48.7286944444444,NA,2016-10-27T20:01:01Z,NA
HUD161016,78,NA,NA,NA,12.9,23.890800000000002,12.9,NA,NA,NA,-64.0988055555556,NA,48.7516666666667,NA,2016-10-27T20:10:54Z
HUD161016,79,NA,NA,NA,12.6,23.3352,12.6,NA,NA,-64.1203611111111,NA,48.7891666666667,NA,2016-10-27T20:22:41Z,NA
HUD161016,79,NA,NA,NA,11.9,22.038800000000002,11.9,NA,NA,NA,-64.1284722222222,NA,48.8045,NA,2016-10-27T20:27:17Z
HUD161016,80,NA,NA,NA,12.5,23.150000000000002,12.5,NA,NA,-64.1371388888889,NA,48.8637222222222,NA,2016-10-27T20:54:40Z,NA
HUD161016,80,NA,NA,NA,12.8,23.705600000000004,12.8,NA,NA,NA,-64.2090833333333,NA,49.0518611111111,NA,2016-10-27T21:50:36Z
HUD161016,81,NA,NA,NA,12.4,22.9648,12.4,NA,NA,-61.5811666666667,NA,49.6313888888889,NA,2016-10-28T12:28:39Z,NA
HUD161016,81,NA,NA,NA,11.7,21.6684,11.7,NA,NA,NA,-61.2043611111111,NA,49.5648888888889,NA,2016-10-28T13:43:08Z
HUD161016,82,NA,NA,NA,11.3,20.9276,11.3,NA,NA,-61.1218055555556,NA,49.55025,NA,2016-10-28T14:00:30Z,NA
HUD161016,82,NA,NA,NA,11.6,21.4832,11.6,NA,NA,NA,-60.8092222222222,NA,49.5061666666667,NA,2016-10-28T15:06:35Z
HUD161016,83,NA,NA,NA,12.9,23.890800000000002,12.9,NA,NA,-60.6025,NA,49.6396944444444,NA,2016-10-28T16:35:32Z,NA
HUD161016,83,NA,NA,NA,12.5,23.150000000000002,12.5,NA,NA,NA,-60.5577222222222,NA,49.6773888888889,NA,2016-10-28T16:48:52Z
HUD161016,84,NA,NA,NA,12.5,23.150000000000002,12.5,NA,NA,-60.5374722222222,NA,49.6891388888889,NA,2016-10-28T16:54:03Z,NA
HUD161016,84,NA,NA,NA,12.6,23.3352,12.6,NA,NA,NA,-60.3563611111111,NA,49.7985,NA,2016-10-28T17:40:33Z
HUD161016,86,NA,NA,NA,11.6,21.4832,11.6,NA,NA,-60.1211944444444,NA,49.9762777777778,NA,2016-10-28T18:49:16Z,NA
HUD161016,86,NA,NA,NA,10.9,20.1868,10.9,NA,NA,NA,-59.9266388888889,NA,50.0938888888889,NA,2016-10-28T19:43:02Z
HUD161016,87,NA,NA,NA,10.4,19.260800000000003,10.4,NA,NA,-59.8823888888889,NA,50.0832777777778,NA,2016-10-28T20:41:18Z,NA
HUD161016,87,NA,NA,NA,10.3,19.0756,10.3,NA,NA,NA,-59.6994722222222,NA,49.991,NA,2016-10-28T21:33:08Z
HUD161016,89,NA,NA,NA,14.4,26.6688,14.4,NA,NA,-58.3941388888889,NA,49.1926944444444,NA,2016-10-29T13:14:10Z,NA
HUD161016,89,NA,NA,NA,13.9,25.742800000000003,13.9,NA,NA,NA,-58.4225833333333,NA,49.7219444444444,NA,2016-10-29T15:25:04Z
HUD161016,90,NA,NA,NA,14.4,26.6688,14.4,NA,NA,-58.4544722222222,NA,49.9503333333333,NA,2016-10-29T16:24:18Z,NA
HUD161016,90,NA,NA,NA,14.1,26.1132,14.1,NA,NA,NA,-58.4456944444444,NA,50.1535,NA,2016-10-29T17:16:35Z
HUD161016,92,NA,NA,NA,13.8,25.557600000000004,13.8,NA,NA,-57.9579166666667,NA,50.4827222222222,NA,2016-10-29T20:07:04Z,NA
HUD161016,92,NA,NA,NA,14.8,27.4096,14.8,NA,NA,NA,-57.9194444444444,NA,50.5052222222222,NA,2016-10-29T20:15:45Z
HUD161016,93,NA,NA,NA,8.6,15.927200000000001,8.6,NA,NA,-58.6315,NA,50.8004722222222,NA,2016-10-30T12:21:56Z,NA
HUD161016,93,NA,NA,NA,11.2,20.7424,11.2,NA,NA,NA,-58.6421388888889,NA,50.7899166666667,NA,2016-10-30T12:26:42Z
HUD161016,94,NA,NA,NA,12,22.224,12,NA,NA,-58.6461944444444,NA,50.7862222222222,NA,2016-10-30T12:28:02Z,NA
HUD161016,94,NA,NA,NA,10.1,18.7052,10.1,NA,NA,NA,-58.8476111111111,NA,50.6467777777778,NA,2016-10-30T13:18:50Z
HUD161016,95,NA,NA,NA,13.4,24.8168,13.4,NA,NA,-58.9539166666667,NA,50.5835833333333,NA,2016-10-30T13:45:48Z,NA
HUD161016,95,NA,NA,NA,11.5,21.298000000000002,11.5,NA,NA,NA,-59.3279722222222,NA,50.3528611111111,NA,2016-10-30T15:13:17Z
HUD161016,96,NA,NA,NA,13.1,24.2612,13.1,NA,NA,-59.4324444444444,NA,50.1428611111111,NA,2016-10-30T16:43:30Z,NA
HUD161016,96,NA,NA,NA,13.4,24.8168,13.4,NA,NA,NA,-59.5391944444444,NA,49.8251666666667,NA,2016-10-30T18:10:31Z
HUD161016,97,NA,NA,NA,13.6,25.1872,13.6,NA,NA,-59.5771666666667,NA,49.6520555555556,NA,2016-10-30T18:57:16Z,NA
HUD161016,97,NA,NA,NA,11.8,21.853600000000004,11.8,NA,NA,NA,-59.6784722222222,NA,49.2913611111111,NA,2016-10-30T20:35:35Z
HUD161016,98,NA,NA,NA,10.3,19.0756,10.3,NA,NA,-61.4072777777778,NA,48.1626111111111,NA,2016-10-31T12:24:40Z,NA
HUD161016,98,NA,NA,NA,11.1,20.5572,11.1,NA,NA,NA,-61.2205833333333,NA,48.1146666666667,NA,2016-10-31T13:08:43Z
HUD161016,99,NA,NA,NA,11,20.372,11,NA,NA,-61.1406388888889,NA,48.0831944444444,NA,2016-10-31T13:28:34Z,NA
HUD161016,99,NA,NA,NA,10.6,19.6312,10.6,NA,NA,NA,-60.7467222222222,NA,47.9151944444444,NA,2016-10-31T15:10:04Z
HUD161016,100,NA,NA,NA,10.1,18.7052,10.1,NA,NA,-60.73475,NA,47.9186388888889,NA,2016-10-31T15:13:22Z,NA
HUD161016,100,NA,NA,NA,10.5,19.446,10.5,NA,NA,NA,-60.6639444444444,NA,47.9460555555556,NA,2016-10-31T15:32:39Z
HUD161016,101,NA,NA,NA,12.2,22.5944,12.2,NA,NA,-60.5173888888889,NA,48.0177222222222,NA,2016-10-31T20:38:05Z,NA
HUD161016,101,NA,NA,NA,12.3,22.779600000000002,12.3,NA,NA,NA,-60.6080833333333,NA,48.2469166666667,NA,2016-10-31T21:48:31Z
HUD161016,102,NA,NA,NA,13.1,24.2612,13.1,NA,NA,-59.6099444444444,NA,47.4858055555556,NA,2016-11-01T12:40:32Z,NA
HUD161016,102,NA,NA,NA,12.6,23.3352,12.6,NA,NA,NA,-59.6199166666667,NA,47.4773611111111,NA,2016-11-01T12:43:29Z
HUD161016,103,NA,NA,NA,13.1,24.2612,13.1,NA,NA,-59.6858888888889,NA,47.3406944444444,NA,2016-11-01T16:12:02Z,NA
HUD161016,103,NA,NA,NA,13.2,24.4464,13.2,NA,NA,NA,-59.7731666666667,NA,47.2700555555556,NA,2016-11-01T16:37:17Z
HUD161016,104,NA,NA,NA,12.1,22.409200000000002,12.1,NA,NA,-59.7935277777778,NA,47.2545833333333,NA,2016-11-01T18:03:28Z,NA
HUD161016,104,NA,NA,NA,12.9,23.890800000000002,12.9,NA,NA,NA,-59.949,NA,47.1355277777778,NA,2016-11-01T18:47:33Z
HUD161016,105,NA,NA,NA,12.8,23.705600000000004,12.8,NA,NA,-59.9584444444444,NA,47.1313888888889,NA,2016-11-01T18:49:43Z,NA
HUD161016,105,NA,NA,NA,12.6,23.3352,12.6,NA,NA,NA,-59.9964444444444,NA,47.1136111111111,NA,2016-11-01T18:58:42Z
HUD161016,106,NA,NA,NA,12.2,22.5944,12.2,NA,NA,-60.025,NA,47.0948055555556,NA,2016-11-01T20:05:35Z,NA
HUD161016,106,NA,NA,NA,11.7,21.6684,11.7,NA,NA,NA,-60.0918333333333,NA,47.0335833333333,NA,2016-11-01T20:28:17Z
HUD161016,107,NA,NA,NA,12.2,22.5944,12.2,NA,NA,-62.7731666666667,NA,47.3411111111111,NA,2016-11-02T12:18:08Z,NA
HUD161016,107,NA,NA,NA,12.7,23.5204,12.7,NA,NA,NA,-63.2363611111111,NA,47.4861388888889,NA,2016-11-02T13:56:55Z
HUD161016,108,NA,NA,NA,13.3,24.631600000000002,13.3,NA,NA,-63.2954166666667,NA,47.5107222222222,NA,2016-11-02T16:56:19Z,NA
HUD161016,108,NA,NA,NA,11.8,21.853600000000004,11.8,NA,NA,NA,-63.7285555555556,NA,47.6536666666667,NA,2016-11-02T18:26:51Z
HUD161016,109,NA,NA,NA,12.4,22.9648,12.4,NA,NA,-63.7772222222222,NA,47.6774722222222,NA,2016-11-02T19:16:42Z,NA
HUD161016,109,NA,NA,NA,12.3,22.779600000000002,12.3,NA,NA,NA,-64.0043055555556,NA,47.7784444444444,NA,2016-11-02T20:09:41Z
HUD161016,110,NA,NA,NA,13.3,24.631600000000002,13.3,NA,NA,-64.3045555555556,NA,48.3486111111111,NA,2016-11-03T12:07:08Z,NA
HUD161016,110,NA,NA,NA,12.5,23.150000000000002,12.5,NA,NA,NA,-64.1769166666667,NA,48.40775,NA,2016-11-03T12:35:21Z
HUD161016,111,NA,NA,NA,12.5,23.150000000000002,12.5,NA,NA,-64.1746666666667,NA,48.4099722222222,NA,2016-11-03T12:36:10Z,NA
HUD161016,111,NA,NA,NA,11.1,20.5572,11.1,NA,NA,NA,-64.0866388888889,NA,48.4923333333333,NA,2016-11-03T13:04:50Z
HUD161016,112,NA,NA,NA,12.6,23.3352,12.6,NA,NA,-64.0227222222222,NA,48.6490555555556,NA,2016-11-03T16:14:55Z,NA
HUD161016,112,NA,NA,NA,11.6,21.4832,11.6,NA,NA,NA,-64.0581944444444,NA,48.6670555555556,NA,2016-11-03T16:23:20Z
HUD161016,113,NA,NA,NA,11,20.372,11,NA,NA,-64.0627222222222,NA,48.6692777777778,NA,2016-11-03T16:24:32Z,NA
HUD161016,113,NA,NA,NA,7.6,14.0752,7.6,NA,NA,NA,-64.1493888888889,NA,48.7115,NA,2016-11-03T16:49:29Z
HUD161016,114,NA,NA,NA,15.5,28.706000000000003,15.5,NA,NA,-64.1734722222222,NA,48.7233888888889,NA,2016-11-03T16:56:47Z,NA
HUD161016,114,NA,NA,NA,15.2,28.1504,15.2,NA,NA,NA,-64.3724444444444,NA,48.8255277777778,NA,2016-11-03T17:35:26Z
HUD181014,1,1.2247861603049546,0.07333333333333333,16.701629458703927,NA,NA,NA,NA,NA,-64.1465833333333,-64.1389444444444,48.6651666666667,48.6749444444444,2018-10-14T18:29:07Z,2018-10-14T18:33:31Z
HUD181014,2,NA,NA,NA,NA,NA,NA,NA,NA,-64.1365277777778,NA,48.6777777777778,NA,2018-10-14T18:34:59Z,NA
HUD181014,2,NA,NA,NA,7.8,14.4456,7.8,NA,NA,NA,-64.10275,NA,48.7234444444444,NA,2018-10-14T19:01:29Z
HUD181014,3,NA,NA,NA,8.3,15.371600000000003,8.3,NA,NA,-64.0568611111111,NA,48.7403611111111,NA,2018-10-14T20:23:33Z,NA
HUD181014,3,NA,NA,NA,8.5,15.742,8.5,NA,NA,NA,-63.8806111111111,NA,48.7916666666667,NA,2018-10-14T21:17:30Z
HUD181014,8,NA,NA,NA,8.6,15.927200000000001,8.6,NA,NA,-63.8037777777778,NA,47.5193055555556,NA,2018-10-15T20:22:56Z,NA
HUD181014,8,NA,NA,NA,8.5,15.742,8.5,NA,NA,NA,-64.01875,NA,47.5802222222222,NA,2018-10-15T21:29:31Z
HUD181014,12,NA,NA,NA,7.2,13.3344,7.2,NA,NA,-64.2577777777778,NA,48.1605277777778,NA,2018-10-18T13:37:40Z,NA
HUD181014,12,NA,NA,NA,8.5,15.742,8.5,NA,NA,NA,-64.74475,NA,48.1636666666667,NA,2018-10-18T15:56:49Z
HUD181014,23,NA,NA,NA,4.6,8.5192,4.6,NA,NA,-62.4917222222222,NA,45.93725,NA,2018-10-24T20:58:53Z,NA
HUD181014,23,NA,NA,NA,4.8,8.8896,4.8,NA,NA,NA,-62.4083888888889,NA,45.9788888888889,NA,2018-10-24T21:54:27Z
HUD181014,26,NA,NA,NA,6.5,12.038,6.5,NA,NA,-60.2083333333333,NA,46.9655277777778,NA,2018-10-25T19:28:04Z,NA
HUD181014,26,NA,NA,NA,5.5,10.186,5.5,NA,NA,NA,-60.1353055555556,NA,47.0166111111111,NA,2018-10-25T20:15:52Z
HUD181014,29,NA,NA,NA,13.7,25.3724,13.7,NA,NA,-60.7026944444444,NA,48.3728888888889,NA,2018-10-27T18:39:11Z,NA
HUD181014,29,NA,NA,NA,11,20.372,11,NA,NA,NA,-60.5034444444444,NA,48.0096666666667,NA,2018-10-27T20:23:57Z
HUD181014,30,NA,NA,NA,9.3,17.2236,9.3,NA,NA,-61.1679444444444,NA,48.0486388888889,NA,2018-10-29T12:32:06Z,NA
HUD181014,30,NA,NA,NA,10.1,18.7052,10.1,NA,NA,NA,-61.2775277777778,NA,48.1935277777778,NA,2018-10-29T13:30:48Z
HUD181014,36,NA,NA,NA,7.3,13.5196,7.3,NA,NA,-64.6902222222222,NA,49.3160277777778,NA,2018-10-30T13:35:23Z,NA
HUD181014,36,NA,NA,NA,8.3,15.371600000000003,8.3,NA,NA,NA,-64.6250555555555,NA,49.4266944444444,NA,2018-10-30T14:28:01Z
HUD181014,42,NA,NA,NA,8,14.816,8,NA,NA,-64.6115277777778,NA,49.8900833333333,NA,2018-10-30T21:02:57Z,NA
HUD181014,42,NA,NA,NA,8.6,15.927200000000001,8.6,NA,NA,NA,-64.5176111111111,NA,49.9606944444444,NA,2018-10-30T21:43:10Z
HUD201019,48,NA,NA,NA,12,22.224,12,NA,NA,-66.363117,NA,49.246496,NA,2020-10-30T20:28:29Z,NA
HUD201019,48,NA,NA,NA,9,16.668,9,NA,NA,NA,-66.021901,NA,49.278761,NA,2020-10-30T21:59:40Z
ISL130421,22977,24.782194000129888,0.1438888888888889,172.23146409356679,NA,NA,NA,NA,NA,-67.0646111111111,-67.3004166666667,44.006,44.1504444444444,2013-04-21T19:31:11Z,2013-04-21T19:39:49Z
ISL130421,22980,49.819962566872626,0.41805555555555557,119.17067457856575,NA,NA,NA,NA,NA,-67.2321944444444,-67.1610833333333,44.09475,44.5393888888889,2013-04-21T19:42:18Z,2013-04-21T20:07:23Z
ISL130421,22986,92.0711912861971,0.47638888888888886,193.26897296227966,NA,NA,NA,NA,NA,-66.2586944444444,-67.1359166666667,44.0012777777778,44.5393611111111,2013-04-21T21:34:10Z,2013-04-21T22:02:45Z
ISL130421,22990,120.12887998342605,0.6933333333333334,173.26280766840296,NA,NA,NA,NA,NA,-66.2548888888889,-66.4739722222222,44.0013333333333,45.0691111111111,2013-04-21T22:29:44Z,2013-04-21T23:11:20Z
ISL130421,22996,64.8568241616483,0.3322222222222222,195.2212098511153,NA,NA,NA,NA,NA,-66.3612222222222,-65.7411666666667,45.1005277777778,44.7176388888889,2013-04-22T00:11:34Z,2013-04-22T00:31:30Z
ISL130421,23001,53.15107106978843,0.2980555555555556,178.32605391541318,NA,NA,NA,NA,NA,-65.55325,-65.6507222222222,44.8135277777778,45.286,2013-04-22T00:37:03Z,2013-04-22T00:54:56Z
ISL130421,23006,136.0447682473092,0.6425,211.74282995690152,NA,NA,NA,NA,NA,-62.4889722222222,-60.7003055555556,47.0051666666667,46.9414722222222,2013-04-22T02:23:05Z,2013-04-22T03:01:38Z
ISL130421,23010,173.62853860323202,0.8727777777777778,198.93785454221364,NA,NA,NA,NA,NA,-60.1555555555556,-62.4553055555556,47.3248611111111,47.4062777777778,2013-04-22T17:01:59Z,2013-04-22T17:54:21Z
ISL130421,23020,199.02347576707436,1.0144444444444445,196.18962561924087,NA,NA,NA,NA,NA,-62.7829444444444,-64.6114166666667,46.45725,47.7408055555556,2013-04-22T18:24:43Z,2013-04-22T19:25:35Z
ISL130421,23024,39.30381812741728,0.2,196.51909063708638,NA,NA,NA,NA,NA,-64.7228611111111,-65.0881388888889,47.8202222222222,48.0747777777778,2013-04-22T19:43:38Z,2013-04-22T19:55:38Z
ISL130421,23028,14.810931964418236,0.07777777777777778,190.42626811394874,NA,NA,NA,NA,NA,-64.1406111111111,-63.9390555555556,48.7145277777778,48.7106944444444,2013-04-22T21:44:13Z,2013-04-22T21:48:53Z
ISL130421,23032,86.74004376101072,0.43416666666666665,199.78512958390186,NA,NA,NA,NA,NA,-63.2149166666667,-62.4072222222222,48.5338611111111,49.1033611111111,2013-04-22T22:08:56Z,2013-04-22T22:34:59Z
ISL130421,23036,269.30637887261946,1.3730555555555555,196.13654945203928,NA,NA,NA,NA,NA,-62.2566944444444,-58.6268888888889,48.4825555555556,48.8006666666667,2013-04-22T22:57:37Z,2013-04-23T00:20:00Z
ISL130421,23040,241.90374504008975,1.3147222222222221,183.99608750144162,NA,NA,NA,NA,NA,-59.0939166666667,-62.3471944444444,48.0993888888889,48.2123888888889,2013-04-23T15:33:29Z,2013-04-23T16:52:22Z
ISL130421,23047,57.11340166103541,0.28583333333333333,199.81365012607142,NA,NA,NA,NA,NA,-62.3672777777778,-62.9026388888889,48.1461944444444,48.5157222222222,2013-04-23T16:56:04Z,2013-04-23T17:13:13Z
ISL130421,23050,35.29934720958946,0.19,185.7860379452077,NA,NA,NA,NA,NA,-63.6721388888889,-64.1518055555556,48.6179444444444,48.6171666666667,2013-04-23T17:30:34Z,2013-04-23T17:41:58Z
ISL130421,23055,34.810046133330225,0.18638888888888888,186.7603071236793,NA,NA,NA,NA,NA,-63.6772777777778,-64.1494444444445,48.5279166666667,48.5315277777778,2013-04-23T17:53:42Z,2013-04-23T18:04:53Z
ISL130421,23058,188.4755599860747,0.9722222222222222,193.86057598567683,NA,NA,NA,NA,NA,-67.1761388888889,-65.3987777777778,49.0531944444444,50.2957777777778,2013-04-23T20:19:32Z,2013-04-23T21:17:52Z
ISL130421,23068,87.33278614832123,0.47194444444444444,185.0488700023287,NA,NA,NA,NA,NA,-65.3021111111111,-64.4808333333333,49.2649444444444,49.8408055555556,2013-04-23T21:50:29Z,2013-04-23T22:18:48Z
ISL130421,23075,52.09597068529747,0.27194444444444443,191.56843152918378,NA,NA,NA,NA,NA,-64.3461111111111,-63.8541944444444,49.9362777777778,50.2819444444444,2013-04-23T22:47:19Z,2013-04-23T23:03:38Z
MLB070421,1,NA,NA,NA,14,25.928,14,NA,NA,-69.9166641235352,NA,47.7666664123535,NA,2007-04-21T22:39:00Z,NA
MLB070421,1,NA,NA,NA,15,27.78,15,NA,NA,NA,-69.7666702270508,NA,47.7999992370605,NA,2007-04-21T23:09:00Z
MLB070421,2,NA,NA,NA,13.6000003814697,25.187200706481885,13.6000003814697,NA,NA,-69.75,NA,47.8333320617676,NA,2007-04-22T02:41:00Z,NA
MLB070421,2,NA,NA,NA,13.6999998092651,25.372399646758964,13.6999998092651,NA,NA,NA,-69.6500015258789,NA,47.8333320617676,NA,2007-04-22T02:51:00Z
MLB070421,3,NA,NA,NA,13.5,25.002000000000002,13.5,NA,NA,-68.5235977172852,NA,48.5104598999023,NA,2007-04-22T17:14:00Z,NA
MLB070421,3,NA,NA,NA,13,24.076,13,NA,NA,NA,-68.5525436401367,NA,48.587158203125,NA,2007-04-22T17:35:00Z
MLB070421,4,NA,NA,NA,12.3000001907348,22.77960035324085,12.3000001907348,NA,NA,-68.5048522949219,NA,48.6780281066895,NA,2007-04-22T18:36:00Z,NA
MLB070421,4,NA,NA,NA,11.3999996185302,21.112799293517934,11.3999996185302,NA,NA,NA,-68.371452331543,NA,48.7218818664551,NA,2007-04-22T19:06:00Z
MLB070421,6,NA,NA,NA,11.5,21.298000000000002,11.5,NA,NA,-67.0666656494141,NA,49.1500015258789,NA,2007-04-22T23:58:00Z,NA
MLB070421,6,NA,NA,NA,12,22.224,12,NA,NA,NA,-66.8166656494141,NA,49.216667175293,NA,2007-04-23T00:49:00Z
MLB070421,8,NA,NA,NA,12,22.224,12,NA,NA,-64.1999969482422,NA,48.7333335876465,NA,2007-04-23T22:40:00Z,NA
MLB070421,8,NA,NA,NA,13.3000001907348,24.63160035324085,13.3000001907348,NA,NA,NA,-64.1504364013672,NA,49.0704689025879,NA,2007-04-24T00:35:00Z
MLB070421,9,NA,NA,NA,14,25.928,14,NA,NA,-64.2045364379883,NA,49.2810211181641,NA,2007-04-24T01:32:00Z,NA
MLB070421,9,NA,NA,NA,14.3999996185302,26.66879929351793,14.3999996185302,NA,NA,NA,-64.2744293212891,NA,49.3926887512207,NA,2007-04-24T02:03:00Z
MLB070421,11,NA,NA,NA,13.1999998092651,24.446399646758966,13.1999998092651,NA,NA,-67.0666656494141,NA,49.6500015258789,NA,2007-04-26T00:26:00Z,NA
MLB070421,11,NA,NA,NA,12.8999996185302,23.890799293517933,12.8999996185302,NA,NA,NA,-67.1166687011719,NA,49.5833320617676,NA,2007-04-26T00:46:00Z
MLB070421,12,NA,NA,NA,13,24.076,13,NA,NA,-68.0166702270508,NA,49.1666679382324,NA,2007-04-26T16:03:00Z,NA
MLB070421,12,NA,NA,NA,13.6000003814697,25.187200706481885,13.6000003814697,NA,NA,NA,-67.6500015258789,NA,48.9166679382324,NA,2007-04-26T17:36:00Z
MLB070421,13,NA,NA,NA,13.3000001907348,24.63160035324085,13.3000001907348,NA,NA,-65.783332824707,NA,49.5666656494141,NA,2007-04-27T15:19:00Z,NA
MLB070421,13,NA,NA,NA,12.8999996185302,23.890799293517933,12.8999996185302,NA,NA,NA,-66.2536163330078,NA,49.702220916748,NA,2007-04-27T16:30:00Z
MLB070421,14,NA,NA,NA,12.8999996185302,23.890799293517933,12.8999996185302,NA,NA,-66.2557830810547,NA,49.6968116760254,NA,2007-04-27T17:18:00Z,NA
MLB070421,14,NA,NA,NA,12.1000003814697,22.409200706481887,12.1000003814697,NA,NA,NA,-66.3970489501953,NA,49.3587303161621,NA,2007-04-27T19:03:00Z
MLB070421,15,NA,NA,NA,14.1999998092651,26.298399646758966,14.1999998092651,NA,NA,-66.369010925293,NA,49.2066192626953,NA,2007-04-27T22:03:00Z,NA
MLB070421,15,NA,NA,NA,14.3000001907348,26.48360035324085,14.3000001907348,NA,NA,NA,-66.2563629150391,NA,49.2342910766602,NA,2007-04-27T22:23:00Z
MLB070421,16,NA,NA,NA,14.6999998092651,27.224399646758965,14.6999998092651,NA,NA,-65.8666687011719,NA,49.3166656494141,NA,2007-04-27T23:30:00Z,NA
MLB070421,16,NA,NA,NA,14.8000001907348,27.40960035324085,14.8000001907348,NA,NA,NA,-65.7274475097656,NA,49.3168792724609,NA,2007-04-27T23:50:00Z
MLB070421,17,NA,NA,NA,15.1000003814697,27.965200706481884,15.1000003814697,NA,NA,-65.1015472412109,NA,49.3026390075684,NA,2007-04-28T01:27:00Z,NA
MLB070421,17,NA,NA,NA,15.5,28.706000000000003,15.5,NA,NA,NA,-64.7956619262695,NA,49.230899810791,NA,2007-04-28T02:17:00Z
MLB070421,18,NA,NA,NA,13.1000003814697,24.261200706481887,13.1000003814697,NA,NA,-64.2827835083008,NA,48.4573593139648,NA,2007-04-29T18:24:00Z,NA
MLB070421,18,NA,NA,NA,14.1999998092651,26.298399646758966,14.1999998092651,NA,NA,NA,-64.3889465332031,NA,48.3785400390625,NA,2007-04-29T19:04:00Z
MLB070421,19,NA,NA,NA,13.8000001907348,25.55760035324085,13.8000001907348,NA,NA,-64.5148773193359,NA,48.3610610961914,NA,2007-04-29T19:56:00Z,NA
MLB070421,19,NA,NA,NA,14.3000001907348,26.48360035324085,14.3000001907348,NA,NA,NA,-64.6624603271484,NA,48.2845115661621,NA,2007-04-29T20:27:00Z
MLB070421,20,NA,NA,NA,11,20.372,11,NA,NA,-64.6796722412109,NA,48.2618789672852,NA,2007-04-29T23:49:00Z,NA
MLB070421,20,NA,NA,NA,13.6999998092651,25.372399646758964,13.6999998092651,NA,NA,NA,-64.4790420532227,NA,48.1771507263184,NA,2007-04-30T00:33:00Z
MLB070421,21,NA,NA,NA,12.6000003814697,23.335200706481885,12.6000003814697,NA,NA,-65.3963012695313,NA,47.975269317627,NA,2007-04-30T14:39:00Z,NA
MLB070421,21,NA,NA,NA,13,24.076,13,NA,NA,NA,-65.2916870117188,NA,47.9889488220215,NA,2007-04-30T14:59:00Z
MLB070421,22,NA,NA,NA,13.3000001907348,24.63160035324085,13.3000001907348,NA,NA,-65.1268463134766,NA,48.0256805419922,NA,2007-04-30T15:48:00Z,NA
MLB070421,22,NA,NA,NA,12.5,23.150000000000002,12.5,NA,NA,NA,-64.8399124145508,NA,48.1476898193359,NA,2007-04-30T16:54:00Z
MLB070421,23,NA,NA,NA,12.8000001907348,23.70560035324085,12.8000001907348,NA,NA,-64.6253204345703,NA,48.2314109802246,NA,2007-04-30T17:42:00Z,NA
MLB070421,23,NA,NA,NA,13,24.076,13,NA,NA,NA,-64.2315673828125,NA,48.4440002441406,NA,2007-04-30T19:18:00Z
MLB070421,24,NA,NA,NA,13.6999998092651,25.372399646758964,13.6999998092651,NA,NA,-64.1265869140625,NA,48.660888671875,NA,2007-04-30T20:17:00Z,NA
MLB070421,24,NA,NA,NA,13.8000001907348,25.55760035324085,13.8000001907348,NA,NA,NA,-64.141242980957,NA,48.8127098083496,NA,2007-04-30T20:57:00Z
MLB070421,26,NA,NA,NA,13.8000001907348,25.55760035324085,13.8000001907348,NA,NA,-64.5444717407227,NA,49.100959777832,NA,2007-04-30T23:00:00Z,NA
MLB070421,26,NA,NA,NA,13.3999996185302,24.81679929351793,13.3999996185302,NA,NA,NA,-64.7449569702148,NA,49.1769905090332,NA,2007-04-30T23:40:00Z
MLB070421,27,NA,NA,NA,10,18.52,10,NA,NA,-64.8351135253906,NA,49.2091217041016,NA,2007-05-01T00:28:00Z,NA
MLB070421,27,NA,NA,NA,13.6000003814697,25.187200706481885,13.6000003814697,NA,NA,NA,-64.6981811523438,NA,49.5545806884766,NA,2007-05-01T02:00:00Z
MLB070421,28,NA,NA,NA,13.8000001907348,25.55760035324085,13.8000001907348,NA,NA,-64.3641967773438,NA,49.7605094909668,NA,2007-05-01T16:33:00Z,NA
MLB070421,28,NA,NA,NA,13.5,25.002000000000002,13.5,NA,NA,NA,-65.1614532470703,NA,49.8260383605957,NA,2007-05-01T18:56:00Z
MLB070421,29,NA,NA,NA,13.6999998092651,25.372399646758964,13.6999998092651,NA,NA,-65.6425323486328,NA,49.9048194885254,NA,2007-05-01T20:21:00Z,NA
MLB070421,29,NA,NA,NA,13.3999996185302,24.81679929351793,13.3999996185302,NA,NA,NA,-66.1438293457031,NA,50.0511016845703,NA,2007-05-01T21:56:00Z
MLB070421,30,NA,NA,NA,12.6999998092651,23.520399646758964,12.6999998092651,NA,NA,-66.5140075683594,NA,50.0542602539063,NA,2007-05-02T00:07:00Z,NA
MLB070421,30,NA,NA,NA,13.3000001907348,24.63160035324085,13.3000001907348,NA,NA,NA,-66.5761032104492,NA,49.995361328125,NA,2007-05-02T00:27:00Z
MLB090423,10251,NA,NA,NA,13.8,25.557600000000004,13.8,NA,NA,-64.7357777777778,NA,49.7993611111111,NA,2009-04-27T12:00:52Z,NA
MLB090423,10251,NA,NA,NA,14,25.928,14,NA,NA,NA,-65.0959722222222,NA,49.8428611111111,NA,2009-04-27T13:02:27Z
MLB090423,10255,NA,NA,NA,14.3,26.483600000000003,14.3,NA,NA,-65.1881666666667,NA,49.8534722222222,NA,2009-04-27T13:17:57Z,NA
MLB090423,10255,NA,NA,NA,14.6,27.0392,14.6,NA,NA,NA,-65.4761111111111,NA,49.8861111111111,NA,2009-04-27T14:04:58Z
MLB090423,10259,NA,NA,NA,12.3,22.779600000000002,12.3,NA,NA,NA,-66.0684722222222,NA,50.0092222222222,NA,2009-04-27T15:44:54Z
MLB090423,10271,NA,NA,NA,14.2,26.2984,14.2,NA,NA,-66.9983888888889,NA,49.6442777777778,NA,2009-04-29T12:53:02Z,NA
MLB090423,10271,NA,NA,NA,13.7,25.3724,13.7,NA,NA,NA,-67.2050277777778,NA,49.4199166666667,NA,2009-04-29T14:00:12Z
MLB090423,10278,NA,NA,NA,12.2,22.5944,12.2,NA,NA,-68.0298333333333,NA,49.1789166666667,NA,2009-04-29T19:51:35Z,NA
MLB090423,10278,NA,NA,NA,12.7,23.5204,12.7,NA,NA,NA,-67.808,NA,49.0157777777778,NA,2009-04-29T20:58:41Z
MLB090423,10289,NA,NA,NA,11.9,22.038800000000002,11.9,NA,NA,-67.7446944444444,NA,48.9720555555556,NA,2009-04-29T21:16:43Z,NA
MLB090423,10289,NA,NA,NA,13.3,24.631600000000002,13.3,NA,NA,NA,-67.6333611111111,NA,48.9015833333333,NA,2009-04-29T21:46:38Z
MLB090423,10299,NA,NA,NA,15.2,28.1504,15.2,NA,NA,-66.1471666666667,NA,49.6742222222222,NA,2009-05-02T11:04:28Z,NA
MLB090423,10299,NA,NA,NA,15.3,28.335600000000003,15.3,NA,NA,NA,-65.8659444444444,NA,49.5721111111111,NA,2009-05-02T11:54:12Z
MLB090423,10308,NA,NA,NA,13.7,25.3724,13.7,NA,NA,-65.9936944444444,NA,49.4375277777778,NA,2009-05-02T15:16:08Z,NA
MLB090423,10308,NA,NA,NA,13.5,25.002000000000002,13.5,NA,NA,NA,-66.0879722222222,NA,49.3478055555556,NA,2009-05-02T15:45:08Z
MLB090423,10327,NA,NA,NA,17.5,32.410000000000004,17.5,NA,NA,-64.1013055555556,NA,48.795,NA,2009-05-05T11:58:35Z,NA
MLB090423,10327,NA,NA,NA,15.1,27.9652,15.1,NA,NA,NA,-64.1435833333333,NA,48.5833611111111,NA,2009-05-05T12:50:12Z
MLB090423,10344,NA,NA,NA,15.3,28.335600000000003,15.3,NA,NA,-64.7141944444444,NA,48.2478333333333,NA,2009-05-05T19:34:38Z,NA
MLB090423,10344,NA,NA,NA,15.4,28.5208,15.4,NA,NA,NA,-64.7372222222222,NA,48.1965555555556,NA,2009-05-05T19:47:17Z
MLB090423,10348,NA,NA,NA,15.4,28.5208,15.4,NA,NA,-64.7395,NA,48.1909166666667,NA,2009-05-05T19:48:37Z,NA
MLB090423,10348,NA,NA,NA,14.5,26.854000000000003,14.5,NA,NA,NA,-65.1096944444444,NA,48.0393333333333,NA,2009-05-05T21:00:12Z
MLB090423,10357,NA,NA,NA,11.1,20.5572,11.1,NA,NA,-64.0408888888889,NA,47.82725,NA,2009-05-06T09:48:18Z,NA
MLB090423,10357,NA,NA,NA,10.6,19.6312,10.6,NA,NA,NA,-64.0648611111111,NA,48.0303055555556,NA,2009-05-06T10:54:41Z
MLB090423,10363,NA,NA,NA,10.6,19.6312,10.6,NA,NA,-64.0688611111111,NA,48.07225,NA,2009-05-06T11:09:47Z,NA
MLB090423,10363,NA,NA,NA,10,18.52,10,NA,NA,NA,-64.0855555555555,NA,48.2102777777778,NA,2009-05-06T11:58:01Z
MLB090423,10366,NA,NA,NA,10.7,19.816399999999998,10.7,NA,NA,-64.0904444444444,NA,48.3031944444444,NA,2009-05-06T12:29:21Z,NA
MLB090423,10366,NA,NA,NA,10.6,19.6312,10.6,NA,NA,NA,-64.1153333333333,NA,48.5620555555556,NA,2009-05-06T13:55:27Z
MLB090423,10378,NA,NA,NA,14.8,27.4096,14.8,NA,NA,-64.5348333333333,NA,49.7809722222222,NA,2009-05-08T13:48:39Z,NA
MLB090423,10378,NA,NA,NA,10.6,19.6312,10.6,NA,NA,NA,-64.7619722222222,NA,50.2141666666667,NA,2009-05-08T15:45:27Z
MLB090423,10392,NA,NA,NA,14.7,27.2244,14.7,NA,NA,-64.7298611111111,NA,50.2325,NA,2009-05-08T16:30:34Z,NA
MLB090423,10392,NA,NA,NA,14.5,26.854000000000003,14.5,NA,NA,NA,-64.2296111111111,NA,50.2328611111111,NA,2009-05-08T17:49:32Z
MLB090423,10398,NA,NA,NA,12.6,23.3352,12.6,NA,NA,-63.9383888888889,NA,50.2715555555556,NA,2009-05-08T19:11:47Z,NA
MLB090423,10398,NA,NA,NA,12,22.224,12,NA,NA,NA,-63.8856388888889,NA,50.2576944444444,NA,2009-05-08T19:22:37Z
MLB090423,10410,NA,NA,NA,14.4,26.6688,14.4,NA,NA,-63.6123055555556,NA,50.1130277777778,NA,2009-05-08T22:31:50Z,NA
MLB090423,10410,NA,NA,NA,15,27.78,15,NA,NA,NA,-63.1197777777778,NA,50.1571388888889,NA,2009-05-08T23:48:46Z
MLB090423,10428,NA,NA,NA,15,27.78,15,NA,NA,-61.8614166666667,NA,50.1048055555556,NA,2009-05-09T16:05:52Z,NA
MLB090423,10428,NA,NA,NA,NA,NA,NA,NA,NA,NA,-61.7470833333333,NA,50.0389722222222,NA,2009-05-09T16:31:32Z
MLB090423,10432,NA,NA,NA,NA,NA,NA,NA,NA,-61.7377777777778,NA,50.0387222222222,NA,2009-05-09T16:33:00Z,NA
MLB090423,10432,NA,NA,NA,14.6,27.0392,14.6,NA,NA,NA,-61.3091666666667,NA,50.1354166666667,NA,2009-05-09T17:44:30Z
MLB090423,10444,NA,NA,NA,11.8,21.853600000000004,11.8,NA,NA,-60.6773611111111,NA,50.1458611111111,NA,2009-05-10T03:02:28Z,NA
MLB090423,10444,NA,NA,NA,14.9,27.594800000000003,14.9,NA,NA,NA,-60.5541111111111,NA,50.1263055555556,NA,2009-05-10T03:22:22Z
MLB090423,10450,NA,NA,NA,11.6,21.4832,11.6,NA,NA,-58.919,NA,50.7442222222222,NA,2009-05-10T13:31:02Z,NA
MLB090423,10450,NA,NA,NA,5,9.26,5,NA,NA,NA,-58.9136944444444,NA,50.8086388888889,NA,2009-05-10T13:51:09Z
MLB090423,10468,NA,NA,NA,14.4,26.6688,14.4,NA,NA,-58.5557777777778,NA,51.0331944444444,NA,2009-05-11T16:43:09Z,NA
MLB090423,10468,NA,NA,NA,13.8,25.557600000000004,13.8,NA,NA,NA,-58.3033333333333,NA,51.1454166666667,NA,2009-05-11T17:33:55Z
MLB090423,10473,NA,NA,NA,14.1,26.1132,14.1,NA,NA,-58.2310555555556,NA,51.1879166666667,NA,2009-05-11T21:00:07Z,NA
MLB090423,10473,NA,NA,NA,13.6,25.1872,13.6,NA,NA,NA,-57.7345277777778,NA,51.2664444444444,NA,2009-05-11T22:24:09Z
MLB090423,10496,NA,NA,NA,14.9,27.594800000000003,14.9,NA,NA,-59.3164444444444,NA,50.3576944444444,NA,2009-05-14T09:47:45Z,NA
MLB090423,10496,NA,NA,NA,14.2,26.2984,14.2,NA,NA,NA,-59.5015277777778,NA,50.2218888888889,NA,2009-05-14T10:32:13Z
MLB090423,10504,NA,NA,NA,14.2,26.2984,14.2,NA,NA,-59.6549166666667,NA,50.1011666666667,NA,2009-05-14T11:12:39Z,NA
MLB090423,10504,NA,NA,NA,13.6,25.1872,13.6,NA,NA,NA,-59.6609722222222,NA,50.0962777777778,NA,2009-05-14T11:14:17Z
MLB090423,10507,NA,NA,NA,13.6,25.1872,13.6,NA,NA,-59.7092222222222,NA,50.0589444444444,NA,2009-05-14T11:26:59Z,NA
MLB090423,10507,NA,NA,NA,13.9,25.742800000000003,13.9,NA,NA,NA,-60.0227777777778,NA,49.9435833333333,NA,2009-05-14T12:29:43Z
MLB090423,10521,NA,NA,NA,13.6,25.1872,13.6,NA,NA,-60.6860833333333,NA,49.5344444444444,NA,2009-05-14T15:07:43Z,NA
MLB090423,10521,NA,NA,NA,14,25.928,14,NA,NA,NA,-61.0614722222222,NA,49.3363888888889,NA,2009-05-14T16:29:17Z
MLB090423,10525,NA,NA,NA,14,25.928,14,NA,NA,-61.2375833333333,NA,49.2440555555556,NA,2009-05-14T17:08:13Z,NA
MLB090423,10525,NA,NA,NA,13.7,25.3724,13.7,NA,NA,NA,-61.4728333333333,NA,49.11975,NA,2009-05-14T17:59:59Z
MSM230816,74,NA,NA,NA,8.2,15.186399999999999,8.2,NA,NA,-91.07172,NA,58.659847,NA,2023-09-02T03:40:33Z,NA
MSM230816,74,NA,NA,NA,8.5,15.742,8.5,NA,NA,NA,-91.160105,NA,58.67483,NA,2023-09-02T04:01:13Z
NOR070731,1,4.059060261134478,0.18333333333333332,22.140328697097154,NA,NA,NA,NA,NA,-68.5112734,-68.4695918,48.5233873,48.5472161,2007-07-31T20:48:00Z,2007-07-31T20:59:00Z
NOR070731,2,10.966576650942766,0.5166666666666667,21.22563222763116,NA,NA,NA,NA,NA,-68.2463462,-68.1321056,48.6670733,48.7304753,2007-07-31T21:56:00Z,2007-07-31T22:27:00Z
NOR070731,3,0.7137532223302573,0.03333333333333333,21.412596669907717,NA,NA,NA,NA,NA,-67.9590977,-67.9521776,48.8221264,48.8266379,2007-07-31T23:13:00Z,2007-07-31T23:15:00Z
NOR070731,4,5.620259057926487,0.25,22.481036231705946,NA,NA,NA,NA,NA,-67.6855982,-67.6261122,48.9789283,49.0109539,2007-08-01T00:26:00Z,2007-08-01T00:41:00Z
NOR070731,5,37.49276752194176,1.65,22.72288940723743,NA,NA,NA,NA,NA,-67.2706712,-67.043692,49.2506683,49.5533556,2007-08-01T02:15:00Z,2007-08-01T03:54:00Z
NOR070801,1,38.1248547159563,1.7166666666666666,22.208653232595907,NA,NA,NA,NA,NA,-66.3780481,-65.876974,50.1916623,50.0728083,2007-08-01T14:14:00Z,2007-08-01T15:57:00Z
NOR070801,2,67.79051649361892,3.033333333333333,22.348521920973273,NA,NA,NA,NA,NA,-65.6697089,-64.7701604,50.0338841,49.8450083,2007-08-01T16:39:00Z,2007-08-01T19:41:00Z
NOR070801,3,16.545525939195514,0.7666666666666667,21.581120790255017,NA,NA,NA,NA,NA,-64.5772452,-64.351194,49.8034823,49.7753191,2007-08-01T20:19:00Z,2007-08-01T21:05:00Z
NOR070801,4,53.077308968658556,3.2666666666666666,16.24815580673221,NA,NA,NA,NA,NA,-64.3586934,-63.8772208,49.7673583,50.129789100000004,2007-08-02T00:09:00Z,2007-08-02T03:25:00Z
PAR110727,20240,190.0490850172011,1.075,176.78984652762892,NA,NA,NA,NA,NA,-66.996021,-65.262111,49.007558,50.293925,2011-07-27T19:48:53Z,2011-07-27T20:53:23Z
PAR110727,20251,225.76630317917335,1.2177777777777778,185.39203728216788,NA,NA,NA,NA,NA,-62.591903,-59.593452,49.619448,50.24271,2011-07-27T22:30:31Z,2011-07-27T23:43:35Z
PAR110727,20258,497.27034093433065,2.7894444444444444,178.26859463887575,NA,NA,NA,NA,NA,-59.595329,-64.889173,50.225701,47.428329,2011-07-28T11:05:32Z,2011-07-28T13:52:54Z
PAR110727,20283,338.9005009665457,1.8227777777777778,185.92529769575808,NA,NA,NA,NA,NA,-61.97841,-58.693469,46.465483,48.550644,2011-07-28T18:58:29Z,2011-07-28T20:47:51Z
PAR110727,20297,444.30335246519456,2.493611111111111,178.17668139408494,NA,NA,NA,NA,NA,-59.151364,-64.8352,48.612031,47.396697,2011-07-29T11:08:19Z,2011-07-29T13:37:56Z
PAR110727,20330,90.4417900121472,0.5097222222222222,177.43348449249586,NA,NA,NA,NA,NA,-64.801787,-63.601575,49.206205,49.425144,2011-07-29T17:14:14Z,2011-07-29T17:44:49Z
PAR111214,20613,89.91115126906831,0.4986111111111111,180.32320031679438,NA,NA,NA,NA,NA,-65.335108,-64.48046,49.254288,49.841567,2011-12-14T15:46:42Z,2011-12-14T16:16:37Z
PAR111214,20626,44.644983791795,0.26805555555555555,166.55123487094508,NA,NA,NA,NA,NA,-64.354744,-63.928816,49.929117,50.222587,2011-12-14T16:20:29Z,2011-12-14T16:36:34Z
PAR111214,20630,7.1809948824266225,0.041944444444444444,171.20252699825062,NA,NA,NA,NA,NA,-63.899795,-63.832396,50.244767,50.292781,2011-12-14T16:37:39Z,2011-12-14T16:40:10Z
PAR111214,20634,191.9431987998394,1.0363888888888888,185.20383695508494,NA,NA,NA,NA,NA,-62.127459,-59.468782,49.857576,50.078844,2011-12-14T18:18:48Z,2011-12-14T19:20:59Z
PAR111214,20642,63.60167534400061,0.3333333333333333,190.80502603200185,NA,NA,NA,NA,NA,-59.591666,-58.694337,50.458802,50.472297,2011-12-14T19:34:28Z,2011-12-14T19:54:28Z
PAR111214,20645,118.73681044037495,0.7761111111111111,152.98944795467068,NA,NA,NA,NA,NA,-56.870925,-58.569357,51.104935,51.092502,2011-12-15T13:25:22Z,2011-12-15T14:11:56Z
PAR111214,20656,69.6335320962879,0.3933333333333333,177.03440363463025,NA,NA,NA,NA,NA,-57.695085,-58.677809,50.46949,50.465418,2011-12-15T14:39:32Z,2011-12-15T15:03:08Z
PAR111214,20662,77.07419077005098,0.44166666666666665,174.50760174351166,NA,NA,NA,NA,NA,-62.310334,-63.048545,50.258865,49.754598,2011-12-15T16:41:48Z,2011-12-15T17:08:18Z
PAR111214,20668,34.206391034030005,0.21944444444444444,155.8772249652,NA,NA,NA,NA,NA,-63.58346,-63.900323,49.387529,49.160191,2011-12-15T17:23:05Z,2011-12-15T17:36:15Z
PAR111214,20674,34.673709242721586,0.17833333333333334,194.43201444516777,NA,NA,NA,NA,NA,-64.122301,-63.65024,48.71665,48.713809,2011-12-17T13:14:03Z,2011-12-17T13:24:45Z
PAR111214,20677,34.139206511733825,0.21222222222222223,160.86537099769865,NA,NA,NA,NA,NA,-63.681728,-64.145581,48.615996,48.620863,2011-12-17T13:28:31Z,2011-12-17T13:41:15Z
PAR111214,20679,187.72968928163425,1.0133333333333334,185.2595617910864,NA,NA,NA,NA,NA,-64.226234,-62.490236,48.464052,47.244505,2011-12-17T13:48:51Z,2011-12-17T14:49:39Z
PAR111214,20684,36.106257954054044,0.1963888888888889,183.85081843648453,NA,NA,NA,NA,NA,-62.439689,-61.961414,47.409677,47.389731,2011-12-17T14:57:30Z,2011-12-17T15:09:17Z
PAR111214,20688,211.227977008059,1.1855555555555555,178.16792812301136,NA,NA,NA,NA,NA,-62.401797,-59.582898,47.810401,47.710304,2011-12-18T13:24:07Z,2011-12-18T14:35:15Z
PAR111214,20701,221.4832144769137,1.263611111111111,175.27798903426893,NA,NA,NA,NA,NA,-59.375267,-62.353628,48.103915,48.212061,2011-12-18T14:49:57Z,2011-12-18T16:05:46Z
PAR111214,20709,58.00155188381268,0.3436111111111111,168.7999893142487,NA,NA,NA,NA,NA,-62.360695,-62.899063,48.136976,48.515593,2011-12-18T16:09:01Z,2011-12-18T16:29:38Z
PAR111214,20714,88.13596716977632,0.5161111111111111,170.7693658833126,NA,NA,NA,NA,NA,-63.22503,-62.397412,48.530795,49.105162,2011-12-18T16:37:31Z,2011-12-18T17:08:29Z
PAR111214,20720,66.42227203629615,0.4125,161.02368978496037,NA,NA,NA,NA,NA,-63.66776,-64.491852,48.532435,48.77671,2011-12-18T17:39:54Z,2011-12-18T18:04:39Z
PAR111214,20726,22.403620602164203,0.12055555555555555,185.83648425758327,NA,NA,NA,NA,NA,-64.595074,-64.393065000000007,47.736695,47.588393,2011-12-18T19:39:57Z,2011-12-18T19:47:11Z
PAR111214,20729,51.046453933524994,0.29583333333333334,172.55139357811265,NA,NA,NA,NA,NA,-64.592048,-64.113312,47.454168,47.130374,2011-12-18T19:52:55Z,2011-12-18T20:10:40Z
PAR111214,20732,16.47295616252296,0.09388888888888888,175.45160409787766,NA,NA,NA,NA,NA,-64.424767,-64.587645,47.075816,47.173878,2011-12-18T20:17:00Z,2011-12-18T20:22:38Z
PAR120312,20739,188.20658146240334,1.0002777777777778,188.15431637452153,NA,NA,NA,NA,NA,-67.180805,-65.404142,49.054385,50.294087,2012-03-12T19:05:32Z,2012-03-12T20:05:33Z
PAR120312,20788,50.56268469138606,0.275,183.86430796867657,NA,NA,NA,NA,NA,-64.347319,-63.869069,49.937488,50.272481,2012-03-12T20:25:06Z,2012-03-12T20:41:36Z
PAR120312,20816,75.20140783481125,0.38805555555555554,193.79031367596315,NA,NA,NA,NA,NA,-63.038807,-62.3203055555556,49.764985,50.2581111111111,2012-03-12T21:56:19Z,2012-03-12T22:19:36Z
PAR120312,20836,186.63187103839164,1.0238888888888888,182.27746493169016,NA,NA,NA,NA,NA,-62.0850833333333,-59.499997,49.8544722222222,50.067786,2012-03-12T22:33:05Z,2012-03-12T23:34:31Z
PAR120312,20871,147.45117424802916,0.7622222222222222,193.44906242452805,NA,NA,NA,NA,NA,-59.563581,-57.48252,50.471312,50.465275,2012-03-12T23:42:07Z,2012-03-13T00:27:51Z
PAR120312,20918,37.36135325933589,0.19027777777777777,196.35163756731274,NA,NA,NA,NA,NA,-57.441743,-56.907366,51.095107,51.100094,2012-03-13T00:45:29Z,2012-03-13T00:56:54Z
PAR120312,20940,79.0679014338335,0.4413888888888889,179.13432672234146,NA,NA,NA,NA,NA,-57.461284,-58.5923055555556,51.100156,51.0956666666667,2012-03-13T16:30:33Z,2012-03-13T16:57:02Z
PAR120312,20988,266.7888099949419,1.5402777777777779,173.20824454135092,NA,NA,NA,NA,NA,-58.079987,-61.72682,49.525696,49.202752,2012-03-13T17:37:28Z,2012-03-13T19:09:53Z
PAR120312,21010,192.42543296906854,1.0305555555555554,186.72009668157597,NA,NA,NA,NA,NA,-62.469718,-64.258766,47.235823,48.479758,2012-03-13T20:55:54Z,2012-03-13T21:57:44Z
PAR120312,21075,86.16848058629793,0.45805555555555555,188.11796853285176,NA,NA,NA,NA,NA,-63.208746,-62.39919,48.541629,49.102959,2012-03-13T23:20:25Z,2012-03-13T23:47:54Z
PAR120312,21089,269.485767634873,1.5158333333333334,177.7806053666012,NA,NA,NA,NA,NA,-62.256328,-58.624121,48.483171,48.801912,2012-03-14T00:06:04Z,2012-03-14T01:37:01Z
PAR120312,21109,243.77658761829562,1.2783333333333333,190.6987647600748,NA,NA,NA,NA,NA,-59.092685,-62.371143000000004,48.099155,48.213545,2012-03-14T17:48:15Z,2012-03-14T19:04:57Z
PAR120312,21131,57.021005766663805,0.3275,174.1099412722559,NA,NA,NA,NA,NA,-62.3586666666667,-62.890375,48.13875,48.50941,2012-03-14T19:09:35Z,2012-03-14T19:29:14Z
PAR120312,21151,88.77558246109501,0.49027777777777776,181.0720095523751,NA,NA,NA,NA,NA,-65.318363,-64.484877,49.253727,49.839855,2012-03-14T20:13:07Z,2012-03-14T20:42:32Z
PAR120312,21175,33.46044168173611,0.2025,165.2367490456104,NA,NA,NA,NA,NA,-64.124538,-63.669115,48.718715,48.711339,2012-03-14T22:06:23Z,2012-03-14T22:18:32Z
PAR120312,21188,34.491742672240974,0.17555555555555555,196.47195193048657,NA,NA,NA,NA,NA,-63.6656944444444,-64.134399,48.619,48.621373,2012-03-14T22:22:11Z,2012-03-14T22:32:43Z
PAR120312,21198,34.244073426281574,0.21305555555555555,160.72837592518079,NA,NA,NA,NA,NA,-64.127856,-63.663349,48.528036,48.529367,2012-03-14T22:36:24Z,2012-03-14T22:49:11Z
PAR120312,21218,71.64079820138976,0.38,188.52841631944673,NA,NA,NA,NA,NA,-64.233993,-63.563368,48.914865,49.385791,2012-03-14T23:42:45Z,2012-03-15T00:05:33Z
PAR120312,21243,139.29385087257515,0.7566666666666667,184.0887896994385,NA,NA,NA,NA,NA,-62.3735833333333,-60.513133,47.8088333333333,47.754421,2012-03-15T00:59:35Z,2012-03-15T01:44:59Z
PAR120312,21263,69.7077872280525,0.4047222222222222,172.2361249286129,NA,NA,NA,NA,NA,-60.5139,-59.584578,47.744551,47.707972,2012-03-15T16:35:13Z,2012-03-15T16:59:30Z
PAR120312,21276,128.69566027905864,0.65,197.99332350624405,NA,NA,NA,NA,NA,-60.1311944444444,-61.835261,47.3193888888889,47.379602,2012-03-15T17:14:06Z,2012-03-15T17:53:06Z
PAR120312,21291,35.49078849801676,0.1827777777777778,194.1745267368698,NA,NA,NA,NA,NA,-61.9808888888889,-62.451205,47.3853611111111,47.402027,2012-03-15T17:57:24Z,2012-03-15T18:08:22Z
PAR120321,21306,54.837762412620535,0.2997222222222222,182.96195058891004,NA,NA,NA,NA,NA,-67.0598,-67.1583055555556,44.021794,44.5093333333333,2012-03-21T18:40:13Z,2012-03-21T18:58:12Z
PAR120321,21314,91.49336372989492,0.5041666666666667,181.47444045598994,NA,NA,NA,NA,NA,-66.2690555555556,-67.141914,44.0045555555556,44.53832,2012-03-21T19:22:18Z,2012-03-21T19:52:33Z
PAR120321,21333,29.477459190904145,0.16,184.23411994315092,NA,NA,NA,NA,NA,-66.257865,-66.310552,43.995856,44.257942,2012-03-21T21:31:34Z,2012-03-21T21:41:10Z
PAR120321,21343,89.2483048098455,0.47833333333333333,186.58182190211602,NA,NA,NA,NA,NA,-66.32024,-66.483679,44.2991,45.092369,2012-03-21T21:42:49Z,2012-03-21T22:11:31Z
PAR120321,21354,64.61844962438403,0.37722222222222224,171.30075010882362,NA,NA,NA,NA,NA,-66.362,-65.743513,45.0986944444444,44.717798,2012-03-21T22:16:24Z,2012-03-21T22:39:02Z
PAR120321,21367,52.07343584976963,0.28583333333333333,182.1811166755789,NA,NA,NA,NA,NA,-65.55519,-65.655191,44.819611,45.282029,2012-03-21T22:44:52Z,2012-03-21T23:02:01Z
PAR120321,21378,46.075250664797494,0.2575,178.9330122904757,NA,NA,NA,NA,NA,-65.542013,-65.0883611111111,45.311267,45.0484722222222,2012-03-21T23:05:07Z,2012-03-21T23:20:34Z
PAR120321,21388,50.25002180200936,0.2688888888888889,186.88024637110917,NA,NA,NA,NA,NA,-65.0388888888889,-65.1242777777778,45.0681666666667,45.5155555555556,2012-03-21T23:21:49Z,2012-03-21T23:37:57Z
PAR120321,21403,18.064542360361727,0.1,180.64542360361727,NA,NA,NA,NA,NA,-65.1045833333333,-64.933711,45.5189166666667,45.409502,2012-03-21T23:38:39Z,2012-03-21T23:44:39Z
PAR120321,21417,113.62976667533323,0.6252777777777778,181.7268591875609,NA,NA,NA,NA,NA,-62.5485277777778,-61.065625,46.6038888888889,46.549555,2012-03-22T00:34:44Z,2012-03-22T01:12:15Z
PAR120321,21428,137.03497200105943,0.7666666666666667,178.74126782746882,NA,NA,NA,NA,NA,-60.700525,-62.502243,46.940029,47.002952,2012-03-22T16:44:59Z,2012-03-22T17:30:59Z
PAR120321,21461,130.05127325683964,0.7219444444444445,180.14027846272515,NA,NA,NA,NA,NA,-62.7759722222222,-63.975863,46.4496111111111,47.281414,2012-03-22T17:51:05Z,2012-03-22T18:34:24Z
PAR120321,21494,48.74946187446165,0.27666666666666667,176.20287424504212,NA,NA,NA,NA,NA,-64.133574,-64.590392,47.138367,47.447851,2012-03-22T18:40:52Z,2012-03-22T18:57:28Z
PAR120321,21509,15.161959526863903,0.08805555555555555,172.18629115681404,NA,NA,NA,NA,NA,-64.5786111111111,-64.430817,47.1747222222222,47.082851,2012-03-22T19:06:19Z,2012-03-22T19:11:36Z
PAR120321,21519,66.99186653035645,0.38055555555555554,176.0370215396228,NA,NA,NA,NA,NA,-63.992117,-64.618308,47.310791,47.739003,2012-03-22T19:22:35Z,2012-03-22T19:45:25Z
PAR120321,21536,66.13814521735549,0.4022222222222222,164.43185275033133,NA,NA,NA,NA,NA,-64.6820833333333,-65.4536944444445,47.7764444444444,48.0690555555556,2012-03-22T19:47:45Z,2012-03-22T20:11:53Z
PAR130430,23080,16.135637128334015,0.08416666666666667,191.71054013862195,NA,NA,NA,NA,NA,-62.0556666666667,-61.83275,49.8527222222222,49.8717222222222,2013-04-30T22:26:59Z,2013-04-30T22:32:02Z
PAR130430,23085,102.840393793615,0.49666666666666665,207.0611955576141,NA,NA,NA,NA,NA,-60.8810833333333,-59.4535277777778,49.9226388888889,50.0254166666667,2013-04-30T22:49:08Z,2013-04-30T23:18:56Z
PAR130430,23094,147.843199912581,0.8230555555555555,179.627242553254,NA,NA,NA,NA,NA,-59.5670833333333,-57.4803611111111,50.4716944444444,50.4698055555556,2013-04-30T23:33:41Z,2013-05-01T00:23:04Z
PAR130430,23099,118.0384381136219,0.6225,189.61998090541667,NA,NA,NA,NA,NA,-58.5630555555556,-56.8745833333333,51.0960833333333,51.09675,2013-05-01T00:52:50Z,2013-05-01T01:30:11Z
PAR130430,23106,209.1641029402884,1.1152777777777778,187.54440114197712,NA,NA,NA,NA,NA,-59.6031666666667,-62.3945,47.7105,47.8096944444444,2013-05-01T17:36:20Z,2013-05-01T18:43:15Z
PAR130430,23119,191.08552767315652,1.0025,190.6090051602559,NA,NA,NA,NA,NA,-62.4919722222222,-64.2620833333333,47.2415,48.4810277777778,2013-05-01T19:51:39Z,2013-05-01T20:51:48Z
PAR130430,23127,72.28680800210036,0.37527777777777777,192.62213827354648,NA,NA,NA,NA,NA,-64.2357777777778,-63.5589722222222,48.9151388888889,49.39025,2013-05-01T21:05:57Z,2013-05-01T21:28:28Z
PAR130430,23136,75.96506719595142,0.385,197.31186284662706,NA,NA,NA,NA,NA,-63.0390555555556,-62.3193333333333,49.7563055555556,50.2580277777778,2013-05-01T21:42:47Z,2013-05-01T22:05:53Z
PAR130430,23144,265.43681165353223,1.3808333333333334,192.2294351142056,NA,NA,NA,NA,NA,-61.7233888888889,-58.0922222222222,49.2102222222222,49.5176111111111,2013-05-01T23:24:00Z,2013-05-02T00:46:51Z
PAR130430,23155,53.237390950067024,0.26472222222222225,201.10661848923533,NA,NA,NA,NA,NA,-58.6082777777778,-57.86675,49.8381666666667,49.8405,2013-05-02T01:00:58Z,2013-05-02T01:16:51Z
PER130717,23521,NA,NA,NA,6.2,11.4824,6.2,NA,NA,-64.7059444444444,NA,46.9555833333333,NA,2013-07-18T23:32:30Z,NA
PER130717,23521,NA,NA,NA,4.7,8.704400000000001,4.7,NA,NA,NA,-64.7206111111111,NA,46.9595833333333,NA,2013-07-18T23:42:20Z
PER130717,23543,NA,NA,NA,7.2,13.3344,7.2,NA,NA,-64.6238888888889,NA,46.6864722222222,NA,2013-07-19T21:15:28Z,NA
PER130717,23543,NA,NA,NA,9.3,17.2236,9.3,NA,NA,NA,-64.5216666666667,NA,46.2561666666667,NA,2013-07-20T00:10:58Z
PER130717,23559,NA,NA,NA,9,16.668,9,NA,NA,-64.3033888888889,NA,46.4970833333333,NA,2013-07-20T17:32:57Z,NA
PER130717,23559,NA,NA,NA,9.7,17.9644,9.7,NA,NA,NA,-64.3876388888889,NA,46.5676944444444,NA,2013-07-20T18:17:17Z
PER130717,23578,NA,NA,NA,9.6,17.7792,9.6,NA,NA,-64.5063888888889,NA,46.2619722222222,NA,2013-07-21T14:47:06Z,NA
PER130717,23578,NA,NA,NA,10.2,18.8904,10.2,NA,NA,NA,-64.4368333333333,NA,46.8994444444444,NA,2013-07-21T18:37:05Z
PER130717,23613,NA,NA,NA,8.4,15.5568,8.4,NA,NA,-64.4411944444444,NA,46.48,NA,2013-07-22T19:33:22Z,NA
PER130717,23613,NA,NA,NA,8.7,16.1124,8.7,NA,NA,NA,-64.3383333333333,NA,46.4014722222222,NA,2013-07-22T20:19:01Z
PER130717,23624,NA,NA,NA,6.5,12.038,6.5,NA,NA,-64.3048055555555,NA,46.3286944444444,NA,2013-07-25T20:33:52Z,NA
PER130717,23624,NA,NA,NA,8.5,15.742,8.5,NA,NA,NA,-64.2458333333333,NA,46.3324722222222,NA,2013-07-25T21:11:36Z
PER130717,23633,NA,NA,NA,8.4,15.5568,8.4,NA,NA,-64.1813055555556,NA,46.3679722222222,NA,2013-07-25T22:57:56Z,NA
PER130717,23633,NA,NA,NA,8.9,16.4828,8.9,NA,NA,NA,-63.79425,NA,46.386,NA,2013-07-26T00:55:19Z
PER130717,23638,NA,NA,NA,8,14.816,8,NA,NA,-63.8034444444444,NA,46.3844166666667,NA,2013-07-30T13:32:20Z,NA
PER130717,23638,NA,NA,NA,9.3,17.2236,9.3,NA,NA,NA,-63.8594722222222,NA,46.3331111111111,NA,2013-07-30T13:59:52Z
PER130717,23642,NA,NA,NA,10,18.52,10,NA,NA,-63.8393611111111,NA,46.3373333333333,NA,2013-07-30T14:41:44Z,NA
PER130717,23642,NA,NA,NA,8,14.816,8,NA,NA,NA,-64.00825,NA,46.3641666666667,NA,2013-07-30T15:24:36Z
PER130717,23662,NA,NA,NA,9.5,17.594,9.5,NA,NA,-63.8910833333333,NA,46.2874444444444,NA,2013-07-30T22:28:17Z,NA
PER130717,23662,NA,NA,NA,NA,NA,NA,NA,NA,NA,-63.7973333333333,NA,46.3858888888889,NA,2013-07-30T23:14:28Z
PER130717,23758,NA,NA,NA,5.2,9.630400000000002,5.2,NA,NA,-62.7729444444444,NA,45.9162222222222,NA,2013-08-04T18:39:03Z,NA
PER130717,23758,NA,NA,NA,8.5,15.742,8.5,NA,NA,NA,-62.7221111111111,NA,45.9062777777778,NA,2013-08-04T18:59:53Z
PER130717,23770,NA,NA,NA,9.8,18.149600000000003,9.8,NA,NA,-62.9266388888889,NA,45.8255833333333,NA,2013-08-04T23:20:59Z,NA
PER130717,23770,NA,NA,NA,11,20.372,11,NA,NA,NA,-62.7059722222222,NA,45.7872777777778,NA,2013-08-05T00:19:31Z
PER130717,23790,NA,NA,NA,9.4,17.408800000000003,9.4,NA,NA,-62.4559722222222,NA,45.7515555555556,NA,2013-08-05T15:11:10Z,NA
PER130717,23790,NA,NA,NA,11.5,21.298000000000002,11.5,NA,NA,NA,-62.3999722222222,NA,45.7611388888889,NA,2013-08-05T15:27:12Z
PER130717,23795,NA,NA,NA,9.4,17.408800000000003,9.4,NA,NA,-62.3041111111111,NA,45.77275,NA,2013-08-05T16:21:12Z,NA
PER130717,23795,NA,NA,NA,12,22.224,12,NA,NA,NA,-62.2911944444444,NA,45.7864444444444,NA,2013-08-05T16:28:19Z
PER130717,23817,NA,NA,NA,9.7,17.9644,9.7,NA,NA,-62.2664722222222,NA,45.7806111111111,NA,2013-08-05T22:17:47Z,NA
PER130717,23817,NA,NA,NA,10.7,19.816399999999998,10.7,NA,NA,NA,-62.6009166666667,NA,45.6968611111111,NA,2013-08-05T23:49:40Z
PER130717,23884,NA,NA,NA,8.9,16.4828,8.9,NA,NA,-62.5916388888889,NA,45.7263888888889,NA,2013-08-07T15:05:21Z,NA
PER130717,23884,NA,NA,NA,7.8,14.4456,7.8,NA,NA,NA,-62.6295833333333,NA,45.8146111111111,NA,2013-08-07T15:46:06Z
PER130717,23917,NA,NA,NA,7.4,13.7048,7.4,NA,NA,-62.4916666666667,NA,45.8730833333333,NA,2013-08-07T21:52:11Z,NA
PER130717,23917,NA,NA,NA,11,20.372,11,NA,NA,NA,-62.6826666666667,NA,45.6816111111111,NA,2013-08-08T00:13:48Z
PER130717,23935,NA,NA,NA,10.2,18.8904,10.2,NA,NA,-62.5773888888889,NA,45.7174444444444,NA,2013-08-08T14:10:27Z,NA
PER130717,23935,NA,NA,NA,10,18.52,10,NA,NA,NA,-62.5353333333333,NA,45.7348611111111,NA,2013-08-08T14:23:36Z
PER130717,23937,NA,NA,NA,7.5,13.89,7.5,NA,NA,-62.4755555555556,NA,45.7621944444444,NA,2013-08-08T14:40:47Z,NA
PER130717,23937,NA,NA,NA,10.2,18.8904,10.2,NA,NA,NA,-62.3860555555556,NA,45.7987777777778,NA,2013-08-08T15:07:45Z
PER130717,23947,NA,NA,NA,9.8,18.149600000000003,9.8,NA,NA,-62.4099444444444,NA,45.8023888888889,NA,2013-08-08T15:49:53Z,NA
PER130717,23947,NA,NA,NA,3.5,6.482,3.5,NA,NA,NA,-62.3542777777778,NA,45.8806111111111,NA,2013-08-08T16:22:48Z
PER130717,23956,NA,NA,NA,9.8,18.149600000000003,9.8,NA,NA,-62.3268888888889,NA,45.9654444444445,NA,2013-08-08T17:39:25Z,NA
PER130717,23956,NA,NA,NA,10.5,19.446,10.5,NA,NA,NA,-62.361,NA,45.9811666666667,NA,2013-08-08T17:50:24Z
PER130717,23961,NA,NA,NA,5.8,10.7416,5.8,NA,NA,-62.3763055555556,NA,46.0176944444444,NA,2013-08-08T19:03:31Z,NA
PER130717,23961,NA,NA,NA,9.2,17.0384,9.2,NA,NA,NA,-62.2449444444444,NA,46.0321944444444,NA,2013-08-08T19:59:17Z
PER130717,23993,NA,NA,NA,3.5,6.482,3.5,NA,NA,-62.1018611111111,NA,46.1484722222222,NA,2013-08-09T21:19:18Z,NA
PER130717,23993,NA,NA,NA,11.2,20.7424,11.2,NA,NA,NA,-62.2072777777778,NA,46.1951666666667,NA,2013-08-09T23:01:06Z
PER130717,24060,NA,NA,NA,9.3,17.2236,9.3,NA,NA,-62.25625,NA,46.3427222222222,NA,2013-08-12T13:32:52Z,NA
PER130717,24060,NA,NA,NA,10.6,19.6312,10.6,NA,NA,NA,-62.1073611111111,NA,46.2422222222222,NA,2013-08-12T14:26:34Z
PER130717,24069,NA,NA,NA,10.2,18.8904,10.2,NA,NA,-62.1089444444444,NA,46.2163055555556,NA,2013-08-12T15:18:59Z,NA
PER130717,24069,NA,NA,NA,3.5,6.482,3.5,NA,NA,NA,-62.0203611111111,NA,46.23175,NA,2013-08-12T15:41:38Z
PER130717,24076,NA,NA,NA,10.5,19.446,10.5,NA,NA,-62.0008611111111,NA,46.2201388888889,NA,2013-08-12T16:25:13Z,NA
PER130717,24076,NA,NA,NA,7.5,13.89,7.5,NA,NA,NA,-61.9194166666667,NA,46.2323611111111,NA,2013-08-12T16:45:43Z
PER130717,24099,NA,NA,NA,8,14.816,8,NA,NA,-61.9228055555556,NA,46.1427777777778,NA,2013-08-12T18:47:00Z,NA
PER130717,24099,NA,NA,NA,10.2,18.8904,10.2,NA,NA,NA,-61.9818333333333,NA,46.0973055555556,NA,2013-08-12T20:51:59Z
PER130717,24143,NA,NA,NA,9.9,18.3348,9.9,NA,NA,-62.2563888888889,NA,46.3412222222222,NA,2013-08-13T13:32:39Z,NA
PER130717,24143,NA,NA,NA,3.5,6.482,3.5,NA,NA,NA,-62.0293055555556,NA,46.0605833333333,NA,2013-08-13T15:29:45Z
PER130717,24153,NA,NA,NA,5.6,10.3712,5.6,NA,NA,-62.0169722222222,NA,45.9733888888889,NA,2013-08-13T16:38:01Z,NA
PER130717,24153,NA,NA,NA,9.2,17.0384,9.2,NA,NA,NA,-62.1421111111111,NA,45.9321388888889,NA,2013-08-13T17:48:36Z
PER130717,24168,NA,NA,NA,10,18.52,10,NA,NA,-62.37,NA,45.8072777777778,NA,2013-08-13T19:32:32Z,NA
PER130717,24168,NA,NA,NA,9,16.668,9,NA,NA,NA,-62.6938055555555,NA,45.67675,NA,2013-08-13T21:11:07Z
PER130717,24197,NA,NA,NA,9,16.668,9,NA,NA,-62.66175,NA,45.7639722222222,NA,2013-08-14T13:30:09Z,NA
PER130717,24197,NA,NA,NA,3.5,6.482,3.5,NA,NA,NA,-62.8991388888889,NA,45.8441111111111,NA,2013-08-14T14:45:45Z
PER130717,24218,NA,NA,NA,9.6,17.7792,9.6,NA,NA,-63.2797777777778,NA,45.9626944444444,NA,2013-08-14T16:36:54Z,NA
PER130717,24218,NA,NA,NA,NA,NA,NA,NA,NA,NA,-63.7935833333333,NA,46.1728611111111,NA,2013-08-14T19:13:03Z
PER130717,24230,NA,NA,NA,9,16.668,9,NA,NA,-63.9998055555556,NA,46.21025,NA,2013-08-14T20:14:23Z,NA
PER130717,24230,NA,NA,NA,11,20.372,11,NA,NA,NA,-64.5068333333333,NA,46.2605833333333,NA,2013-08-14T22:34:14Z
PRO070718,1,16.021624590472616,0.9,17.80180510052513,NA,NA,NA,NA,NA,-58.0898667,-58.2633574,49.0038943,49.0921229,2007-07-18T16:41:00Z,2007-07-18T17:35:00Z
PRO070718,2,19.0150704718981,2.35,8.091519349743871,NA,NA,NA,NA,NA,-58.3725125,-58.6011709,49.1699928,49.08759,2007-07-18T18:45:00Z,2007-07-18T21:06:00Z
PRO070718,3,1.149613488345375,0.06666666666666667,17.244202325180627,NA,NA,NA,NA,NA,-58.6036224,-58.6034454,48.9749962,48.9646697,2007-07-18T22:09:00Z,2007-07-18T22:13:00Z
PRO070718,4,38.48475212639689,3.566666666666667,10.79011741861595,NA,NA,NA,NA,NA,-58.7373359,-59.092052700000004,48.9087886,48.6540592,2007-07-18T23:41:00Z,2007-07-19T03:15:00Z
PRO070718,5,7.386514335495305,0.85,8.690016865288595,NA,NA,NA,NA,NA,-59.030496,-59.0558911,48.4109437,48.3467692,2007-07-19T14:45:00Z,2007-07-19T15:36:00Z
PRO070718,6,2.8542481509692132,0.16666666666666666,17.12548890581528,NA,NA,NA,NA,NA,-59.0715338,-59.0523292,48.2700688,48.247844,2007-07-19T16:28:00Z,2007-07-19T16:38:00Z
PRO070718,7,7.7851746091175436,0.75,10.380232812156725,NA,NA,NA,NA,NA,-58.965506,-58.8883764,48.2081956,48.2556438,2007-07-19T17:26:00Z,2007-07-19T18:11:00Z
PRO070718,8,23.941711618470677,2.9166666666666665,8.208586840618517,NA,NA,NA,NA,NA,-58.7953789,-58.6096735,48.3266795,48.5029274,2007-07-19T19:35:00Z,2007-07-19T22:30:00Z
PRO070718,9,44.582264746327304,3.4166666666666665,13.048467730632382,NA,NA,NA,NA,NA,-58.6941577,-59.2983467,48.5095954,48.4978581,2007-07-19T23:07:00Z,2007-07-20T02:32:00Z
PRO070718,10,5.884812925529436,0.6833333333333333,8.61192135443332,NA,NA,NA,NA,NA,-58.8657654,-58.789006,48.6717296,48.6867607,2007-07-20T15:04:00Z,2007-07-20T15:45:00Z
PRO070718,11,11.292549467512323,1.7,6.6426761573601905,NA,NA,NA,NA,NA,-58.7878848,-58.6973066,48.6362118,48.7181479,2007-07-20T16:22:00Z,2007-07-20T18:04:00Z
PRO070718,12,16.74176031039049,1.2,13.951466925325409,NA,NA,NA,NA,NA,-58.6228807,-58.5244543,48.8129693,48.9487213,2007-07-20T19:00:00Z,2007-07-20T20:12:00Z
PRO070718,13,42.390543462639805,3.533333333333333,11.997323621501831,NA,NA,NA,NA,NA,-58.5016931,-58.2866282,49.1085112,49.4625306,2007-07-20T21:26:00Z,2007-07-21T00:58:00Z
PRO070718,14,12.302917563047966,0.95,12.95043954005049,NA,NA,NA,NA,NA,-58.2034744,-58.2322706,49.544,49.4350755,2007-07-21T01:55:00Z,2007-07-21T02:52:00Z
PRO070718,15,28.585543876000536,3.85,7.4248165911689705,NA,NA,NA,NA,NA,-58.2149006,-58.0251558,49.1974318,48.9727163,2007-07-21T14:07:00Z,2007-07-21T17:58:00Z
SIM070610,1,8.506730954173936,0.3,28.355769847246453,NA,NA,NA,NA,NA,-69.7687627,-69.6688075,47.7878076,47.8243125,2007-06-10T22:26:00Z,2007-06-10T22:44:00Z
TEL070613,1,10.100974346244442,0.43333333333333335,23.309940799025636,NA,NA,NA,NA,NA,-65.7468278,-65.8863939,49.4575793,49.4557983,2007-06-13T12:48:00Z,2007-06-13T13:14:00Z
TEL070613,2,4.293765308600937,0.18333333333333332,23.420538046914206,NA,NA,NA,NA,NA,-66.5683509,-66.6130365,49.3284684,49.3031859,2007-06-13T15:24:00Z,2007-06-13T15:35:00Z
TEL070613,4,27.90058095709028,1.2,23.250484130908568,NA,NA,NA,NA,NA,-67.0502366,-67.4011875,49.0931261,48.9936376,2007-06-13T19:44:00Z,2007-06-13T20:56:00Z
TEL070613,5,28.230310509633657,1.1,25.663918645121505,NA,NA,NA,NA,NA,-67.7125169,-68.0413772,48.8904154,48.7583756,2007-06-13T22:11:00Z,2007-06-13T23:17:00Z
TEL070613,7,3.335487961943674,0.25,13.341951847774697,NA,NA,NA,NA,NA,-64.4291444,-64.384153,48.8366586,48.8321042,2007-06-14T04:09:00Z,2007-06-14T04:24:00Z
TEL070613,8,19.084765277569375,0.7666666666666667,24.893172101177445,NA,NA,NA,NA,NA,-68.6759234,-68.556828,48.7226272,48.5703099,2007-06-14T16:45:00Z,2007-06-14T17:31:00Z
TEL070613,9,91.70903041694986,3.6166666666666667,25.35733559915664,NA,NA,NA,NA,NA,-68.4544052,-67.4128658,48.6650991,49.1231668,2007-06-14T20:45:00Z,2007-06-15T00:22:00Z
TEL070613,10,57.426887803568206,2.2666666666666666,25.335391678044797,NA,NA,NA,NA,NA,-67.0461489,-66.5954787,49.3314511,49.7564417,2007-06-15T01:43:00Z,2007-06-15T03:59:00Z
TEL070613,11,13.422680278188485,0.6333333333333333,21.193705702402873,NA,NA,NA,NA,NA,-66.1987908,-66.1977286,49.3729341,49.2523581,2007-06-15T14:11:00Z,2007-06-15T14:49:00Z
TEL070613,12,0.9519353567507712,0.03333333333333333,28.558060702523136,NA,NA,NA,NA,NA,-66.0998387,-66.0868997,49.2572343,49.2585808,2007-06-15T16:27:00Z,2007-06-15T16:29:00Z
TEL070613,15,0.8436662578413043,0.03333333333333333,25.30998773523913,NA,NA,NA,NA,NA,-64.6290387,-64.6233953,49.418698,49.4253284,2007-06-15T23:14:00Z,2007-06-15T23:16:00Z
TEL070613,16,7.980331204723311,0.3,26.60110401574437,NA,NA,NA,NA,NA,-64.5753516,-64.5214821,49.4785112,49.5410872,2007-06-16T00:40:00Z,2007-06-16T00:58:00Z
TEL070613,17,11.639342413698266,0.4666666666666667,24.941448029353428,NA,NA,NA,NA,NA,-64.4862754,-64.4168437,49.5710689,49.6654558,2007-06-16T02:18:00Z,2007-06-16T02:46:00Z
TEL070613,18,5.949169615354448,0.3,19.830565384514827,NA,NA,NA,NA,NA,-64.4192792,-64.4830407,49.6715766,49.7055548,2007-06-16T03:41:00Z,2007-06-16T03:59:00Z
TEL070613,19,8.095158338028755,0.31666666666666665,25.56365790956449,NA,NA,NA,NA,NA,-62.4449212,-62.3333199,49.8269141,49.8372191,2007-06-16T14:24:00Z,2007-06-16T14:43:00Z
TEL070613,20,6.27002227122459,0.25,25.08008908489836,NA,NA,NA,NA,NA,-61.9607235,-61.874351,49.8720878,49.8807031,2007-06-16T15:46:00Z,2007-06-16T16:01:00Z
TEL070613,21,13.961403050413665,0.5666666666666667,24.637770088965294,NA,NA,NA,NA,NA,-61.507634,-61.3167573,49.9022359,49.9271858,2007-06-16T17:04:00Z,2007-06-16T17:38:00Z
TEL070613,22,36.57541959444522,1.9166666666666667,19.08282761449316,NA,NA,NA,NA,NA,-57.9847992,-57.6366485,50.0950974,50.3365982,2007-06-17T13:51:00Z,2007-06-17T15:46:00Z
TEL070613,23,30.08492153082417,1.8833333333333333,15.974294618136728,NA,NA,NA,NA,NA,-57.58007,-57.556311,50.4220158,50.6918514,2007-06-17T16:19:00Z,2007-06-17T18:12:00Z
TEL070613,24,12.221178531082463,0.4666666666666667,26.188239709462422,NA,NA,NA,NA,NA,-57.5650174,-57.5224991,50.7178956,50.8243364,2007-06-17T18:54:00Z,2007-06-17T19:22:00Z
TEL070613,25,1.8204361551666064,0.06666666666666667,27.306542327499095,NA,NA,NA,NA,NA,-57.0863772,-57.0658315,51.2730378,51.2831497,2007-06-17T21:42:00Z,2007-06-17T21:46:00Z
TEL070613,26,8.854584029659362,0.35,25.298811513312465,NA,NA,NA,NA,NA,-58.8691986,-58.8101471,49.753561,49.6837807,2007-06-18T13:57:00Z,2007-06-18T14:18:00Z
TEL070613,27,13.063283043277632,0.5166666666666667,25.283773632150254,NA,NA,NA,NA,NA,-58.7461657,-58.6668582,49.6067476,49.5012778,2007-06-18T14:41:00Z,2007-06-18T15:12:00Z
TEL070613,28,5.854553668340658,0.23333333333333334,25.090944292888533,NA,NA,NA,NA,NA,-58.5610665,-58.5252,49.3661588,49.3190432,2007-06-18T15:51:00Z,2007-06-18T16:05:00Z
TEL070613,29,19.17610857925412,0.85,22.560127740298963,NA,NA,NA,NA,NA,-58.394394,-58.1770385,49.1699445,49.0727896,2007-06-18T16:52:00Z,2007-06-18T17:43:00Z
TEL070613,31,78.78405595870937,3.0833333333333335,25.551585716338174,NA,NA,NA,NA,NA,-59.8277826,-60.8783073,48.9610541,48.8071919,2007-06-20T13:50:00Z,2007-06-20T16:55:00Z
TEL070613,32,17.864322902080342,0.7,25.520461288686207,NA,NA,NA,NA,NA,-60.9800113,-61.1227424,48.7858146,48.655867,2007-06-20T18:04:00Z,2007-06-20T18:46:00Z
TEL070613,33,17.458339915759,0.7,24.940485593941432,NA,NA,NA,NA,NA,-61.1407883,-61.2861426,48.6355358,48.5116553,2007-06-20T19:58:00Z,2007-06-20T20:40:00Z
TEL070613,34,13.30750341486469,0.5333333333333333,24.951568902871294,NA,NA,NA,NA,NA,-61.3258232,-61.425773,48.4756976,48.3762413,2007-06-20T22:00:00Z,2007-06-20T22:32:00Z
TEL070613,35,15.173484875596731,0.5666666666666667,26.776738015758937,NA,NA,NA,NA,NA,-61.4641554,-61.5840072,48.3407074,48.2301682,2007-06-20T23:49:00Z,2007-06-21T00:23:00Z
TEL070613,36,0.3612325346883206,0.016666666666666666,21.673952081299237,NA,NA,NA,NA,NA,-61.4803291,-61.4756138,48.1882024,48.1873977,2007-06-21T01:57:00Z,2007-06-21T01:58:00Z
TEL070613,37,30.85148374710457,1.1833333333333333,26.071676406003863,NA,NA,NA,NA,NA,-61.2538595,-60.9065188,48.1613803,48.0098194,2007-06-21T02:39:00Z,2007-06-21T03:50:00Z
TEL070613,38,43.64476316606057,1.7333333333333334,25.179671057342635,NA,NA,NA,NA,NA,-59.3619419,-59.7584743,47.5747973,47.2888523,2007-06-21T13:39:00Z,2007-06-21T15:23:00Z
TEL070613,39,20.17929477341733,0.8166666666666667,24.70934053887836,NA,NA,NA,NA,NA,-59.8130197,-59.9870468,47.2420263,47.1046758,2007-06-21T16:53:00Z,2007-06-21T17:42:00Z
TEL070613,40,2.007463482417339,0.08333333333333333,24.08956178900807,NA,NA,NA,NA,NA,-60.173058,-60.1926113,46.9869322,46.9747978,2007-06-21T20:29:00Z,2007-06-21T20:34:00Z
TEL070613,41,65.76436994701528,3.65,18.017635601921995,NA,NA,NA,NA,NA,-60.3892762,-61.1448599,47.0831054,46.7952347,2007-06-21T22:04:00Z,2007-06-22T01:43:00Z
TEL070613,42,13.09363507179152,0.5166666666666667,25.342519493790036,NA,NA,NA,NA,NA,-63.82024,-63.9791233,47.6826865,47.7317172,2007-06-22T16:11:00Z,2007-06-22T16:42:00Z
TEL070613,43,63.00208355095168,3.4,18.530024573809317,NA,NA,NA,NA,NA,-64.2337186,-64.6408887,47.8252512,48.3215296,2007-06-22T19:04:00Z,2007-06-22T22:28:00Z
TEL070613,44,13.500342877428675,0.5333333333333333,25.313142895178768,NA,NA,NA,NA,NA,-64.6642668,-64.7306515,48.3039665,48.1910348,2007-06-22T23:19:00Z,2007-06-22T23:51:00Z
TEL070613,45,34.36781486558835,1.3166666666666667,26.102137872598746,NA,NA,NA,NA,NA,-64.8075289,-65.1798678,48.1433022,47.960633,2007-06-23T02:28:00Z,2007-06-23T03:47:00Z
TEL070613,46,32.36474353872258,1.3833333333333333,23.396200148474154,NA,NA,NA,NA,NA,-64.7191662,-64.3726195,47.9581869,48.1338394,2007-06-23T14:07:00Z,2007-06-23T15:30:00Z
TEL070613,47,76.29189666095651,3.0166666666666666,25.29013148981984,NA,NA,NA,NA,NA,-64.2671175,-64.663666,48.1405556,47.5090402,2007-06-23T17:02:00Z,2007-06-23T20:03:00Z
TEL070613,48,23.30883310527254,0.9666666666666667,24.112585970971594,NA,NA,NA,NA,NA,-64.5676375,-64.2578531,47.4999261,47.4938804,2007-06-23T21:20:00Z,2007-06-23T22:18:00Z
TEL070613,49,32.65350831655164,1.3333333333333333,24.490131237413728,NA,NA,NA,NA,NA,-64.2414273,-63.8072796,47.5066853,47.5013584,2007-06-23T23:21:00Z,2007-06-24T00:41:00Z
TEL070613,50,4.646387740968799,0.18333333333333332,25.343933132557087,NA,NA,NA,NA,NA,-63.4621329,-63.4003616,47.5004143,47.4996418,2007-06-24T02:44:00Z,2007-06-24T02:55:00Z
TEL070613,51,73.18426262166065,3.533333333333333,20.71252715707377,NA,NA,NA,NA,NA,-62.7324862,-62.7522756,46.5026647,47.1599507,2007-06-24T14:25:00Z,2007-06-24T17:57:00Z
TEL070613,52,25.075832338910082,0.9833333333333333,25.500846446349236,NA,NA,NA,NA,NA,-62.7834053,-63.1147546,47.1698481,47.1707493,2007-06-24T19:49:00Z,2007-06-24T20:48:00Z
TEL070613,53,26.298176391009562,1.0333333333333334,25.449848120331833,NA,NA,NA,NA,NA,-63.2469446,-63.2518584,47.1545488,46.918332,2007-06-24T22:24:00Z,2007-06-24T23:26:00Z
TEL070613,54,9.213150666986609,0.36666666666666664,25.126774546327116,NA,NA,NA,NA,NA,-63.2455284,-63.2479639,46.6069812,46.524235,2007-06-25T01:07:00Z,2007-06-25T01:29:00Z
TEL070613,55,19.088772134785174,0.75,25.451696179713565,NA,NA,NA,NA,NA,-63.2586283,-63.4398253968254,46.5069187,46.624753968254,2007-06-25T02:31:00Z,2007-06-25T03:16:00Z
TEL070613,56,22.047477717865746,1.35,16.33146497619685,NA,NA,NA,NA,NA,-64.4890059,-64.4661213,46.7583275,46.5608954,2007-06-25T14:46:00Z,2007-06-25T16:07:00Z
TEL070613,57,NA,NA,NA,NA,NA,NA,NA,NA,-63.6347009,NA,46.1421061,NA,2007-06-25T20:32:00Z,NA
TEL070613,58,15.790977039023433,0.65,24.29381082926682,NA,NA,NA,NA,NA,-62.6477391,-62.4440897,45.8598948,45.8572394,2007-06-26T00:57:00Z,2007-06-26T01:36:00Z
TEL070613,59,7.271645464730142,0.2833333333333333,25.664631051988735,NA,NA,NA,NA,NA,-61.7485876,-61.7502935,46.6033119,46.6686237,2007-06-26T14:48:00Z,2007-06-26T15:05:00Z
TEL070613,60,7.646386022466749,0.3,25.4879534082225,NA,NA,NA,NA,NA,-61.4530028,-61.3526077,46.8309778,46.8303716,2007-06-26T17:14:00Z,2007-06-26T17:32:00Z
TEL070613,61,37.802957958285816,2.9833333333333334,12.671382555849995,NA,NA,NA,NA,NA,-60.8907152,-61.180662,46.8969172,47.1730882,2007-06-26T21:06:00Z,2007-06-27T00:05:00Z
TEL070613,62,14.41370433852617,0.6,24.022840564210284,NA,NA,NA,NA,NA,-61.7136223,-61.5466977,47.16914,47.2316086,2007-06-27T03:01:00Z,2007-06-27T03:37:00Z
TEL070613,63,13.420092753984244,0.5833333333333334,23.00587329254442,NA,NA,NA,NA,NA,-60.8936495,-61.0743929,48.1703979,48.1687081,2007-06-27T13:57:00Z,2007-06-27T14:32:00Z
TEL070613,64,69.86282721370809,4.166666666666667,16.76707853128994,NA,NA,NA,NA,NA,-61.2439192,-61.7433626,48.1507266,47.6199818,2007-06-27T16:27:00Z,2007-06-27T20:37:00Z
TEL070613,65,16.565405876097245,0.6833333333333333,24.242057379654504,NA,NA,NA,NA,NA,-61.7952312,-61.7396505,47.6741087,47.8181487,2007-06-27T21:53:00Z,2007-06-27T22:34:00Z
TEL070613,66,7.884976646917439,0.4166666666666667,18.923943952601853,NA,NA,NA,NA,NA,-61.7542149,-61.7528898,47.9619044,48.0327308,2007-06-28T00:23:00Z,2007-06-28T00:48:00Z
TEL070613,67,8.171615965170021,0.43333333333333335,18.85757530423851,NA,NA,NA,NA,NA,-61.7485339,-61.7411096,48.2417071,48.3149475,2007-06-28T02:21:00Z,2007-06-28T02:47:00Z
TEL070613,68,33.040402851036305,1.75,18.880230200592173,NA,NA,NA,NA,NA,-62.7548397,-62.7640129,47.8459579,48.1427014,2007-06-28T14:35:00Z,2007-06-28T16:20:00Z
TEL070613,69,36.96314734661295,1.95,18.95546017775023,NA,NA,NA,NA,NA,-62.7505697,-62.7660782,48.2305115,48.5623974,2007-06-28T17:07:00Z,2007-06-28T19:04:00Z
TEL070613,70,35.38359874243403,1.3833333333333333,25.578505115012554,NA,NA,NA,NA,NA,-62.7631331,-63.2112122,48.5747838,48.6902851,2007-06-28T20:42:00Z,2007-06-28T22:05:00Z
TEL070613,71,18.27841563078745,0.95,19.240437506092054,NA,NA,NA,NA,NA,-63.2522608,-63.2463438,48.6983854,48.5342342,2007-06-28T23:37:00Z,2007-06-29T00:34:00Z
TEL070613,72,23.74776177786125,1.2,19.78980148155104,NA,NA,NA,NA,NA,-63.2482375,-63.2510645,48.4548837,48.2415622,2007-06-29T02:20:00Z,2007-06-29T03:32:00Z
TEL070613,73,1.2517445429192866,0.06666666666666667,18.7761681437893,NA,NA,NA,NA,NA,-63.7492258,-63.7494297,48.4684664,48.4797102,2007-06-29T14:02:00Z,2007-06-29T14:06:00Z
TEL070613,74,22.301165810277677,1.2166666666666666,18.329725323515902,NA,NA,NA,NA,NA,-63.7632323,-64.06519,48.4900206,48.4996444,2007-06-29T15:24:00Z,2007-06-29T16:37:00Z
TEL070613,75,27.108674916861467,2,13.554337458430734,NA,NA,NA,NA,NA,-64.0855909,-64.0815891,48.4960449,48.7395519,2007-06-29T17:37:00Z,2007-06-29T19:37:00Z
TEL070613,76,20.291183684615806,1.1666666666666667,17.39244315824212,NA,NA,NA,NA,NA,-64.0534098,-63.7937612,48.7540197,48.8169336,2007-06-29T20:53:00Z,2007-06-29T22:03:00Z
TEL070613,77,23.420836222407747,0.95,24.65351181306079,NA,NA,NA,NA,NA,-63.776402,-64.0382178,48.8388687,48.9598739,2007-06-29T23:25:00Z,2007-06-30T00:22:00Z
TEL080615,1,38.84254924863451,1.8333333333333333,21.186845044709735,NA,NA,NA,NA,NA,-68.8586141,-69.2937917,48.5935324,48.3970982,2008-06-15T12:54:00Z,2008-06-15T14:44:00Z
TEL080615,2,56.724749136263455,2.7,21.009166346764243,NA,NA,NA,NA,NA,-69.2777414,-68.5526652,48.3898401,48.5589427,2008-06-15T15:53:00Z,2008-06-15T18:35:00Z
TEL080615,3,1.3668769297335632,0.08333333333333333,16.40252315680276,NA,NA,NA,NA,NA,-68.5403163,-68.5472793,48.6090839,48.6204672,2008-06-15T19:58:00Z,2008-06-15T20:03:00Z
TEL080615,4,66.8100093426676,3.3333333333333335,20.043002802800277,NA,NA,NA,NA,NA,-67.4487377,-66.9529904,49.2680758,49.7746646,2008-06-16T14:00:00Z,2008-06-16T17:20:00Z
TEL080615,5,28.641151425454588,1.3666666666666667,20.956940067405796,NA,NA,NA,NA,NA,-66.6911424,-66.337579,49.911688,50.0320494,2008-06-16T19:34:00Z,2008-06-16T20:56:00Z
TEL080615,6,2.6385817156790363,0.1,26.385817156790363,NA,NA,NA,NA,NA,-66.2810112,-66.275797,49.9391323,49.9156684,2008-06-16T22:42:00Z,2008-06-16T22:48:00Z
TEL080615,7,37.35566283287289,1.7333333333333334,21.55134394204205,NA,NA,NA,NA,NA,-66.2496186,-65.7389797,49.8873603,49.8223865,2008-06-17T00:04:00Z,2008-06-17T01:48:00Z
TEL080615,8,3.3705698674240248,0.15,22.47046578282683,NA,NA,NA,NA,NA,-65.4654265,-65.4196359,49.2900217,49.2950106,2008-06-17T19:11:00Z,2008-06-17T19:20:00Z
TEL080615,9,2.462713393230474,0.11666666666666667,21.10897194197549,NA,NA,NA,NA,NA,-64.7619689,-64.7436602,49.259246,49.2778659,2008-06-17T23:42:00Z,2008-06-17T23:49:00Z
TEL080615,10,8.698761172605728,0.4,21.74690293151432,NA,NA,NA,NA,NA,-64.6855743,-64.6441073,49.321264,49.3945903,2008-06-18T01:42:00Z,2008-06-18T02:06:00Z
TEL080615,11,9.326631891006782,0.4166666666666667,22.383916538416276,NA,NA,NA,NA,NA,-64.5946098,-64.5363415,49.4583517,49.5330995,2008-06-18T03:30:00Z,2008-06-18T03:55:00Z
TEL080615,12,88.46781264998148,6.616666666666666,13.370450274556395,NA,NA,NA,NA,NA,-63.2567937,-62.0263464,49.92342,49.8659402,2008-06-18T13:37:00Z,2008-06-18T20:14:00Z
TEL080615,13,98.11971379317797,4.833333333333333,20.300630439967858,NA,NA,NA,NA,NA,-61.6783405,-60.3101993,49.8880631,49.8937011,2008-06-18T21:31:00Z,2008-06-19T02:21:00Z
TEL080615,14,7.101880550841762,0.35,20.29108728811932,NA,NA,NA,NA,NA,-60.0760479,-60.0106342,49.9884635,50.0364536,2008-06-19T03:22:00Z,2008-06-19T03:43:00Z
TEL080615,15,9.947511816442757,0.4666666666666667,21.316096749520195,NA,NA,NA,NA,NA,-58.865701,-58.7530161,49.5534146,49.5020771,2008-06-19T12:59:00Z,2008-06-19T13:27:00Z
TEL080615,16,40.51285100012018,3.183333333333333,12.726550052393774,NA,NA,NA,NA,NA,-58.6077906,-59.0737439,49.418698,49.2182136,2008-06-19T15:02:00Z,2008-06-19T18:13:00Z
TEL080615,17,42.37773749850606,1.95,21.732173076156954,NA,NA,NA,NA,NA,-59.4486738,-60.0042827,49.1258705,49.0143925,2008-06-19T19:34:00Z,2008-06-19T21:31:00Z
TEL080615,18,30.43428042556536,1.45,20.989158914183005,NA,NA,NA,NA,NA,-60.5383534,-60.9350897,48.8873041,48.806178,2008-06-19T23:25:00Z,2008-06-20T00:52:00Z
TEL080615,19,14.583169748860321,0.7333333333333333,19.886140566627713,NA,NA,NA,NA,NA,-61.0135067,-61.1241157,48.762576,48.653791,2008-06-20T02:15:00Z,2008-06-20T02:59:00Z
TEL080615,20,35.19143307703211,1.8,19.550796153906727,NA,NA,NA,NA,NA,-60.495084,-60.0529701,47.819109,47.7112895,2008-06-20T16:01:00Z,2008-06-20T17:49:00Z
TEL080615,21,17.0322028608629,0.85,20.037885718662235,NA,NA,NA,NA,NA,-59.5947684,-59.3846709,47.6265425,47.5687677,2008-06-20T19:38:00Z,2008-06-20T20:29:00Z
TEL080615,22,1.4778099384602588,0.11666666666666667,12.66694232965936,NA,NA,NA,NA,NA,-59.1239066,-59.1166861,47.5546539,47.5670028,2008-06-20T21:31:00Z,2008-06-20T21:38:00Z
TEL080615,23,15.035213055017737,0.6833333333333333,22.002750812221077,NA,NA,NA,NA,NA,-59.1452301,-59.338891,47.5466663,47.5808108,2008-06-20T23:00:00Z,2008-06-20T23:41:00Z
TEL080615,24,21.912325540352406,1.0333333333333334,21.205476329373294,NA,NA,NA,NA,NA,-59.3563951,-59.5585317,47.5748295,47.4330533,2008-06-21T01:02:00Z,2008-06-21T02:04:00Z
TEL080615,25,9.566007964558139,0.45,21.257795476795863,NA,NA,NA,NA,NA,-59.5766796,-59.6605737,47.4205112,47.3560256,2008-06-21T03:23:00Z,2008-06-21T03:50:00Z
TEL080615,26,9.287130699830639,0.43333333333333335,21.431840076532243,NA,NA,NA,NA,NA,-60.4813779,-60.6039066,47.0895696,47.0904064,2008-06-21T12:58:00Z,2008-06-21T13:24:00Z
TEL080615,27,16.670540695199513,1.5,11.113693796799675,NA,NA,NA,NA,NA,-61.3458002,-61.5447719,46.8520868,46.9147915,2008-06-21T19:08:00Z,2008-06-21T20:38:00Z
TEL080615,28,35.56445630811571,1.6,22.227785192572316,NA,NA,NA,NA,NA,-61.7497946,-62.1747584,47.0056754,47.1409553,2008-06-21T22:04:00Z,2008-06-21T23:40:00Z
TEL080615,29,26.669002173921584,1.2166666666666666,21.919727814182124,NA,NA,NA,NA,NA,-62.3234923,-62.6403309,47.1915525,47.2970492,2008-06-22T01:35:00Z,2008-06-22T02:48:00Z
TEL080615,30,5.534296823159926,0.26666666666666666,20.753613086849725,NA,NA,NA,NA,NA,-64.9888731,-65.0500865,48.0490226,48.0208057,2008-06-22T20:10:00Z,2008-06-22T20:26:00Z
TEL080615,31,14.941504727450981,0.6833333333333333,21.86561667431851,NA,NA,NA,NA,NA,-65.2779294,-65.4759086,47.939229,47.9600108,2008-06-22T22:55:00Z,2008-06-22T23:36:00Z
TEL080615,32,44.305156201940896,2.05,21.61227131801995,NA,NA,NA,NA,NA,-65.6756581,-65.0865484,47.994343,47.9412031,2008-06-23T01:19:00Z,2008-06-23T03:22:00Z
TEL080615,33,21.379653777782654,0.9666666666666667,22.11688321839585,NA,NA,NA,NA,NA,-64.575491,-64.2914129,47.5024688,47.5103009,2008-06-23T14:04:00Z,2008-06-23T15:02:00Z
TEL080615,34,30.211239440600462,1.3666666666666667,22.105784956536922,NA,NA,NA,NA,NA,-64.2250873,-63.8241775,47.4975175,47.5151664,2008-06-23T16:17:00Z,2008-06-23T17:39:00Z
TEL080615,35,9.073327934284599,0.4,22.683319835711497,NA,NA,NA,NA,NA,-63.6663617,-63.5459358,47.4977696,47.5026941,2008-06-23T19:26:00Z,2008-06-23T19:50:00Z
TEL080615,36,15.44723986594773,0.7,22.067485522782473,NA,NA,NA,NA,NA,-63.1528366,-62.9474224,47.5055587,47.5046951,2008-06-23T21:07:00Z,2008-06-23T21:49:00Z
TEL080615,37,39.3488713778113,2.8666666666666667,13.726350480631849,NA,NA,NA,NA,NA,-62.4211515,-62.3028071,47.5024796,47.1582234,2008-06-24T00:32:00Z,2008-06-24T03:24:00Z
TEL080615,38,2.9931745973245603,0.45,6.651499105165689,NA,NA,NA,NA,NA,-62.7661479,-62.7269126,46.832056,46.830495,2008-06-24T13:02:00Z,2008-06-24T13:29:00Z
TEL080615,39,63.91322907106609,3.566666666666667,17.919596935812923,NA,NA,NA,NA,NA,-62.2397751,-63.069495,46.559372,46.4978635,2008-06-24T17:54:00Z,2008-06-24T21:28:00Z
TEL080615,40,12.4713475072857,0.5666666666666667,22.008260306974766,NA,NA,NA,NA,NA,-63.321553,-63.4544242,46.6065466,46.6715741,2008-06-24T23:50:00Z,2008-06-25T00:24:00Z
TEL080615,41,65.55668613739242,4.3,15.245740962184284,NA,NA,NA,NA,NA,-64.5605565,-63.9348561,46.6946679,46.2930876,2008-06-25T14:21:00Z,2008-06-25T18:39:00Z
TEL080615,42,38.978021326306724,2.15,18.129312244793827,NA,NA,NA,NA,NA,-62.8391094,-62.3402346,45.8869851,45.8431524,2008-06-26T00:33:00Z,2008-06-26T02:42:00Z
TEL080615,43,70.0292311959446,4.083333333333333,17.150015803088476,NA,NA,NA,NA,NA,-61.7103822,-60.9275151,46.4990276,46.8262678,2008-06-26T13:35:00Z,2008-06-26T17:40:00Z
TEL080615,44,5.435242251456841,0.26666666666666666,20.382158442963153,NA,NA,NA,NA,NA,-60.9842063,-61.0555477,46.8284565,46.829685,2008-06-26T19:13:00Z,2008-06-26T19:29:00Z
TEL080615,45,20.11565652332986,0.9666666666666667,20.809299851720546,NA,NA,NA,NA,NA,-61.4326555,-61.6950507,46.806907699999996,46.8271476,2008-06-26T21:19:00Z,2008-06-26T22:17:00Z
TEL080615,46,18.87237990946576,0.9,20.96931101051751,NA,NA,NA,NA,NA,-61.7045725,-61.7633826,47.0006114,47.1653473,2008-06-26T23:45:00Z,2008-06-27T00:39:00Z
TEL080615,47,33.020533985080384,1.6333333333333333,20.216653460253298,NA,NA,NA,NA,NA,-61.7244423,-61.2881918,47.1660447,47.1713501,2008-06-27T01:39:00Z,2008-06-27T03:17:00Z
TEL080615,48,45.16924583577723,3.533333333333333,12.783748821446387,NA,NA,NA,NA,NA,-61.4485342,-61.7656142,48.1740135,47.8281373,2008-06-27T12:54:00Z,2008-06-27T16:26:00Z
TEL080615,49,37.38097950749403,3.5,10.68027985928401,NA,NA,NA,NA,NA,-61.7633022,-62.260455,47.7837521,47.8190553,2008-06-27T17:35:00Z,2008-06-27T21:05:00Z
TEL080615,50,50.78217754173483,3.8333333333333335,13.247524576104738,NA,NA,NA,NA,NA,-62.257585,-62.7574737,47.8474331,48.1576467,2008-06-27T22:19:00Z,2008-06-28T02:09:00Z
TEL080615,51,44.940292737279066,2.2666666666666666,19.826599737034883,NA,NA,NA,NA,NA,-63.9434392,-64.423619,48.5918534,48.8420713,2008-06-28T12:41:00Z,2008-06-28T14:57:00Z
TEL080615,52,44.57134250032876,2.4166666666666665,18.443314138067073,NA,NA,NA,NA,NA,-64.4247992,-64.091068,48.8418353,48.5075462,2008-06-29T01:23:00Z,2008-06-29T03:48:00Z
TEL080615,53,134.74302427116834,6.166666666666667,21.850220152081352,NA,NA,NA,NA,NA,-64.6150322,-66.2704594,49.1627455,49.7163481,2008-06-29T13:18:00Z,2008-06-29T19:28:00Z
TEL080615,54,56.97778696990595,3.8,14.994154465764725,NA,NA,NA,NA,NA,-66.2058021,-66.9402123,49.2697871,49.0922409,2008-06-29T23:24:00Z,2008-06-30T03:12:00Z
TEL080615,55,80.76033357830103,3.95,20.445654070455955,NA,NA,NA,NA,NA,-67.5538106,-66.5545268,48.8780236,49.1896695,2008-06-30T17:08:00Z,2008-06-30T21:05:00Z
TEL080615,56,11.438541443346933,0.48333333333333334,23.66594781382124,NA,NA,NA,NA,NA,-66.2207044,-66.0650022,49.2614722,49.276852,2008-06-30T22:11:00Z,2008-06-30T22:40:00Z
TEL080828,1,16.809293114234016,0.9833333333333333,17.09419638735663,NA,NA,NA,NA,NA,-63.0986238,-63.2490958,46.1457485,46.0366094,2008-08-28T13:53:00Z,2008-08-28T14:52:00Z
TEL080828,2,1.039559329427556,0.05,20.79118658855112,NA,NA,NA,NA,NA,-63.3509071,-63.3405591,45.9257966,45.9198475,2008-08-28T18:20:00Z,2008-08-28T18:23:00Z
TEL080828,3,7.970887246367036,0.4,19.92721811591759,NA,NA,NA,NA,NA,-63.1814505,-63.1272537,45.8937496,45.954625,2008-08-28T20:08:00Z,2008-08-28T20:32:00Z
TEL080828,4,2.2608936682690945,0.11666666666666667,19.379088585163668,NA,NA,NA,NA,NA,-63.0569477,-63.0315418,45.883922,45.8739388,2008-08-28T22:22:00Z,2008-08-28T22:29:00Z
TEL080828,5,10.044790932608379,0.5666666666666667,17.726101645779494,NA,NA,NA,NA,NA,-62.7147032,-62.5881887,45.9022039,45.882495,2008-08-29T01:34:00Z,2008-08-29T02:08:00Z
TEL080828,6,3.0993692809916933,0.15,20.662461873277955,NA,NA,NA,NA,NA,-61.8330396,-61.8202723,45.8356261,45.8092439,2008-08-29T13:52:00Z,2008-08-29T14:01:00Z
TEL080828,7,10.302787380520325,0.5333333333333333,19.31772633847561,NA,NA,NA,NA,NA,-61.6972394,-61.604966,46.2500918,46.3171685,2008-08-30T01:41:00Z,2008-08-30T02:13:00Z
TEL080828,8,7.14830561632483,0.65,10.997393255884353,NA,NA,NA,NA,NA,-62.4862165,-62.4740286,46.5167034,46.5803683,2008-08-30T14:14:00Z,2008-08-30T14:53:00Z
TEL080828,9,6.031293714854276,0.3,20.10431238284759,NA,NA,NA,NA,NA,-62.4747635,-62.508967,46.6444999,46.6933322,2008-08-30T16:29:00Z,2008-08-30T16:47:00Z
TEL080828,10,3.1649207202854366,0.15,21.09947146856958,NA,NA,NA,NA,NA,-62.5188161,-62.477333,46.7381144,46.7378622,2008-08-30T18:02:00Z,2008-08-30T18:11:00Z
TEL080828,11,2.037731662720028,0.31666666666666665,6.434942092800089,NA,NA,NA,NA,NA,-62.1563745,-62.1365745,46.7262644,46.7385489,2008-08-30T19:45:00Z,2008-08-30T20:04:00Z
TEL080828,12,10.64482000733167,0.5166666666666667,20.602877433545167,NA,NA,NA,NA,NA,-62.0350475,-61.89914,46.7438865,46.7656553,2008-08-30T21:52:00Z,2008-08-30T22:23:00Z
TEL080828,13,14.090612109414511,0.65,21.677864783714632,NA,NA,NA,NA,NA,-61.8037284,-61.6617323,46.7866999,46.8678367,2008-08-30T23:38:00Z,2008-08-31T00:17:00Z
TEL080828,14,15.336346675513447,0.7666666666666667,20.003930446321885,NA,NA,NA,NA,NA,-61.1975063,-61.1910314,47.4379241,47.5756234,2008-08-31T13:57:00Z,2008-08-31T14:43:00Z
TEL080828,15,45.62086465296814,2.15,21.21900681533402,NA,NA,NA,NA,NA,-61.1401982,-60.612951,47.5182295,47.3165542,2008-08-31T15:58:00Z,2008-08-31T18:07:00Z
TEL080828,16,23.935152156006545,1.7833333333333334,13.421580648227968,NA,NA,NA,NA,NA,-60.4394872,-60.1362635,47.3098326,47.2472942,2008-08-31T19:36:00Z,2008-08-31T21:23:00Z
TEL080828,17,8.105617148323159,0.5,16.211234296646317,NA,NA,NA,NA,NA,-60.1470191,-60.1711912,47.259112,47.3300564,2008-08-31T22:51:00Z,2008-08-31T23:21:00Z
TEL080828,18,12.506705760879155,0.5833333333333334,21.44006701864998,NA,NA,NA,NA,NA,-60.1386506,-60.2944977,47.2984439,47.3366493,2008-09-01T01:39:00Z,2008-09-01T02:14:00Z
TEL080828,19,1.0321082499929413,0.05,20.642164999858824,NA,NA,NA,NA,NA,-61.4405627,-61.431411,48.0684149,48.0614466,2008-09-01T16:13:00Z,2008-09-01T16:16:00Z
TEL080828,20,12.318536038008949,0.5833333333333334,21.117490350872483,NA,NA,NA,NA,NA,-61.5407754,-61.6705728,47.8834873,47.8152359,2008-09-01T19:05:00Z,2008-09-01T19:40:00Z
TEL080828,21,19.626056031232423,0.9666666666666667,20.30281658403354,NA,NA,NA,NA,NA,-61.660697,-61.8292523,47.8921884,47.7569997,2008-09-02T00:41:00Z,2008-09-02T01:39:00Z
TEL080828,22,51.393759650975106,2.4833333333333334,20.69547368495642,NA,NA,NA,NA,NA,-62.7890325,-63.1753833,46.9730276,46.5946645,2008-09-02T14:59:00Z,2008-09-02T17:28:00Z
TEL080828,23,18.015126289642055,0.85,21.1942662231083,NA,NA,NA,NA,NA,-63.4119005,-63.6380644,46.587384900000004,46.6326767,2008-09-02T19:29:00Z,2008-09-02T20:20:00Z
TEL080828,24,2.7596138865291624,0.26666666666666666,10.34855207448436,NA,NA,NA,NA,NA,-63.5585529,-63.5320688,46.7059064,46.7227829,2008-09-02T22:05:00Z,2008-09-02T22:21:00Z
TEL080828,25,25.3022885128617,1.2,21.08524042738475,NA,NA,NA,NA,NA,-63.8425935,-64.1206528,47.4379885,47.3106909,2008-09-03T13:57:00Z,2008-09-03T15:09:00Z
TEL080828,26,29.206024062185012,1.3666666666666667,21.370261508915863,NA,NA,NA,NA,NA,-64.2354835,-64.3953163,47.132147,46.8934894,2008-09-03T16:59:00Z,2008-09-03T18:21:00Z
TEL080828,27,18.35856553781859,0.9,20.398406153131763,NA,NA,NA,NA,NA,-64.4162858,-64.2540229,46.867311,46.9894534,2008-09-03T19:49:00Z,2008-09-03T20:43:00Z
TEL080828,28,34.25981665946145,1.7166666666666666,19.95717475308434,NA,NA,NA,NA,NA,-64.0530128,-63.6241812,47.1449143,47.2439361,2008-09-03T22:51:00Z,2008-09-04T00:34:00Z
TEL080828,29,0.622562537587626,0.03333333333333333,18.67687612762878,NA,NA,NA,NA,NA,-64.1323043,-64.1361774,47.6232004,47.6281464,2008-09-04T15:22:00Z,2008-09-04T15:24:00Z
TEL080828,30,6.447536153645285,0.31666666666666665,20.36064048519564,NA,NA,NA,NA,NA,-64.2122448,-64.2914612,47.6814473,47.7040637,2008-09-04T17:29:00Z,2008-09-04T17:48:00Z
TEL080828,31,10.169722132569069,0.55,18.490403877398304,NA,NA,NA,NA,NA,-64.3184013,-64.4115222,47.7100128,47.7765316,2008-09-04T17:54:00Z,2008-09-04T18:27:00Z
TEL080828,32,NA,NA,NA,NA,NA,NA,NA,NA,-64.304309,NA,47.7988476,NA,2008-09-04T20:10:00Z,NA
TEL080828,33,39.11268858588875,1.8833333333333333,20.767799249144467,NA,NA,NA,NA,NA,-64.2943258,-63.7965775,47.9460204,48.057965,2008-09-04T22:46:00Z,2008-09-05T00:39:00Z
TEL080828,34,30.94715394104514,1.65,18.755850873360693,NA,NA,NA,NA,NA,-63.5043938,-63.220659,47.7748579,47.9775095,2008-09-05T13:48:00Z,2008-09-05T15:27:00Z
TEL080828,35,NA,NA,NA,NA,NA,NA,NA,NA,-62.7345998,NA,48.0505192,NA,2008-09-05T20:06:00Z,NA
TEL080828,36,NA,NA,NA,NA,NA,NA,NA,NA,-62.42297,NA,47.8541386,NA,2008-09-05T23:26:00Z,NA
TEL080828,37,35.978587325897685,1.75,20.55919275765582,NA,NA,NA,NA,NA,-63.8223107,-64.224921,48.2312626,48.0515921,2008-09-06T15:22:00Z,2008-09-06T17:07:00Z
TEL080828,38,NA,NA,NA,NA,NA,NA,NA,NA,-64.2517162,NA,48.1057459,NA,2008-09-06T18:25:00Z,NA
TEL080828,39,NA,NA,NA,NA,NA,NA,NA,NA,-64.4175197,NA,48.1358939,NA,2008-09-06T20:30:00Z,NA
TEL080828,40,NA,NA,NA,NA,NA,NA,NA,NA,-64.9125428,NA,47.9076701,NA,2008-09-06T23:27:00Z,NA
TEL080828,41,NA,NA,NA,NA,NA,NA,NA,NA,-64.4942577,NA,48.2339609,NA,2008-09-07T14:13:00Z,NA
TEL080828,42,NA,NA,NA,NA,NA,NA,NA,NA,-64.2152167,NA,48.3520854,NA,2008-09-07T16:21:00Z,NA
TEL080828,43,NA,NA,NA,NA,NA,NA,NA,NA,-64.0074314,NA,48.8585669,NA,2008-09-08T14:01:00Z,NA
TEL080828,44,NA,NA,NA,NA,NA,NA,NA,NA,-64.0487803,NA,48.7234962,NA,2008-09-08T17:06:00Z,NA
TEL080828,45,NA,NA,NA,NA,NA,NA,NA,NA,-64.4251586,NA,48.8420606,NA,2008-09-08T22:13:00Z,NA
TEL080828,46,NA,NA,NA,NA,NA,NA,NA,NA,-62.6308573,NA,48.3270818,NA,2008-09-09T14:05:00Z,NA
TEL080828,47,NA,NA,NA,NA,NA,NA,NA,NA,-62.8859032,NA,48.2652086,NA,2008-09-09T16:47:00Z,NA
TEL080828,48,NA,NA,NA,NA,NA,NA,NA,NA,-62.918138,NA,48.185901,NA,2008-09-09T18:27:00Z,NA
TEL080828,49,NA,NA,NA,NA,NA,NA,NA,NA,-62.6005054,NA,47.9236937,NA,2008-09-09T20:14:00Z,NA
TEL080828,50,NA,NA,NA,NA,NA,NA,NA,NA,-62.6252086,NA,47.8445417,NA,2008-09-09T21:41:00Z,NA
TEL080828,51,NA,NA,NA,NA,NA,NA,NA,NA,-64.7032822,NA,48.1692123,NA,2008-09-11T14:45:00Z,NA
TEL080828,52,NA,NA,NA,NA,NA,NA,NA,NA,-64.4109536,NA,48.2255495,NA,2008-09-11T21:10:00Z,NA
TEL080828,53,NA,NA,NA,NA,NA,NA,NA,NA,-64.0935517,NA,48.1568742,NA,2008-09-11T23:49:00Z,NA
TEL080828,54,NA,NA,NA,NA,NA,NA,NA,NA,-63.8437093,NA,48.14143,NA,2008-09-12T02:03:00Z,NA
TEL080828,55,NA,NA,NA,NA,NA,NA,NA,NA,-63.5532636,NA,48.2855666,NA,2008-09-12T14:11:00Z,NA
TEL080828,56,NA,NA,NA,NA,NA,NA,NA,NA,-63.7112082,NA,48.4673023,NA,2008-09-12T18:24:00Z,NA
TEL080828,57,NA,NA,NA,NA,NA,NA,NA,NA,-63.0257858,NA,48.4343112,NA,2008-09-13T14:17:00Z,NA
TEL080828,58,NA,NA,NA,NA,NA,NA,NA,NA,-62.6670618,NA,48.2665765,NA,2008-09-13T16:42:00Z,NA
TEL080828,59,NA,NA,NA,NA,NA,NA,NA,NA,-62.0982833,NA,48.1273216,NA,2008-09-13T21:40:00Z,NA
TEL080828,60,NA,NA,NA,NA,NA,NA,NA,NA,-62.2258759,NA,47.9520929,NA,2008-09-14T00:15:00Z,NA
TEL080828,61,NA,NA,NA,NA,NA,NA,NA,NA,-63.6700416,NA,47.4144065,NA,2008-09-14T19:34:00Z,NA
TEL080828,62,NA,NA,NA,NA,NA,NA,NA,NA,-64.2580623,NA,47.6039422,NA,2008-09-15T00:12:00Z,NA
TEL080828,63,NA,NA,NA,NA,NA,NA,NA,NA,-64.4365151,NA,46.9288677,NA,2008-09-15T14:32:00Z,NA
TEL080828,64,NA,NA,NA,NA,NA,NA,NA,NA,-63.5497124,NA,46.9684732,NA,2008-09-15T23:51:00Z,NA
TEL080828,65,NA,NA,NA,NA,NA,NA,NA,NA,-63.3260698,NA,46.8149275,NA,2008-09-16T14:07:00Z,NA
TEL080828,66,NA,NA,NA,NA,NA,NA,NA,NA,-63.4388513,NA,46.7133039,NA,2008-09-16T17:00:00Z,NA
TEL080828,67,NA,NA,NA,NA,NA,NA,NA,NA,-62.9173172,NA,46.6060156,NA,2008-09-17T00:14:00Z,NA
TEL080828,68,NA,NA,NA,NA,NA,NA,NA,NA,-61.8984426,NA,46.9993025,NA,2008-09-17T14:24:00Z,NA
TEL080828,69,NA,NA,NA,NA,NA,NA,NA,NA,-62.0116318,NA,47.0938987,NA,2008-09-17T16:39:00Z,NA
TEL080828,70,NA,NA,NA,NA,NA,NA,NA,NA,-62.5041444,NA,47.1823418,NA,2008-09-17T21:43:00Z,NA
TEL080828,71,NA,NA,NA,NA,NA,NA,NA,NA,-62.6765192,NA,47.2879726,NA,2008-09-17T23:58:00Z,NA
TEL080828,72,NA,NA,NA,NA,NA,NA,NA,NA,-61.8309368,NA,48.2611048,NA,2008-09-18T14:57:00Z,NA
TEL080828,73,NA,NA,NA,NA,NA,NA,NA,NA,-61.0246164,NA,48.0460507,NA,2008-09-18T19:28:00Z,NA
TEL080828,74,NA,NA,NA,NA,NA,NA,NA,NA,-60.9054835,NA,47.943837,NA,2008-09-18T22:39:00Z,NA
TEL080828,75,NA,NA,NA,NA,NA,NA,NA,NA,-61.2177516,NA,47.7174318,NA,2008-09-19T01:41:00Z,NA
TEL080828,76,NA,NA,NA,NA,NA,NA,NA,NA,-60.4374809,NA,47.5114059,NA,2008-09-19T15:43:00Z,NA
TEL080828,77,NA,NA,NA,NA,NA,NA,NA,NA,-60.3995759,NA,47.18202,NA,2008-09-19T19:28:00Z,NA
TEL080828,78,NA,NA,NA,NA,NA,NA,NA,NA,-60.3430618,NA,47.3901594,NA,2008-09-20T01:11:00Z,NA
TEL080828,79,NA,NA,NA,NA,NA,NA,NA,NA,-61.5566272,NA,47.0936197,NA,2008-09-20T20:29:00Z,NA
TEL080828,80,NA,NA,NA,NA,NA,NA,NA,NA,-61.4180536,NA,46.7506242,NA,2008-09-20T23:32:00Z,NA
TEL080828,81,NA,NA,NA,NA,NA,NA,NA,NA,-61.9520063,NA,46.5541846,NA,2008-09-21T14:17:00Z,NA
TEL080828,82,NA,NA,NA,NA,NA,NA,NA,NA,-61.731636,NA,46.2916553,NA,2008-09-21T17:18:00Z,NA
TEL080828,83,NA,NA,NA,NA,NA,NA,NA,NA,-63.0910332,NA,45.956701,NA,2008-09-22T14:06:00Z,NA
TEL090606,1,2.91215962671732,0.13333333333333333,21.841197200379902,NA,NA,NA,NA,NA,-68.5487514,-68.5657621,48.6377487,48.6613721,2009-06-06T16:11:00Z,2009-06-06T16:19:00Z
TEL090606,2,3.490585484308358,0.16666666666666666,20.94351290585015,NA,NA,NA,NA,NA,-68.6379465,-68.6662981,48.7236673,48.7488385,2009-06-06T18:58:00Z,2009-06-06T19:08:00Z
TEL090606,3,5.099894796446402,0.9666666666666667,5.275753237703174,NA,NA,NA,NA,NA,-68.7036686,-68.7436422,48.7824483,48.8199396,2009-06-06T20:30:00Z,2009-06-06T21:28:00Z
TEL090606,4,2.557404658574255,0.13333333333333333,19.180534939306913,NA,NA,NA,NA,NA,-66.3078909,-66.2864934,50.0306904,50.0491003,2009-06-07T12:38:00Z,2009-06-07T12:46:00Z
TEL090606,5,10.64509928808834,0.5166666666666667,20.603417976945174,NA,NA,NA,NA,NA,-66.278778,-66.2652939,50.0022008,49.9069686,2009-06-07T13:41:00Z,2009-06-07T14:12:00Z
TEL090606,6,15.284544481444522,0.7666666666666667,19.936362367101548,NA,NA,NA,NA,NA,-66.2638401,-66.2470002,49.8576942,49.7208219,2009-06-07T15:27:00Z,2009-06-07T16:13:00Z
TEL090606,7,10.851683654041846,0.5166666666666667,21.00325868524228,NA,NA,NA,NA,NA,-66.2388958,-66.2288158,49.6851302,49.5878667,2009-06-07T18:15:00Z,2009-06-07T18:46:00Z
TEL090606,8,13.032139768535796,0.6333333333333333,20.577062792424943,NA,NA,NA,NA,NA,-66.2312363,-66.2167783,49.5298848,49.4131927,2009-06-07T20:11:00Z,2009-06-07T20:49:00Z
TEL090606,9,8.896040015072074,0.45,19.768977811271277,NA,NA,NA,NA,NA,-66.209083,-66.1979182,49.3433438,49.2637616,2009-06-07T22:20:00Z,2009-06-07T22:47:00Z
TEL090606,10,33.81200953555847,1.2666666666666666,26.69369173859879,NA,NA,NA,NA,NA,-65.2565881,-64.8112477,49.3112596,49.2228901,2009-06-08T02:29:00Z,2009-06-08T03:45:00Z
TEL090606,11,50.60966550964784,2.3,22.004202395499064,NA,NA,NA,NA,NA,-64.6381186,-63.9433307,49.9081335,49.9907281,2009-06-08T13:02:00Z,2009-06-08T15:20:00Z
TEL090606,12,8.694608209921942,0.4,21.736520524804853,NA,NA,NA,NA,NA,-63.3080817,-63.1883814,49.9228553,49.9102149,2009-06-08T17:21:00Z,2009-06-08T17:45:00Z
TEL090606,13,12.125190351886873,0.5833333333333334,20.78604060323464,NA,NA,NA,NA,NA,-63.1088975,-62.9579377,49.8811017,49.8321924,2009-06-08T18:49:00Z,2009-06-08T19:24:00Z
TEL090606,14,9.613740874322321,0.4666666666666667,20.600873302119258,NA,NA,NA,NA,NA,-62.8994411,-62.7667929,49.8160639,49.8046228,2009-06-08T20:28:00Z,2009-06-08T20:56:00Z
TEL090606,15,117.44020395996304,5.116666666666666,22.952482858624702,NA,NA,NA,NA,NA,-62.7134434,-61.0863042,49.8078514,49.9217004,2009-06-08T22:12:00Z,2009-06-09T03:19:00Z
TEL090606,16,54.109163328497914,2.5166666666666666,21.500329799403143,NA,NA,NA,NA,NA,-59.2666558,-58.7595219,49.7705098,49.4124644,2009-06-09T14:06:00Z,2009-06-09T16:37:00Z
TEL090606,17,50.18929279211722,2.433333333333333,20.62573676388379,NA,NA,NA,NA,NA,-58.5313334,-57.9940851,49.2546056,48.9724562,2009-06-09T17:37:00Z,2009-06-09T20:03:00Z
TEL090606,18,157.9828149415593,6.55,24.119513731535772,NA,NA,NA,NA,NA,-59.4219476,-57.6073772,49.8688958,50.6871513,2009-06-10T13:15:00Z,2009-06-10T19:48:00Z
TEL090606,19,17.568117300516157,0.75,23.424156400688208,NA,NA,NA,NA,NA,-57.5231585,-57.3819335,50.756526,50.886705,2009-06-10T21:08:00Z,2009-06-10T21:53:00Z
TEL090606,20,56.50749704711666,2.3333333333333335,24.217498734478568,NA,NA,NA,NA,NA,-57.1183352,-56.6592522,51.1262538,51.545077,2009-06-10T23:15:00Z,2009-06-11T01:35:00Z
TEL090606,21,63.84356402399983,3.5166666666666666,18.154567968909905,NA,NA,NA,NA,NA,-58.9945851,-59.5965039,50.5268268,50.101171,2009-06-11T12:41:00Z,2009-06-11T16:12:00Z
TEL090606,22,59.015810518282,2.5166666666666666,23.44999093441669,NA,NA,NA,NA,NA,-59.7980486,-60.2582906,49.9145726,49.4759055,2009-06-11T17:16:00Z,2009-06-11T19:47:00Z
TEL090606,23,4.893986945621506,0.21666666666666667,22.587632056714643,NA,NA,NA,NA,NA,-60.5857542,-60.6253249,49.169183,49.1336454,2009-06-11T21:34:00Z,2009-06-11T21:47:00Z
TEL090606,24,8.233188102634246,0.4,20.582970256585615,NA,NA,NA,NA,NA,-60.5727492,-60.4705273,47.9242909,47.8964469,2009-06-12T15:04:00Z,2009-06-12T15:28:00Z
TEL090606,25,31.286460812958897,1.4666666666666666,21.33167782701743,NA,NA,NA,NA,NA,-60.165104,-59.7759468,47.8141544,47.7113951,2009-06-12T16:37:00Z,2009-06-12T18:05:00Z
TEL090606,26,5.440367004953943,0.25,21.761468019815773,NA,NA,NA,NA,NA,-59.4131065,-59.3482416,47.6067017,47.5849056,2009-06-12T19:27:00Z,2009-06-12T19:42:00Z
TEL090606,27,0.337260318768138,0.016666666666666666,20.23561912608828,NA,NA,NA,NA,NA,-61.0218995,-61.0259555,46.7467471,46.7479532,2009-06-13T12:48:00Z,2009-06-13T12:49:00Z
TEL090606,28,11.074653820542274,0.55,20.13573421916777,NA,NA,NA,NA,NA,-61.2735279,-61.4109617,46.8446332,46.8772883,2009-06-13T16:09:00Z,2009-06-13T16:42:00Z
TEL090606,29,7.514902904744885,0.38333333333333336,19.604094534117092,NA,NA,NA,NA,NA,-61.5545867,-61.6388905,46.9234153,46.9586898,2009-06-13T17:50:00Z,2009-06-13T18:13:00Z
TEL090606,30,35.54205111852567,1.8333333333333333,19.386573337377637,NA,NA,NA,NA,NA,-61.8182496,-62.2385143,47.0214062,47.163084,2009-06-13T19:25:00Z,2009-06-13T21:15:00Z
TEL090606,31,35.73256624054056,1.7,21.019156612082682,NA,NA,NA,NA,NA,-62.2912115,-62.7204809,47.1804028,47.3150176,2009-06-13T22:36:00Z,2009-06-14T00:18:00Z
TEL090606,32,14.888289190043524,0.75,19.851052253391366,NA,NA,NA,NA,NA,-64.5324798,-64.7234969,48.1251452,48.1656755,2009-06-14T12:45:00Z,2009-06-14T13:30:00Z
TEL090606,33,34.51780533937436,1.65,20.919882023863252,NA,NA,NA,NA,NA,-64.811372,-65.2038556,48.1201551,47.9549918,2009-06-14T15:09:00Z,2009-06-14T16:48:00Z
TEL090606,34,61.06398796729714,3.533333333333333,17.282260745461453,NA,NA,NA,NA,NA,-65.324608,-66.1279874,47.9418759,48.0509157,2009-06-14T18:22:00Z,2009-06-14T21:54:00Z
TEL090606,35,15.958077659453902,0.8333333333333334,19.14969319134468,NA,NA,NA,NA,NA,-65.672841,-65.4643992,47.9918025,47.9589611,2009-06-15T00:09:00Z,2009-06-15T00:59:00Z
TEL090606,36,13.06564994721726,0.65,20.100999918795782,NA,NA,NA,NA,NA,-64.9557104,-64.7806949,47.9308926,47.9260428,2009-06-15T02:58:00Z,2009-06-15T03:37:00Z
TEL090606,37,15.022456352349309,0.7166666666666667,20.961567003278105,NA,NA,NA,NA,NA,-64.6152575,-64.4155373,47.5004278,47.5029964,2009-06-15T12:44:00Z,2009-06-15T13:27:00Z
TEL090606,38,3.1247476256338595,0.15,20.831650837559064,NA,NA,NA,NA,NA,-63.8539956,-63.812464,47.5009126,47.5000915,2009-06-15T16:36:00Z,2009-06-15T16:45:00Z
TEL090606,39,56.71533355582647,2.7666666666666666,20.49951815270836,NA,NA,NA,NA,NA,-63.6623281,-62.9081738,47.5012891,47.5018047,2009-06-15T18:15:00Z,2009-06-15T21:01:00Z
TEL090606,40,81.4521990125115,5.6,14.545035537948483,NA,NA,NA,NA,NA,-62.7135997,-62.247528,47.4962776,46.8367466,2009-06-15T22:03:00Z,2009-06-16T03:39:00Z
TEL090606,41,2.0908533570283483,0.1,20.90853357028348,NA,NA,NA,NA,NA,-62.7532809,-62.7525403,47.137054,47.1558297,2009-06-16T12:38:00Z,2009-06-16T12:44:00Z
TEL090606,42,34.38598219495351,1.65,20.839989209062736,NA,NA,NA,NA,NA,-62.7786292,-63.2330024,47.171482,47.1698387,2009-06-16T13:56:00Z,2009-06-16T15:35:00Z
TEL090606,43,26.26210717461675,1.25,21.009685739693403,NA,NA,NA,NA,NA,-63.2476044,-63.2490358,47.0793001,46.8433856,2009-06-16T17:16:00Z,2009-06-16T18:31:00Z
TEL090606,44,43.787691198196555,2.0833333333333335,21.018091775134344,NA,NA,NA,NA,NA,-63.2994679,-63.717668,46.5353197,46.8043453,2009-06-16T21:58:00Z,2009-06-17T00:03:00Z
TEL090606,45,8.06759654509021,0.35,23.050275843114886,NA,NA,NA,NA,NA,-64.5094702,-64.4345129,46.6059907,46.5550214,2009-06-17T12:49:00Z,2009-06-17T13:10:00Z
TEL090606,46,21.292774200920718,0.9,23.658638001023018,NA,NA,NA,NA,NA,-63.5712553,-63.3327495,46.1212199,46.0252541,2009-06-17T17:51:00Z,2009-06-17T18:45:00Z
TEL090606,47,38.385806132909764,2.1666666666666665,17.716525907496816,NA,NA,NA,NA,NA,-62.9947953,-62.506571,45.9264329,45.8676547,2009-06-17T20:14:00Z,2009-06-17T22:24:00Z
TEL090606,48,26.15912565021664,1.15,22.74706578279708,NA,NA,NA,NA,NA,-62.2399978,-62.2557722,45.9366198,46.1713561,2009-06-18T00:11:00Z,2009-06-18T01:20:00Z
TEL090606,49,33.03775951808761,1.4833333333333334,22.27264686612648,NA,NA,NA,NA,NA,-61.7458441,-61.745419,46.5352167,46.8319998,2009-06-18T12:37:00Z,2009-06-18T14:06:00Z
TEL090606,50,27.010184949096907,1.1,24.554713590088095,NA,NA,NA,NA,NA,-60.9110329,-60.7976079,46.8434198,47.0733749,2009-06-18T18:14:00Z,2009-06-18T19:20:00Z
TEL090606,51,59.724432531750665,2.9833333333333334,20.01936285980469,NA,NA,NA,NA,NA,-60.9411117,-61.7302898,47.1685004,47.173376,2009-06-18T20:55:00Z,2009-06-18T23:54:00Z
TEL090606,52,45.69717436937457,1.9833333333333334,23.040592119012388,NA,NA,NA,NA,NA,-61.6314328,-61.2544022,47.1662795,47.487536,2009-06-19T01:18:00Z,2009-06-19T03:17:00Z
TEL090606,53,81.04014201106077,9.533333333333333,8.500714196964417,NA,NA,NA,NA,NA,-60.7903578,-61.7508654,48.1699121,47.8280016,2009-06-19T12:43:00Z,2009-06-19T22:15:00Z
TEL090606,54,53.95466721067762,2.75,19.619878985700954,NA,NA,NA,NA,NA,-61.7454119,-61.7437174,47.8381931,48.3228748,2009-06-19T23:25:00Z,2009-06-20T02:10:00Z
TEL090606,55,77.1372618349633,3.55,21.728806150693888,NA,NA,NA,NA,NA,-62.7443721,-62.7519962,47.880975,48.5738922,2009-06-20T14:11:00Z,2009-06-20T17:44:00Z
TEL090606,56,35.61013362129424,2.966666666666667,12.003415827402552,NA,NA,NA,NA,NA,-62.782018,-63.2520045,48.5779761,48.5037921,2009-06-20T19:21:00Z,2009-06-20T22:19:00Z
TEL090606,57,45.49452992538968,2.0833333333333335,21.837374364187045,NA,NA,NA,NA,NA,-63.2413914,-63.2449094,48.4465409,48.0378633,2009-06-21T00:10:00Z,2009-06-21T02:15:00Z
TEL090606,58,14.479788773479063,0.6333333333333333,22.862824379177468,NA,NA,NA,NA,NA,-63.8793509,-64.0752198,48.5006353,48.4921315,2009-06-21T12:10:00Z,2009-06-21T12:48:00Z
TEL090606,59,27.49806877482237,1.2833333333333334,21.427066577783666,NA,NA,NA,NA,NA,-64.084273,-64.0863606,48.4975543,48.7445698,2009-06-21T14:14:00Z,2009-06-21T15:31:00Z
TEL090606,60,21.650896760447626,0.95,22.79041764257645,NA,NA,NA,NA,NA,-64.0710763,-63.7926341,48.7533946,48.8179732,2009-06-21T16:36:00Z,2009-06-21T17:33:00Z
TEL090606,61,58.47453412374995,2.5833333333333335,22.635303531774174,NA,NA,NA,NA,NA,-63.8087006,-64.4837944,48.8540541,49.1364176,2009-06-21T19:05:00Z,2009-06-21T21:40:00Z
TEL090606,62,30.360198237572337,1.35,22.489035731535065,NA,NA,NA,NA,NA,-65.1040981,-65.4759637,49.3444754,49.4703143,2009-06-21T23:53:00Z,2009-06-22T01:14:00Z
TEL090606,63,12.90640204051057,0.6,21.51067006751762,NA,NA,NA,NA,NA,-67.4104338,-67.5625058,48.9259554,48.8672434,2009-06-22T12:38:00Z,2009-06-22T13:14:00Z
TEL090909,1,7.30350840584513,0.43333333333333335,16.854250167334914,NA,NA,NA,NA,NA,-63.1263043,-63.0322965,45.9374736,45.9430186,2009-09-09T14:59:00Z,2009-09-09T15:25:00Z
TEL090909,2,25.915685623435888,1.55,16.71979717641025,NA,NA,NA,NA,NA,-62.9363969,-62.6200872,45.9341763,45.858433,2009-09-09T17:20:00Z,2009-09-09T18:53:00Z
TEL090909,3,16.718079525234394,1.35,12.383762611284736,NA,NA,NA,NA,NA,-62.6508557,-62.4952873,45.8566492,45.7527576,2009-09-09T21:39:00Z,2009-09-09T23:00:00Z
TEL090909,4,10.003566006178408,0.5,20.007132012356816,NA,NA,NA,NA,NA,-62.4569044,-62.3397733,45.7785102,45.8160135,2009-09-10T00:29:00Z,2009-09-10T00:59:00Z
TEL090909,5,5.772992457886834,0.2833333333333333,20.37526749842412,NA,NA,NA,NA,NA,-62.1583144,-62.2314437,46.1690411,46.1802253,2009-09-10T22:51:00Z,2009-09-10T23:08:00Z
TEL090909,6,19.85822770013662,1.1666666666666667,17.02133802868853,NA,NA,NA,NA,NA,-61.8698054,-61.9155845,46.8041687,46.9797936,2009-09-11T15:42:00Z,2009-09-11T16:52:00Z
TEL090909,7,17.51385269975153,0.9,19.459836333057257,NA,NA,NA,NA,NA,-61.648245,-61.4290434,46.9703628,47.0193478,2009-09-11T23:21:00Z,2009-09-12T00:15:00Z
TEL090909,8,14.623748815783994,0.8166666666666667,17.90663120300081,NA,NA,NA,NA,NA,-61.3765053,-61.1986094,47.0261785,46.9757974,2009-09-12T01:32:00Z,2009-09-12T02:21:00Z
TEL090909,9,31.620808010592413,1.5833333333333333,19.97103663826889,NA,NA,NA,NA,NA,-60.9546483,-61.2642414,47.2536966,47.4452409,2009-09-12T15:13:00Z,2009-09-12T16:48:00Z
TEL090909,10,66.13207961523406,3.4166666666666665,19.355730619092895,NA,NA,NA,NA,NA,-61.2185832,-60.350063,47.4376869,47.3524781,2009-09-12T18:08:00Z,2009-09-12T21:33:00Z
TEL090909,11,1.0191865904504156,0.05,20.38373180900831,NA,NA,NA,NA,NA,-60.1587653,-60.1460207,47.3220263,47.3250579,2009-09-13T01:01:00Z,2009-09-13T01:04:00Z
TEL090909,12,6.942120455346262,0.6666666666666666,10.413180683019394,NA,NA,NA,NA,NA,-60.947268,-60.8759859,47.8623275,47.9023731,2009-09-13T14:36:00Z,2009-09-13T15:16:00Z
TEL090909,13,16.675133594002038,0.8166666666666667,20.418530931431068,NA,NA,NA,NA,NA,-60.9526819,-61.1037217,47.9680592,48.0786652,2009-09-13T17:57:00Z,2009-09-13T18:46:00Z
TEL090909,14,27.572154601441547,1.4833333333333334,18.587969394230257,NA,NA,NA,NA,NA,-61.05115,-61.4157342,48.0731798,48.1185147,2009-09-13T20:44:00Z,2009-09-13T22:13:00Z
TEL090909,15,2.3445182283704633,0.11666666666666667,20.095870528889684,NA,NA,NA,NA,NA,-61.3899351,-61.4116107,48.1518223,48.1671361,2009-09-14T00:03:00Z,2009-09-14T00:10:00Z
TEL090909,16,46.00200851087483,2.8,16.42928875388387,NA,NA,NA,NA,NA,-61.555511,-62.0929554,47.8967888,47.695736,2009-09-14T15:30:00Z,2009-09-14T18:18:00Z
TEL090909,17,22.464064591230223,1.3333333333333333,16.84804844342267,NA,NA,NA,NA,NA,-62.1084979,-61.8643006,47.6963371,47.5795124,2009-09-14T19:55:00Z,2009-09-14T21:15:00Z
TEL090909,18,1.942135582407794,0.23333333333333334,8.323438210319116,NA,NA,NA,NA,NA,-62.1488328,-62.1574732,47.5849849,47.5685409,2009-09-14T23:37:00Z,2009-09-14T23:51:00Z
TEL090909,19,2.3407177084481456,0.16666666666666666,14.044306250688875,NA,NA,NA,NA,NA,-62.7190039,-62.7060325,47.0860592,47.0669778,2009-09-15T13:57:00Z,2009-09-15T14:07:00Z
TEL090909,20,13.661975470732283,0.95,14.381026811297142,NA,NA,NA,NA,NA,-62.7393848,-62.9194524,47.0710736,47.0666379,2009-09-15T15:47:00Z,2009-09-15T16:44:00Z
TEL090909,21,42.03573518085885,1.9333333333333333,21.742621645271818,NA,NA,NA,NA,NA,-62.9887037,-62.957235,47.0150526,46.6380535,2009-09-15T18:10:00Z,2009-09-15T20:06:00Z
TEL090909,22,9.636555444841079,0.55,17.52100989971105,NA,NA,NA,NA,NA,-63.4820475,-63.6015319,46.5891437,46.6166157,2009-09-15T23:37:00Z,2009-09-16T00:10:00Z
TEL090909,23,11.180487674327775,0.5833333333333334,19.166550298847614,NA,NA,NA,NA,NA,-63.6288053,-63.7359562,46.6588428,46.7272958,2009-09-16T01:09:00Z,2009-09-16T01:44:00Z
TEL090909,24,7.596323222682986,0.48333333333333334,15.716530805551004,NA,NA,NA,NA,NA,-64.2212155,-64.1683681,47.1134684,47.0554887,2009-09-16T14:20:00Z,2009-09-16T14:49:00Z
TEL090909,25,8.207998951431053,0.5166666666666667,15.88644958341494,NA,NA,NA,NA,NA,-64.3199474,-64.387833,47.0170569,46.9596789,2009-09-16T16:53:00Z,2009-09-16T17:24:00Z
TEL090909,26,13.400351340030381,0.8166666666666667,16.408593477588223,NA,NA,NA,NA,NA,-64.4620819,-64.6018341,47.0374204,47.1111214,2009-09-16T19:25:00Z,2009-09-16T20:14:00Z
TEL090909,27,41.14359784540294,2.1333333333333333,19.286061490032626,NA,NA,NA,NA,NA,-64.5638393,-64.6215633,47.0942385,47.4617571,2009-09-16T21:22:00Z,2009-09-16T23:30:00Z
TEL090909,28,31.541473868929778,1.5333333333333334,20.57052643625855,NA,NA,NA,NA,NA,-64.6001269,-64.360824,47.4293651,47.6621546,2009-09-17T00:43:00Z,2009-09-17T02:15:00Z
TEL090909,29,47.1206491000692,2.4833333333333334,18.974758026873502,NA,NA,NA,NA,NA,-63.6845215,-63.0558336,47.7298434,47.7505033,2009-09-17T14:44:00Z,2009-09-17T17:13:00Z
TEL090909,30,35.33686529682492,1.7166666666666666,20.584581726305778,NA,NA,NA,NA,NA,-62.9674919,-62.6920938,47.9919212,48.2507025,2009-09-17T19:53:00Z,2009-09-17T21:36:00Z
TEL090909,31,44.860844649936865,2.65,16.928620622617686,NA,NA,NA,NA,NA,-62.6872364,-63.2836405,48.2338896,48.1676791,2009-09-17T23:13:00Z,2009-09-18T01:52:00Z
TEL090909,32,31.285150069423167,1.6666666666666667,18.7710900416539,NA,NA,NA,NA,NA,-66.2951919,-65.8946819,48.0507605,47.9659896,2009-09-19T00:26:00Z,2009-09-19T02:06:00Z
TEL090909,33,20.253436601372027,0.9666666666666667,20.95183096693658,NA,NA,NA,NA,NA,-65.4363143,-65.168442,47.8676422,47.8964101,2009-09-19T14:09:00Z,2009-09-19T15:07:00Z
TEL090909,34,7.231214728750251,0.8,9.039018410937812,NA,NA,NA,NA,NA,-65.1197069,-65.0515261,47.9536236,47.9998454,2009-09-19T19:15:00Z,2009-09-19T20:03:00Z
TEL090909,35,13.884092551672765,0.6666666666666666,20.826138827509148,NA,NA,NA,NA,NA,-64.9978303,-64.8321854,48.0083523,47.9512461,2009-09-19T21:34:00Z,2009-09-19T22:14:00Z
TEL090909,36,23.04107443005277,1.5333333333333334,15.026787671773544,NA,NA,NA,NA,NA,-64.7686502,-64.7593717,47.9634145,48.1703031,2009-09-20T00:22:00Z,2009-09-20T01:54:00Z
TEL090909,37,3.164172741312469,0.36666666666666664,8.629562021761279,NA,NA,NA,NA,NA,-64.1737672,-64.2139782,48.4247721,48.4345717,2009-09-20T14:04:00Z,2009-09-20T14:26:00Z
TEL090909,38,47.14240968825099,2.3333333333333335,20.203889866393283,NA,NA,NA,NA,NA,-64.1616558,-63.5275749,48.4354494,48.3885487,2009-09-20T15:49:00Z,2009-09-20T18:09:00Z
TEL090909,39,12.197607796845855,0.65,18.76555045668593,NA,NA,NA,NA,NA,-63.5267504,-63.3617658,48.3881658,48.3897625,2009-09-20T19:41:00Z,2009-09-20T20:20:00Z
TEL090909,40,2.4650114416427,0.13333333333333333,18.487585812320248,NA,NA,NA,NA,NA,-63.3353916,-63.3266653,48.4371938,48.4585675,2009-09-20T22:17:00Z,2009-09-20T22:25:00Z
TEL090909,41,11.893641144388642,0.7333333333333333,16.21860156052997,NA,NA,NA,NA,NA,-63.3279557,-63.3546948,48.4938624,48.5992282,2009-09-21T00:20:00Z,2009-09-21T01:04:00Z
TEL090909,42,19.349841713915126,1.1166666666666667,17.3282164602225,NA,NA,NA,NA,NA,-63.6790937,-63.8791163,48.855235,48.9689588,2009-09-21T15:09:00Z,2009-09-21T16:16:00Z
TEL090909,43,28.210762477643552,1.5,18.807174985095703,NA,NA,NA,NA,NA,-63.8199329,-64.0875336,48.9819236,49.1649306,2009-09-21T18:09:00Z,2009-09-21T19:39:00Z
TEL090909,44,15.077229273452398,0.8,18.846536591815497,NA,NA,NA,NA,NA,-64.0400575,-64.0167128,49.0775052,48.9429325,2009-09-21T21:30:00Z,2009-09-21T22:18:00Z
TEL090909,45,18.933098290807713,1.2166666666666666,15.561450649978944,NA,NA,NA,NA,NA,-64.0575794,-63.8847783,48.9087843,48.7823134,2009-09-22T00:17:00Z,2009-09-22T01:30:00Z
TEL090909,46,138.75811714479565,24.583333333333332,5.644397985551009,NA,NA,NA,NA,NA,-64.3930156,-64.2387398,48.8360958,47.5938559,2009-09-22T14:01:00Z,2009-09-23T14:36:00Z
TEL090909,47,17.76383210815032,0.8833333333333333,20.109998613000364,NA,NA,NA,NA,NA,-64.2284821,-64.2623374,47.5972707,47.439342,2009-09-23T16:00:00Z,2009-09-23T16:53:00Z
TEL090909,48,32.49203687435537,1.65,19.692143560215378,NA,NA,NA,NA,NA,-64.3137328,-64.7255242,47.3711818,47.2857861,2009-09-23T18:47:00Z,2009-09-23T20:26:00Z
TEL090909,49,35.81233576081408,1.8833333333333333,19.015399519016327,NA,NA,NA,NA,NA,-64.6838576,-64.5098875,47.2165666,46.9174778,2009-09-23T21:36:00Z,2009-09-23T23:29:00Z
TEL090909,50,17.875536361717362,0.8666666666666667,20.625618878904646,NA,NA,NA,NA,NA,-64.450367,-64.3683502,46.9524382,47.1029706,2009-09-24T01:16:00Z,2009-09-24T02:08:00Z
TEL090909,51,2.3132303433913144,0.11666666666666667,19.827688657639836,NA,NA,NA,NA,NA,-63.4286393,-63.4195206,47.1190353,47.1388677,2009-09-24T16:41:00Z,2009-09-24T16:48:00Z
TEL090909,52,0.671763388024823,0.03333333333333333,20.15290164074469,NA,NA,NA,NA,NA,-63.3215618,-63.3185037,47.3252514,47.3309188,2009-09-24T17:53:00Z,2009-09-24T17:55:00Z
TEL090909,53,40.98672815364282,2.1166666666666667,19.363808576524168,NA,NA,NA,NA,NA,-63.3858833,-63.7498039,47.3132965,47.5871618,2009-09-24T19:27:00Z,2009-09-24T21:34:00Z
TEL090909,54,29.61887149481919,1.4833333333333334,19.967778535833162,NA,NA,NA,NA,NA,-63.7782634,-63.9665014,47.6011932,47.8351922,2009-09-24T23:02:00Z,2009-09-25T00:31:00Z
TEL090909,55,12.71166071563031,0.6166666666666667,20.613503863184288,NA,NA,NA,NA,NA,-63.0006033,-63.0189875,48.445638,48.3321017,2009-09-25T14:33:00Z,2009-09-25T15:10:00Z
TEL090909,56,25.743260792527007,1.15,22.38544416741479,NA,NA,NA,NA,NA,-63.0989387,-63.2606228,48.1946627,47.9901717,2009-09-25T17:03:00Z,2009-09-25T18:12:00Z
TEL090909,57,28.68221262039079,1.5333333333333334,18.705790839385298,NA,NA,NA,NA,NA,-63.2808185,-63.2616786,48.0145216,47.7571848,2009-09-25T20:27:00Z,2009-09-25T21:59:00Z
TEL090909,58,28.16627604583594,1.5666666666666667,17.978474071810176,NA,NA,NA,NA,NA,-63.184236,-62.917059,47.7172657,47.5395059,2009-09-25T23:46:00Z,2009-09-26T01:20:00Z
TEL100603,1,NA,NA,NA,11.5,21.298000000000002,11.5,NA,NA,-68.574700000000007,NA,48.6738,NA,2010-06-03T20:35:00Z,NA
TEL100603,1,NA,NA,NA,NA,NA,NA,NA,NA,NA,-68.6295,NA,48.70723,NA,2010-06-03T20:51:00Z
TEL100603,2,NA,NA,NA,11.5,21.298000000000002,11.5,NA,NA,-68.6404,NA,48.71895,NA,2010-06-03T22:11:00Z,NA
TEL100603,2,NA,NA,NA,NA,NA,NA,NA,NA,NA,-68.6667,NA,48.74926,NA,2010-06-03T22:23:00Z
TEL100603,3,NA,NA,NA,11.5,21.298000000000002,11.5,NA,NA,-68.6793,NA,48.7648,NA,2010-06-03T23:34:00Z,NA
TEL100603,3,NA,NA,NA,NA,NA,NA,NA,NA,NA,-68.7054,NA,48.78488,NA,2010-06-03T23:43:00Z
TEL100603,4,NA,NA,NA,11.5,21.298000000000002,11.5,NA,NA,-68.6444,NA,48.85953,NA,2010-06-04T01:56:00Z,NA
TEL100603,4,NA,NA,NA,NA,NA,NA,NA,NA,NA,-68.2446,NA,48.99176,NA,2010-06-04T03:30:00Z
TEL100603,5,NA,NA,NA,11.5,21.298000000000002,11.5,NA,NA,-66.193,NA,49.27818,NA,2010-06-05T00:02:00Z,NA
TEL100603,5,NA,NA,NA,NA,NA,NA,NA,NA,NA,-66.1952,NA,49.25506,NA,2010-06-05T00:11:00Z
TEL100603,6,NA,NA,NA,11.5,21.298000000000002,11.5,NA,NA,-65.757,NA,49.2801,NA,2010-06-05T02:15:00Z,NA
TEL100603,6,NA,NA,NA,NA,NA,NA,NA,NA,NA,-65.3057,NA,49.31105,NA,2010-06-05T03:45:00Z
TEL100603,7,NA,NA,NA,10.8,20.001600000000003,10.8,NA,NA,-64.5077,NA,49.5586,NA,2010-06-05T13:05:00Z,NA
TEL100603,7,NA,NA,NA,NA,NA,NA,NA,NA,NA,-64.50555868,NA,49.66141651,NA,2010-06-05T13:49:00Z
TEL100603,8,NA,NA,NA,11,20.372,11,NA,NA,-64.4540862433943,NA,49.7363655858675,NA,2010-06-05T14:41:00Z,NA
TEL100603,8,NA,NA,NA,NA,NA,NA,NA,NA,NA,-64.4465,NA,49.9502,NA,2010-06-05T16:31:00Z
TEL100603,9,NA,NA,NA,11.5,21.298000000000002,11.5,NA,NA,-64.2991,NA,49.96593,NA,2010-06-05T17:01:00Z,NA
TEL100603,9,NA,NA,NA,NA,NA,NA,NA,NA,NA,-63.8418,NA,49.97303,NA,2010-06-05T18:31:00Z
TEL100603,10,NA,NA,NA,12,22.224,12,NA,NA,-63.5997,NA,49.95128,NA,2010-06-05T19:17:00Z,NA
TEL100603,10,NA,NA,NA,NA,NA,NA,NA,NA,NA,-63.1743,NA,49.90485,NA,2010-06-05T20:44:00Z
TEL100603,11,NA,NA,NA,11.5,21.298000000000002,11.5,NA,NA,-63.1606,NA,49.90208,NA,2010-06-05T22:20:00Z,NA
TEL100603,11,NA,NA,NA,NA,NA,NA,NA,NA,NA,-62.9514,NA,49.82735,NA,2010-06-05T23:10:00Z
TEL100603,12,NA,NA,NA,11.5,21.298000000000002,11.5,NA,NA,-62.9347,NA,49.82421,NA,2010-06-06T00:01:00Z,NA
TEL100603,12,NA,NA,NA,NA,NA,NA,NA,NA,NA,-62.747,NA,49.80048,NA,2010-06-06T00:40:00Z
TEL100603,13,NA,NA,NA,10.5,19.446,10.5,NA,NA,-59.6633,NA,49.98238,NA,2010-06-06T14:00:00Z,NA
TEL100603,13,NA,NA,NA,NA,NA,NA,NA,NA,NA,-59.4503,NA,49.85576,NA,2010-06-06T15:01:00Z
TEL100603,14,NA,NA,NA,11.5,21.298000000000002,11.5,NA,NA,-59.4426,NA,49.84443,NA,2010-06-06T16:05:00Z,NA
TEL100603,14,NA,NA,NA,NA,NA,NA,NA,NA,NA,-59.2264,NA,49.73001,NA,2010-06-06T17:04:00Z
TEL100603,15,NA,NA,NA,11,20.372,11,NA,NA,-59.2259,NA,49.73181,NA,2010-06-06T18:05:00Z,NA
TEL100603,15,NA,NA,NA,NA,NA,NA,NA,NA,NA,-59.0159,NA,49.62786,NA,2010-06-06T19:00:00Z
TEL100603,16,NA,NA,NA,11,20.372,11,NA,NA,-58.939,NA,49.5908,NA,2010-06-06T20:17:00Z,NA
TEL100603,16,NA,NA,NA,NA,NA,NA,NA,NA,NA,-58.7247,NA,49.4889,NA,2010-06-06T21:13:00Z
TEL100603,17,NA,NA,NA,11,20.372,11,NA,NA,-58.6999,NA,49.47748,NA,2010-06-06T22:07:00Z,NA
TEL100603,17,NA,NA,NA,NA,NA,NA,NA,NA,NA,-58.5044,NA,49.34618,NA,2010-06-06T23:05:00Z
TEL100603,18,NA,NA,NA,11.5,21.298000000000002,11.5,NA,NA,-58.4899,NA,49.3578,NA,2010-06-06T23:42:00Z,NA
TEL100603,18,NA,NA,NA,NA,NA,NA,NA,NA,NA,-58.3252,NA,49.6033,NA,2010-06-07T01:04:00Z
TEL100603,19,NA,NA,NA,11.5,21.298000000000002,11.5,NA,NA,-58.2579,NA,49.70673,NA,2010-06-07T01:39:00Z,NA
TEL100603,19,NA,NA,NA,NA,NA,NA,NA,NA,NA,-58.141,NA,49.87675,NA,2010-06-07T02:37:00Z
TEL100603,20,NA,NA,NA,10,18.52,10,NA,NA,-56.8809,NA,51.34318,NA,2010-06-07T13:06:00Z,NA
TEL100603,20,NA,NA,NA,NA,NA,NA,NA,NA,NA,-56.6552,NA,51.55045,NA,2010-06-07T14:36:00Z
TEL100603,21,NA,NA,NA,12.8,23.705600000000004,12.8,NA,NA,-56.7379,NA,51.49895,NA,2010-06-07T23:16:00Z,NA
TEL100603,21,NA,NA,NA,NA,NA,NA,NA,NA,NA,-57.1789,NA,51.34278,NA,2010-06-08T00:46:00Z
TEL100603,22,NA,NA,NA,12,22.224,12,NA,NA,-57.3898,NA,51.29165,NA,2010-06-08T01:27:00Z,NA
TEL100603,22,NA,NA,NA,NA,NA,NA,NA,NA,NA,-57.6947,NA,51.20961,NA,2010-06-08T02:27:00Z
TEL100603,23,NA,NA,NA,11.5,21.298000000000002,11.5,NA,NA,-59.3873,NA,50.30006,NA,2010-06-08T12:56:00Z,NA
TEL100603,23,NA,NA,NA,NA,NA,NA,NA,NA,NA,-59.4845,NA,50.20856,NA,2010-06-08T13:31:00Z
TEL100603,24,NA,NA,NA,11,20.372,11,NA,NA,-59.6826,NA,50.01193,NA,2010-06-08T14:44:00Z,NA
TEL100603,24,NA,NA,NA,NA,NA,NA,NA,NA,NA,-59.9365,NA,49.77906,NA,2010-06-08T16:14:00Z
TEL100603,25,NA,NA,NA,11,20.372,11,NA,NA,-59.9912,NA,49.72761,NA,2010-06-08T16:34:00Z,NA
TEL100603,25,NA,NA,NA,NA,NA,NA,NA,NA,NA,-60.0893,NA,49.63601,NA,2010-06-08T17:10:00Z
TEL100603,26,NA,NA,NA,11.5,21.298000000000002,11.5,NA,NA,-60.2116,NA,49.5215,NA,2010-06-08T17:55:00Z,NA
TEL100603,26,NA,NA,NA,NA,NA,NA,NA,NA,NA,-60.3776,NA,49.3673,NA,2010-06-08T18:55:00Z
TEL100603,27,NA,NA,NA,11.5,21.298000000000002,11.5,NA,NA,-60.506,NA,49.2411,NA,2010-06-08T19:43:00Z,NA
TEL100603,27,NA,NA,NA,NA,NA,NA,NA,NA,NA,-60.7493,NA,49.00125,NA,2010-06-08T21:13:00Z
TEL100603,28,NA,NA,NA,11.7,21.6684,11.7,NA,NA,-60.8145,NA,48.93828,NA,2010-06-08T21:37:00Z,NA
TEL100603,28,NA,NA,NA,NA,NA,NA,NA,NA,NA,-60.9548,NA,48.80521,NA,2010-06-08T22:29:00Z
TEL100603,29,NA,NA,NA,11,20.372,11,NA,NA,-61.0169,NA,48.74915,NA,2010-06-08T23:48:00Z,NA
TEL100603,29,NA,NA,NA,NA,NA,NA,NA,NA,NA,-61.132,NA,48.64595,NA,2010-06-09T00:30:00Z
TEL100603,30,NA,NA,NA,11,20.372,11,NA,NA,-61.2499,NA,48.5423,NA,2010-06-09T02:15:00Z,NA
TEL100603,30,NA,NA,NA,NA,NA,NA,NA,NA,NA,-61.2922,NA,48.50603,NA,2010-06-09T02:31:00Z
TEL100603,31,NA,NA,NA,11.5,21.298000000000002,11.5,NA,NA,-60.3215,NA,47.8465,NA,2010-06-09T13:02:00Z,NA
TEL100603,31,NA,NA,NA,NA,NA,NA,NA,NA,NA,-59.9291,NA,47.74001,NA,2010-06-09T14:32:00Z
TEL100603,32,NA,NA,NA,11.5,21.298000000000002,11.5,NA,NA,-59.6459,NA,47.66478,NA,2010-06-09T15:37:00Z,NA
TEL100603,32,NA,NA,NA,NA,NA,NA,NA,NA,NA,-59.3516,NA,47.58513,NA,2010-06-09T16:45:00Z
TEL100603,33,NA,NA,NA,12,22.224,12,NA,NA,-59.379,NA,47.56281,NA,2010-06-09T17:58:00Z,NA
TEL100603,33,NA,NA,NA,NA,NA,NA,NA,NA,NA,-59.5487,NA,47.44018,NA,2010-06-09T18:50:00Z
TEL100603,34,NA,NA,NA,14,25.928,14,NA,NA,-59.5719,NA,47.42276,NA,2010-06-09T20:22:00Z,NA
TEL100603,34,NA,NA,NA,NA,NA,NA,NA,NA,NA,-59.7637,NA,47.27955,NA,2010-06-09T21:22:00Z
TEL100603,35,NA,NA,NA,11.5,21.298000000000002,11.5,NA,NA,-59.7879,NA,47.2604,NA,2010-06-09T22:42:00Z,NA
TEL100603,35,NA,NA,NA,NA,NA,NA,NA,NA,NA,-60.0008,NA,47.0937,NA,2010-06-09T23:47:00Z
TEL100603,36,NA,NA,NA,11.5,21.298000000000002,11.5,NA,NA,-60.0008,NA,47.0937,NA,2010-06-10T00:50:00Z,NA
TEL100603,36,NA,NA,NA,NA,NA,NA,NA,NA,NA,-60.1141,NA,47.02271,NA,2010-06-10T01:25:00Z
TEL100603,37,NA,NA,NA,10.5,19.446,10.5,NA,NA,-61.8307,NA,47.02743,NA,2010-06-10T14:05:00Z,NA
TEL100603,37,NA,NA,NA,NA,NA,NA,NA,NA,NA,-61.83770944,NA,47.16892464,NA,2010-06-10T15:45:00Z
TEL100603,38,NA,NA,NA,11.5,21.298000000000002,11.5,NA,NA,-62.2614,NA,47.17238,NA,2010-06-10T17:00:00Z,NA
TEL100603,38,NA,NA,NA,NA,NA,NA,NA,NA,NA,-62.6422,NA,47.2965,NA,2010-06-10T18:30:00Z
TEL100603,39,NA,NA,NA,11.5,21.298000000000002,11.5,NA,NA,-62.7598,NA,47.33221,NA,2010-06-10T19:31:00Z,NA
TEL100603,39,NA,NA,NA,NA,NA,NA,NA,NA,NA,-63.1828,NA,47.47258,NA,2010-06-10T21:11:00Z
TEL100603,40,NA,NA,NA,11.5,21.298000000000002,11.5,NA,NA,-63.3278,NA,47.52366,NA,2010-06-10T22:46:00Z,NA
TEL100603,40,NA,NA,NA,NA,NA,NA,NA,NA,NA,-63.7419,NA,47.65311,NA,2010-06-11T00:26:00Z
TEL100603,41,NA,NA,NA,11.5,21.298000000000002,11.5,NA,NA,-63.7601,NA,47.6573,NA,2010-06-11T01:04:00Z,NA
TEL100603,41,NA,NA,NA,NA,NA,NA,NA,NA,NA,-63.9894,NA,47.73533,NA,2010-06-11T01:59:00Z
TEL100603,42,NA,NA,NA,11.5,21.298000000000002,11.5,NA,NA,-65.0014,NA,48.03518,NA,2010-06-11T12:58:00Z,NA
TEL100603,42,NA,NA,NA,NA,NA,NA,NA,NA,NA,-65.00564606,NA,47.93002956,NA,2010-06-11T14:04:00Z
TEL100603,43,NA,NA,NA,11.5,21.298000000000002,11.5,NA,NA,-64.8072,NA,47.90453,NA,2010-06-11T16:29:00Z,NA
TEL100603,43,NA,NA,NA,NA,NA,NA,NA,NA,NA,-64.80653863,NA,47.89035936,NA,2010-06-11T16:39:00Z
TEL100603,44,NA,NA,NA,11,20.372,11,NA,NA,-64.8469,NA,47.90813,NA,2010-06-11T18:54:00Z,NA
TEL100603,44,NA,NA,NA,NA,NA,NA,NA,NA,NA,-65.5595,NA,47.97583,NA,2010-06-11T21:24:00Z
TEL100603,45,NA,NA,NA,11.5,21.298000000000002,11.5,NA,NA,-65.7921,NA,47.99943,NA,2010-06-11T23:14:00Z,NA
TEL100603,45,NA,NA,NA,NA,NA,NA,NA,NA,NA,-66.108,NA,48.04615,NA,2010-06-12T00:23:00Z
TEL100603,46,NA,NA,NA,11.5,21.298000000000002,11.5,NA,NA,-64.7013,NA,47.3465,NA,2010-06-12T13:01:00Z,NA
TEL100603,46,NA,NA,NA,NA,NA,NA,NA,NA,NA,-64.7311,NA,47.18686,NA,2010-06-12T13:50:00Z
TEL100603,47,NA,NA,NA,11.5,21.298000000000002,11.5,NA,NA,-64.7157,NA,47.09893,NA,2010-06-12T15:01:00Z,NA
TEL100603,47,NA,NA,NA,NA,NA,NA,NA,NA,NA,-64.6702,NA,46.85248,NA,2010-06-12T16:19:00Z
TEL100603,48,NA,NA,NA,10,18.52,10,NA,NA,-64.6715,NA,46.83803,NA,2010-06-12T17:24:00Z,NA
TEL100603,48,NA,NA,NA,NA,NA,NA,NA,NA,NA,-64.3752,NA,46.8235,NA,2010-06-12T18:32:00Z
TEL100603,49,NA,NA,NA,11.6,21.4832,11.6,NA,NA,-64.3714,NA,46.84026,NA,2010-06-12T19:32:00Z,NA
TEL100603,49,NA,NA,NA,NA,NA,NA,NA,NA,NA,-64.2647,NA,47.12288,NA,2010-06-12T21:02:00Z
TEL100603,50,NA,NA,NA,11.5,21.298000000000002,11.5,NA,NA,-64.249,NA,47.18578,NA,2010-06-12T22:14:00Z,NA
TEL100603,50,NA,NA,NA,NA,NA,NA,NA,NA,NA,-64.252,NA,47.49095,NA,2010-06-12T23:49:00Z
TEL100603,51,NA,NA,NA,12,22.224,12,NA,NA,-64.2188,NA,47.50825,NA,2010-06-13T00:49:00Z,NA
TEL100603,51,NA,NA,NA,NA,NA,NA,NA,NA,NA,-63.7923,NA,47.48873,NA,2010-06-13T02:19:00Z
TEL100603,52,NA,NA,NA,11.5,21.298000000000002,11.5,NA,NA,-63.2534,NA,46.72825,NA,2010-06-13T13:00:00Z,NA
TEL100603,52,NA,NA,NA,NA,NA,NA,NA,NA,NA,-63.2531,NA,46.81796,NA,2010-06-13T13:28:00Z
TEL100603,53,NA,NA,NA,11.5,21.298000000000002,11.5,NA,NA,-63.2505,NA,46.86215,NA,2010-06-13T14:21:00Z,NA
TEL100603,53,NA,NA,NA,NA,NA,NA,NA,NA,NA,-63.2566,NA,47.1711,NA,2010-06-13T15:58:00Z
TEL100603,54,NA,NA,NA,12,22.224,12,NA,NA,-63.2306,NA,47.16975,NA,2010-06-13T16:53:00Z,NA
TEL100603,54,NA,NA,NA,NA,NA,NA,NA,NA,NA,-62.9401,NA,47.38613,NA,2010-06-13T18:23:00Z
TEL100603,55,NA,NA,NA,12,22.224,12,NA,NA,-62.8093,NA,47.4737,NA,2010-06-13T19:01:00Z,NA
TEL100603,55,NA,NA,NA,NA,NA,NA,NA,NA,NA,-62.761,NA,47.50626,NA,2010-06-13T19:16:00Z
TEL100603,56,NA,NA,NA,12,22.224,12,NA,NA,-62.745,NA,47.48683,NA,2010-06-13T20:18:00Z,NA
TEL100603,56,NA,NA,NA,NA,NA,NA,NA,NA,NA,-62.7479,NA,47.21218,NA,2010-06-13T21:48:00Z
TEL100603,57,NA,NA,NA,12.5,23.150000000000002,12.5,NA,NA,-62.739,NA,47.1628,NA,2010-06-13T23:04:00Z,NA
TEL100603,57,NA,NA,NA,NA,NA,NA,NA,NA,NA,-62.7458,NA,46.87861,NA,2010-06-14T00:34:00Z
TEL100603,58,NA,NA,NA,12.5,23.150000000000002,12.5,NA,NA,-62.7382,NA,46.78701,NA,2010-06-14T01:48:00Z,NA
TEL100603,58,NA,NA,NA,NA,NA,NA,NA,NA,NA,-62.7504,NA,46.59043,NA,2010-06-14T02:48:00Z
TEL100603,59,NA,NA,NA,12,22.224,12,NA,NA,-62.2502,NA,47.30306,NA,2010-06-14T12:58:00Z,NA
TEL100603,59,NA,NA,NA,NA,NA,NA,NA,NA,NA,-62.2576,NA,47.49663,NA,2010-06-14T13:58:00Z
TEL100603,60,NA,NA,NA,12,22.224,12,NA,NA,-62.2365,NA,47.47361,NA,2010-06-14T14:51:00Z,NA
TEL100603,60,NA,NA,NA,NA,NA,NA,NA,NA,NA,-62.0437,NA,47.14625,NA,2010-06-14T16:41:00Z
TEL100603,61,NA,NA,NA,11.5,21.298000000000002,11.5,NA,NA,-61.9827,NA,47.08373,NA,2010-06-14T17:04:00Z,NA
TEL100603,61,NA,NA,NA,NA,NA,NA,NA,NA,NA,-61.7727,NA,46.85688,NA,2010-06-14T18:30:00Z
TEL100603,62,NA,NA,NA,11.5,21.298000000000002,11.5,NA,NA,-61.746,NA,46.7641,NA,2010-06-14T19:52:00Z,NA
TEL100603,62,NA,NA,NA,NA,NA,NA,NA,NA,NA,-61.7511,NA,46.5312,NA,2010-06-14T21:10:00Z
TEL100603,63,NA,NA,NA,10.5,19.446,10.5,NA,NA,-61.7533,NA,46.49161,NA,2010-06-14T22:21:00Z,NA
TEL100603,63,NA,NA,NA,NA,NA,NA,NA,NA,NA,-61.8932,NA,46.35543,NA,2010-06-14T23:21:00Z
TEL100603,64,NA,NA,NA,11,20.372,11,NA,NA,-61.9918,NA,46.27991,NA,2010-06-14T23:55:00Z,NA
TEL100603,64,NA,NA,NA,NA,NA,NA,NA,NA,NA,-62.2301,NA,46.17091,NA,2010-06-15T01:25:00Z
TEL100603,65,NA,NA,NA,11.5,21.298000000000002,11.5,NA,NA,-62.2153,NA,46.16211,NA,2010-06-15T01:50:00Z,NA
TEL100603,65,NA,NA,NA,NA,NA,NA,NA,NA,NA,-62.0627,NA,46.00525,NA,2010-06-15T02:50:00Z
TEL100603,66,NA,NA,NA,10.5,19.446,10.5,NA,NA,-61.4807,NA,46.35838,NA,2010-06-15T12:55:00Z,NA
TEL100603,66,NA,NA,NA,NA,NA,NA,NA,NA,NA,-61.275,NA,46.4806,NA,2010-06-15T13:55:00Z
TEL100603,67,NA,NA,NA,11,20.372,11,NA,NA,-61.2286,NA,46.53653,NA,2010-06-15T15:02:00Z,NA
TEL100603,67,NA,NA,NA,NA,NA,NA,NA,NA,NA,-61.2332,NA,46.61013,NA,2010-06-15T15:28:00Z
TEL100603,68,NA,NA,NA,10.5,19.446,10.5,NA,NA,-60.7674,NA,48.16356,NA,2010-06-16T22:14:00Z,NA
TEL100603,68,NA,NA,NA,NA,NA,NA,NA,NA,NA,-60.7758417703558,NA,48.1685397208034,NA,2010-06-17T00:02:00Z
TEL100603,69,NA,NA,NA,12,22.224,12,NA,NA,-61.7758,NA,48.31951,NA,2010-06-17T13:56:00Z,NA
TEL100603,69,NA,NA,NA,NA,NA,NA,NA,NA,NA,-62.2319,NA,48.4524,NA,2010-06-17T15:42:00Z
TEL100603,70,NA,NA,NA,11,20.372,11,NA,NA,-62.249,NA,48.45991,NA,2010-06-17T16:40:00Z,NA
TEL100603,70,NA,NA,NA,NA,NA,NA,NA,NA,NA,-62.2599,NA,48.1808,NA,2010-06-17T18:09:00Z
TEL100603,71,NA,NA,NA,11.5,21.298000000000002,11.5,NA,NA,-62.2306,NA,48.17196,NA,2010-06-17T19:01:00Z,NA
TEL100603,71,NA,NA,NA,NA,NA,NA,NA,NA,NA,-62.243,NA,47.89526,NA,2010-06-17T20:31:00Z
TEL100603,72,NA,NA,NA,11.5,21.298000000000002,11.5,NA,NA,-62.2629,NA,47.82605,NA,2010-06-17T21:44:00Z,NA
TEL100603,72,NA,NA,NA,NA,NA,NA,NA,NA,NA,-62.7368,NA,47.83125,NA,2010-06-17T23:28:00Z
TEL100603,73,NA,NA,NA,12,22.224,12,NA,NA,-62.7588,NA,47.89166,NA,2010-06-18T00:34:00Z,NA
TEL100603,73,NA,NA,NA,NA,NA,NA,NA,NA,NA,-62.7508,NA,48.15536,NA,2010-06-18T01:57:00Z
TEL100603,74,NA,NA,NA,11.5,21.298000000000002,11.5,NA,NA,-63.2484,NA,48.13593,NA,2010-06-18T13:26:00Z,NA
TEL100603,74,NA,NA,NA,NA,NA,NA,NA,NA,NA,-63.2305,NA,47.83555,NA,2010-06-18T14:56:00Z
TEL100603,75,NA,NA,NA,11,20.372,11,NA,NA,-63.2625,NA,47.82533,NA,2010-06-18T16:00:00Z,NA
TEL100603,75,NA,NA,NA,NA,NA,NA,NA,NA,NA,-63.7211,NA,47.83226,NA,2010-06-18T17:40:00Z
TEL100603,76,NA,NA,NA,11.5,21.298000000000002,11.5,NA,NA,-63.7596,NA,47.84648,NA,2010-06-18T18:35:00Z,NA
TEL100603,76,NA,NA,NA,NA,NA,NA,NA,NA,NA,-63.75647755,NA,47.59818424,NA,2010-06-18T20:05:00Z
TEL100603,77,NA,NA,NA,11.5,21.298000000000002,11.5,NA,NA,NA,NA,NA,NA,2010-06-18T21:22:00Z,NA
TEL100603,77,NA,NA,NA,NA,NA,NA,NA,NA,NA,NA,NA,NA,NA,2010-06-18T22:52:00Z
TEL100603,78,NA,NA,NA,10,18.52,10,NA,NA,NA,NA,NA,NA,2010-06-19T15:40:00Z,NA
TEL100603,78,NA,NA,NA,NA,NA,NA,NA,NA,NA,NA,NA,NA,NA,2010-06-19T17:20:00Z
TEL110817,4,23.921889001209603,1.5322222222222222,15.612545396003368,NA,NA,NA,NA,NA,-60.9536666666667,-61.2879444444444,50.0744166666667,50.0625,2011-08-18T19:12:54Z,2011-08-18T20:44:50Z
TEL110817,5,36.32285728913322,1.8833333333333333,19.286472896884895,NA,NA,NA,NA,NA,-61.3878888888889,-61.6996666666667,49.9410833333333,49.6841944444444,2011-08-18T22:42:29Z,2011-08-19T00:35:29Z
TEL110817,6,NA,NA,NA,10.8,20.001600000000003,10.8,NA,NA,-62.3674722222222,NA,49.8383333333333,NA,2011-08-19T15:00:14Z,NA
TEL110817,6,NA,NA,NA,NA,NA,NA,NA,NA,NA,-62.3515555555556,NA,49.8397777777778,NA,2011-08-19T15:16:15Z
TEL110817,7,23.108319224100455,1.2297222222222222,18.79149519014268,NA,NA,NA,NA,NA,-62.3955,-62.4145833333333,49.8564722222222,50.0636944444444,2011-08-19T15:55:34Z,2011-08-19T17:09:21Z
TEL110817,8,6.267283419939552,0.33194444444444443,18.880519089357648,NA,NA,NA,NA,NA,-62.716,-62.8003611111111,50.0896666666667,50.1051944444444,2011-08-19T19:23:50Z,2011-08-19T19:43:45Z
TEL110817,9,2.0941622366138013,0.11583333333333333,18.079098445586773,NA,NA,NA,NA,NA,-62.9392777777778,-62.9685277777778,50.0981111111111,50.0994722222222,2011-08-19T20:39:49Z,2011-08-19T20:46:46Z
TEL110817,10,18.339170851036908,0.9861111111111112,18.597469032037427,NA,NA,NA,NA,NA,-62.9678333333333,-63.2239166666667,50.1050277777778,50.0925277777778,2011-08-19T21:38:50Z,2011-08-19T22:38:00Z
TEL110817,11,18.69399268869195,1.6825,11.110842608435036,NA,NA,NA,NA,NA,-63.3438055555556,-63.5562777777778,50.0086111111111,49.9110555555556,2011-08-20T00:46:55Z,2011-08-20T02:27:52Z
TEL110817,15,12.529829320197427,0.6333333333333333,19.783941031890674,NA,NA,NA,NA,NA,-66.63975,-66.7830277777778,49.5530555555556,49.4896666666667,2011-08-20T23:30:36Z,2011-08-21T00:08:36Z
TEL110817,18,11.89141012604116,0.6847222222222222,17.366765295638206,NA,NA,NA,NA,NA,-68.1670277777778,-68.3286111111111,48.9871944444444,49.00025,2011-08-21T22:13:50Z,2011-08-21T22:54:55Z
TEL110817,19,28.406106754713193,1.5169444444444444,18.72587151015702,NA,NA,NA,NA,NA,-68.3323055555555,-68.4698888888889,48.9797222222222,48.7411388888889,2011-08-22T01:20:31Z,2011-08-22T02:51:32Z
TEL110817,23,12.06148830285702,0.7494444444444445,16.093905815524565,NA,NA,NA,NA,NA,-68.4871944444444,-68.3265833333333,48.6739444444444,48.6518888888889,2011-08-23T00:35:31Z,2011-08-23T01:20:29Z
TEL110817,26,22.906199072499145,1.0169444444444444,22.52453336820457,NA,NA,NA,NA,NA,-66.04425,-65.7338055555556,49.2547222222222,49.2909722222222,2011-08-24T01:06:26Z,2011-08-24T02:07:27Z
TEL110817,30,34.67418592391261,1.948888888888889,17.791771568712285,NA,NA,NA,NA,NA,-64.8977777777778,-65.3707777777778,49.4975,49.447,2011-08-25T22:01:31Z,2011-08-25T23:58:27Z
TEL110817,31,5.6075716687799835,0.2847222222222222,19.69488586108092,NA,NA,NA,NA,NA,-65.5876388888889,-65.6651111111111,49.4422222222222,49.4421388888889,2011-08-26T00:52:23Z,2011-08-26T01:09:28Z
TEL110817,34,17.03612061698375,0.9983333333333333,17.06456155290526,NA,NA,NA,NA,NA,-65.7337222222222,-65.9697777777778,49.6035,49.6079166666667,2011-08-27T01:18:36Z,2011-08-27T02:18:30Z
TEL110817,38,46.213167742758436,2.218888888888889,20.827166233591683,NA,NA,NA,NA,NA,-65.2982777777778,-64.6659444444444,49.83525,49.7594722222222,2011-08-27T20:32:52Z,2011-08-27T22:46:00Z
TEL110817,41,NA,NA,NA,10.8,20.001600000000003,10.8,NA,NA,-63.4921111111111,NA,49.1351944444444,NA,2011-08-28T20:15:59Z,NA
TEL110817,41,NA,NA,NA,NA,NA,NA,NA,NA,NA,-64.1570833333333,NA,48.7176388888889,NA,2011-08-28T23:42:32Z
TEL120802,21566,NA,NA,NA,10,18.52,10,NA,NA,-60.1232777777778,NA,49.4494722222222,NA,2012-08-03T21:05:24Z,NA
TEL120802,21566,NA,NA,NA,6,11.112,6,NA,NA,NA,-60.0928333333333,NA,49.5063888888889,NA,2012-08-03T21:28:11Z
TEL120802,21570,NA,NA,NA,6,11.112,6,NA,NA,-60.1353888888889,NA,49.53125,NA,2012-08-03T23:08:45Z,NA
TEL120802,21570,NA,NA,NA,4.5,8.334,4.5,NA,NA,NA,-60.1556111111111,NA,49.5441111111111,NA,2012-08-03T23:21:59Z
TEL120802,21580,NA,NA,NA,5,9.26,5,NA,NA,-59.3856666666667,NA,49.9869444444444,NA,2012-08-04T17:38:27Z,NA
TEL120802,21580,NA,NA,NA,3,5.556,3,NA,NA,NA,-59.3444444444444,NA,49.9833611111111,NA,2012-08-04T18:04:29Z
TEL120802,21604,NA,NA,NA,9.5,17.594,9.5,NA,NA,-58.4463333333333,NA,50.4740277777778,NA,2012-08-05T16:38:54Z,NA
TEL120802,21604,NA,NA,NA,6,11.112,6,NA,NA,NA,-58.4611666666667,NA,50.4725833333333,NA,2012-08-05T16:43:56Z
TEL120802,21608,NA,NA,NA,8.5,15.742,8.5,NA,NA,-58.45125,NA,50.46625,NA,2012-08-05T16:49:25Z,NA
TEL120802,21608,NA,NA,NA,7,12.964,7,NA,NA,NA,-58.4245555555555,NA,50.4617777777778,NA,2012-08-05T16:58:42Z
TEL120802,21612,NA,NA,NA,9,16.668,9,NA,NA,-58.4190833333333,NA,50.4618611111111,NA,2012-08-05T17:01:02Z,NA
TEL120802,21612,NA,NA,NA,7,12.964,7,NA,NA,NA,-58.3935555555556,NA,50.4650555555556,NA,2012-08-05T17:08:53Z
TEL120802,21623,NA,NA,NA,5.5,10.186,5.5,NA,NA,-58.2919444444444,NA,50.4715277777778,NA,2012-08-05T20:44:10Z,NA
TEL120802,21623,NA,NA,NA,3,5.556,3,NA,NA,NA,-58.3012777777778,NA,50.4855555555556,NA,2012-08-05T20:54:28Z
TEL120802,21630,NA,NA,NA,4.5,8.334,4.5,NA,NA,-58.3104722222222,NA,50.5024166666667,NA,2012-08-05T21:18:48Z,NA
TEL120802,21630,NA,NA,NA,9,16.668,9,NA,NA,NA,-58.4756388888889,NA,50.6931666666667,NA,2012-08-05T22:41:20Z
TEL120802,21646,NA,NA,NA,8,14.816,8,NA,NA,-57.12,NA,51.1204444444444,NA,2012-08-06T17:33:52Z,NA
TEL120802,21646,NA,NA,NA,10,18.52,10,NA,NA,NA,-57.0808333333333,NA,51.2763055555556,NA,2012-08-06T18:37:18Z
TEL120802,21661,NA,NA,NA,10,18.52,10,NA,NA,-56.9445833333333,NA,51.3288333333333,NA,2012-08-06T21:38:25Z,NA
TEL120802,21661,NA,NA,NA,12,22.224,12,NA,NA,NA,-56.4573055555556,NA,51.6006666666667,NA,2012-08-06T23:38:20Z
TEL120802,21677,NA,NA,NA,10,18.52,10,NA,NA,-55.7140555555556,NA,51.7710277777778,NA,2012-08-07T19:58:20Z,NA
TEL120802,21677,NA,NA,NA,9.5,17.594,9.5,NA,NA,NA,-55.8424722222222,NA,51.8546666666667,NA,2012-08-07T20:38:10Z
TEL120802,21701,NA,NA,NA,7,12.964,7,NA,NA,-58.0722777777778,NA,50.6751388888889,NA,2012-08-08T20:53:13Z,NA
TEL120802,21701,NA,NA,NA,3.2,5.926400000000001,3.2,NA,NA,NA,-58.0503611111111,NA,50.6854722222222,NA,2012-08-08T21:11:21Z
TEL120802,21706,NA,NA,NA,9.5,17.594,9.5,NA,NA,-58.0185277777778,NA,50.65225,NA,2012-08-08T22:27:31Z,NA
TEL120802,21706,NA,NA,NA,6,11.112,6,NA,NA,NA,-57.9612777777778,NA,50.5501111111111,NA,2012-08-08T23:13:29Z
TEL120802,21713,NA,NA,NA,3.5,6.482,3.5,NA,NA,-57.7076944444444,NA,50.5429722222222,NA,2012-08-09T02:38:37Z,NA
TEL120802,21713,NA,NA,NA,4.5,8.334,4.5,NA,NA,NA,-57.7318055555556,NA,50.5442222222222,NA,2012-08-09T02:50:14Z
TEL120802,21718,NA,NA,NA,7,12.964,7,NA,NA,-58.0113055555556,NA,50.0879444444444,NA,2012-08-09T15:11:36Z,NA
TEL120802,21718,NA,NA,NA,10,18.52,10,NA,NA,NA,-58.0004444444444,NA,50.0886111111111,NA,2012-08-09T15:14:38Z
TEL120802,21721,NA,NA,NA,5.7,10.5564,5.7,NA,NA,-58.0046666666667,NA,50.0875277777778,NA,2012-08-09T15:22:24Z,NA
TEL120802,21721,NA,NA,NA,6.7,12.4084,6.7,NA,NA,NA,-58.0153888888889,NA,50.0876111111111,NA,2012-08-09T15:26:56Z
TEL120802,21736,NA,NA,NA,5,9.26,5,NA,NA,-58.3667777777778,NA,49.6068055555556,NA,2012-08-09T21:45:23Z,NA
TEL120802,21736,NA,NA,NA,3,5.556,3,NA,NA,NA,-58.3962222222222,NA,49.6091388888889,NA,2012-08-09T22:05:54Z
TEL120802,21742,NA,NA,NA,10,18.52,10,NA,NA,-58.3953888888889,NA,49.6105,NA,2012-08-09T22:17:06Z,NA
TEL120802,21742,NA,NA,NA,6,11.112,6,NA,NA,NA,-58.3596666666667,NA,49.6096111111111,NA,2012-08-09T22:26:42Z
TEL120802,21745,NA,NA,NA,10,18.52,10,NA,NA,-58.3716111111111,NA,49.5962222222222,NA,2012-08-09T22:41:28Z,NA
TEL120802,21745,NA,NA,NA,6,11.112,6,NA,NA,NA,-58.4716666666667,NA,49.5016944444444,NA,2012-08-09T23:34:57Z
TEL120802,21765,NA,NA,NA,6.5,12.038,6.5,NA,NA,-59.6368333333333,NA,49.0885833333333,NA,2012-08-10T16:19:47Z,NA
TEL120802,21765,NA,NA,NA,9,16.668,9,NA,NA,NA,-59.6371388888889,NA,49.06875,NA,2012-08-10T16:28:35Z
TEL120802,21770,NA,NA,NA,3.2,5.926400000000001,3.2,NA,NA,-59.6468333333333,NA,49.1015833333333,NA,2012-08-10T17:18:53Z,NA
TEL120802,21770,NA,NA,NA,7,12.964,7,NA,NA,NA,-59.6545,NA,49.1049722222222,NA,2012-08-10T17:24:26Z
TEL120802,21781,NA,NA,NA,4.2,7.7784,4.2,NA,NA,-59.0956111111111,NA,49.1166944444444,NA,2012-08-10T22:25:57Z,NA
TEL120802,21781,NA,NA,NA,3.5,6.482,3.5,NA,NA,NA,-59.0858888888889,NA,49.1201666666667,NA,2012-08-10T22:33:32Z
TEL120802,21788,NA,NA,NA,9.4,17.408800000000003,9.4,NA,NA,-58.85025,NA,49.1,NA,2012-08-11T01:22:29Z,NA
TEL120802,21788,NA,NA,NA,8,14.816,8,NA,NA,NA,-58.7991944444444,NA,49.1068888888889,NA,2012-08-11T01:38:17Z
TEL120802,21792,NA,NA,NA,4,7.408,4,NA,NA,-58.8029722222222,NA,49.1061944444444,NA,2012-08-11T01:44:11Z,NA
TEL120802,21792,NA,NA,NA,3,5.556,3,NA,NA,NA,-58.8329166666667,NA,49.1038888888889,NA,2012-08-11T02:05:34Z
TEL120802,21800,NA,NA,NA,3.3,6.1116,3.3,NA,NA,-59.6648333333333,NA,48.6595833333333,NA,2012-08-11T16:14:11Z,NA
TEL120802,21800,NA,NA,NA,3.2,5.926400000000001,3.2,NA,NA,NA,-59.6782777777778,NA,48.6366111111111,NA,2012-08-11T16:37:29Z
TEL120802,21813,NA,NA,NA,5.6,10.3712,5.6,NA,NA,-59.2514722222222,NA,48.61875,NA,2012-08-11T21:53:59Z,NA
TEL120802,21813,NA,NA,NA,3,5.556,3,NA,NA,NA,-59.2776944444444,NA,48.6216111111111,NA,2012-08-11T22:12:19Z
TEL120802,21816,NA,NA,NA,6.5,12.038,6.5,NA,NA,-59.30025,NA,48.6154166666667,NA,2012-08-11T22:26:11Z,NA
TEL120802,21816,NA,NA,NA,11,20.372,11,NA,NA,NA,-59.3892222222222,NA,48.5776111111111,NA,2012-08-11T22:50:27Z
TEL120802,21821,NA,NA,NA,8.5,15.742,8.5,NA,NA,-59.3871666666667,NA,48.5710277777778,NA,2012-08-11T23:43:31Z,NA
TEL120802,21821,NA,NA,NA,9.5,17.594,9.5,NA,NA,NA,-59.3753888888889,NA,48.5508055555556,NA,2012-08-11T23:51:51Z
TEL120802,21828,NA,NA,NA,6,11.112,6,NA,NA,-58.9572777777778,NA,48.3530833333333,NA,2012-08-12T02:11:39Z,NA
TEL120802,21828,NA,NA,NA,3,5.556,3,NA,NA,NA,-58.9393611111111,NA,48.3481666666667,NA,2012-08-12T02:26:49Z
TEL120802,21833,NA,NA,NA,9.5,17.594,9.5,NA,NA,-59.89475,NA,48.2786944444444,NA,2012-08-12T15:48:27Z,NA
TEL120802,21833,NA,NA,NA,6.5,12.038,6.5,NA,NA,NA,-59.8499166666667,NA,48.2553888888889,NA,2012-08-12T16:03:28Z
TEL120802,21840,NA,NA,NA,7,12.964,7,NA,NA,-59.8165555555556,NA,48.2725,NA,2012-08-12T16:24:59Z,NA
TEL120802,21840,NA,NA,NA,3,5.556,3,NA,NA,NA,-59.8335277777778,NA,48.2518611111111,NA,2012-08-12T16:47:18Z
TEL120802,21847,NA,NA,NA,4.5,8.334,4.5,NA,NA,-59.7258888888889,NA,48.1015,NA,2012-08-12T20:25:15Z,NA
TEL120802,21847,NA,NA,NA,3,5.556,3,NA,NA,NA,-59.744,NA,48.1283333333333,NA,2012-08-12T20:52:21Z
TEL120802,21855,NA,NA,NA,6.7,12.4084,6.7,NA,NA,-59.57325,NA,47.8849444444444,NA,2012-08-12T23:02:13Z,NA
TEL120802,21855,NA,NA,NA,3,5.556,3,NA,NA,NA,-59.5575555555556,NA,47.8696388888889,NA,2012-08-12T23:23:00Z
TEL120802,21860,NA,NA,NA,10,18.52,10,NA,NA,-59.8415277777778,NA,47.8941388888889,NA,2012-08-13T01:26:01Z,NA
TEL120802,21860,NA,NA,NA,5,9.26,5,NA,NA,NA,-59.9065555555556,NA,47.8968055555556,NA,2012-08-13T01:42:35Z
TEL120802,21862,NA,NA,NA,6.8,12.5936,6.8,NA,NA,-59.9246944444444,NA,47.8974722222222,NA,2012-08-13T01:51:33Z,NA
TEL120802,21862,NA,NA,NA,3,5.556,3,NA,NA,NA,-59.9620277777778,NA,47.8996944444444,NA,2012-08-13T02:17:15Z
TEL120802,21867,NA,NA,NA,3,5.556,3,NA,NA,-60.4005833333333,NA,47.54825,NA,2012-08-13T14:20:20Z,NA
TEL120802,21867,NA,NA,NA,3.5,6.482,3.5,NA,NA,NA,-60.4144444444444,NA,47.5763888888889,NA,2012-08-13T14:48:06Z
TEL120802,21877,NA,NA,NA,9.3,17.2236,9.3,NA,NA,-60.3931111111111,NA,47.6204166666667,NA,2012-08-13T16:59:10Z,NA
TEL120802,21877,NA,NA,NA,9.7,17.9644,9.7,NA,NA,NA,-60.6616388888889,NA,47.8008055555556,NA,2012-08-13T18:33:15Z
TEL120802,21880,NA,NA,NA,10,18.52,10,NA,NA,-60.6844722222222,NA,47.8331944444444,NA,2012-08-13T19:39:52Z,NA
TEL120802,21880,NA,NA,NA,8,14.816,8,NA,NA,NA,-60.6344444444444,NA,47.8409722222222,NA,2012-08-13T19:52:42Z
TEL120802,21882,NA,NA,NA,7.4,13.7048,7.4,NA,NA,-60.6113333333333,NA,47.8345555555556,NA,2012-08-13T21:04:29Z,NA
TEL120802,21882,NA,NA,NA,3,5.556,3,NA,NA,NA,-60.6286388888889,NA,47.8500833333333,NA,2012-08-13T21:25:56Z
TEL120802,21893,NA,NA,NA,9.5,17.594,9.5,NA,NA,-61.3469166666667,NA,48.1218333333333,NA,2012-08-14T14:54:48Z,NA
TEL120802,21893,NA,NA,NA,7.2,13.3344,7.2,NA,NA,NA,-61.4163055555556,NA,48.1451388888889,NA,2012-08-14T15:14:32Z
TEL120802,21896,NA,NA,NA,6.7,12.4084,6.7,NA,NA,-61.42875,NA,48.1496944444444,NA,2012-08-14T15:20:38Z,NA
TEL120802,21896,NA,NA,NA,3,5.556,3,NA,NA,NA,-61.4505555555556,NA,48.1584722222222,NA,2012-08-14T15:39:37Z
TEL120802,21903,NA,NA,NA,4,7.408,4,NA,NA,-61.3437777777778,NA,48.1831388888889,NA,2012-08-14T17:47:26Z,NA
TEL120802,21903,NA,NA,NA,3,5.556,3,NA,NA,NA,-61.3831944444444,NA,48.1876111111111,NA,2012-08-14T18:12:24Z
TEL120802,21910,NA,NA,NA,9.6,17.7792,9.6,NA,NA,-61.4035,NA,48.4695833333333,NA,2012-08-14T21:38:30Z,NA
TEL120802,21910,NA,NA,NA,4.5,8.334,4.5,NA,NA,NA,-61.4821111111111,NA,48.4954166666667,NA,2012-08-14T22:01:34Z
TEL120802,21914,NA,NA,NA,4.5,8.334,4.5,NA,NA,-61.4940833333333,NA,48.4987222222222,NA,2012-08-14T22:08:39Z,NA
TEL120802,21914,NA,NA,NA,3,5.556,3,NA,NA,NA,-61.5371111111111,NA,48.5107777777778,NA,2012-08-14T22:36:35Z
TEL120802,21919,NA,NA,NA,9.7,17.9644,9.7,NA,NA,-61.5714444444444,NA,48.5059722222222,NA,2012-08-14T22:59:36Z,NA
TEL120802,21919,NA,NA,NA,7,12.964,7,NA,NA,NA,-61.7171111111111,NA,48.4859722222222,NA,2012-08-14T23:36:15Z
TEL120802,21924,NA,NA,NA,10,18.52,10,NA,NA,-61.6721388888889,NA,48.3561944444444,NA,2012-08-15T02:30:31Z,NA
TEL120802,21924,NA,NA,NA,7,12.964,7,NA,NA,NA,-61.6860277777778,NA,48.3246944444444,NA,2012-08-15T02:43:02Z
TEL120802,21927,NA,NA,NA,10,18.52,10,NA,NA,-62.71,NA,48.4952777777778,NA,2012-08-15T15:35:16Z,NA
TEL120802,21927,NA,NA,NA,5,9.26,5,NA,NA,NA,-62.7280833333333,NA,48.41675,NA,2012-08-15T16:03:43Z
TEL120802,21929,NA,NA,NA,6.7,12.4084,6.7,NA,NA,-62.7495277777778,NA,48.4203888888889,NA,2012-08-15T16:25:25Z,NA
TEL120802,21929,NA,NA,NA,3.5,6.482,3.5,NA,NA,NA,-62.7777222222222,NA,48.4268333333333,NA,2012-08-15T16:45:56Z
TEL120802,21943,NA,NA,NA,9.2,17.0384,9.2,NA,NA,-62.8718055555556,NA,48.5191944444444,NA,2012-08-15T19:26:39Z,NA
TEL120802,21943,NA,NA,NA,6,11.112,6,NA,NA,NA,-62.8505555555556,NA,48.5317222222222,NA,2012-08-15T19:35:11Z
TEL120802,21950,NA,NA,NA,7,12.964,7,NA,NA,-62.9698888888889,NA,48.6134444444444,NA,2012-08-15T23:01:57Z,NA
TEL120802,21950,NA,NA,NA,3,5.556,3,NA,NA,NA,-62.99875,NA,48.6266666666667,NA,2012-08-15T23:25:19Z
TEL120802,21957,NA,NA,NA,10,18.52,10,NA,NA,-63.2750277777778,NA,48.7229444444444,NA,2012-08-16T02:00:05Z,NA
TEL120802,21957,NA,NA,NA,3.5,6.482,3.5,NA,NA,NA,-63.2613333333333,NA,48.7186388888889,NA,2012-08-16T02:06:29Z
TEL120802,21965,NA,NA,NA,4,7.408,4,NA,NA,-63.4565277777778,NA,49.23425,NA,2012-08-17T15:14:10Z,NA
TEL120802,21965,NA,NA,NA,3,5.556,3,NA,NA,NA,-63.5033611111111,NA,49.23575,NA,2012-08-17T15:43:05Z
TEL120802,21970,NA,NA,NA,6,11.112,6,NA,NA,-63.9132222222222,NA,49.2931388888889,NA,2012-08-17T18:25:12Z,NA
TEL120802,21970,NA,NA,NA,3,5.556,3,NA,NA,NA,-63.9328888888889,NA,49.3017222222222,NA,2012-08-17T18:35:38Z
TEL120802,21979,NA,NA,NA,5,9.26,5,NA,NA,-64.12925,NA,49.3486944444444,NA,2012-08-17T21:16:18Z,NA
TEL120802,21979,NA,NA,NA,3,5.556,3,NA,NA,NA,-64.1493333333333,NA,49.32825,NA,2012-08-17T21:39:20Z
TEL120802,21988,NA,NA,NA,11,20.372,11,NA,NA,-63.9233333333333,NA,49.5243333333333,NA,2012-08-18T01:44:49Z,NA
TEL120802,21988,NA,NA,NA,9,16.668,9,NA,NA,NA,-63.9908333333333,NA,49.5760277777778,NA,2012-08-18T02:07:41Z
TEL120802,22004,NA,NA,NA,10.3,19.0756,10.3,NA,NA,-64.3990277777778,NA,49.7488055555556,NA,2012-08-18T19:42:27Z,NA
TEL120802,22004,NA,NA,NA,8,14.816,8,NA,NA,NA,-64.4189444444444,NA,49.7574166666667,NA,2012-08-18T19:48:07Z
TEL120802,22012,NA,NA,NA,12.5,23.150000000000002,12.5,NA,NA,-64.5213888888889,NA,49.7774444444444,NA,2012-08-18T21:15:21Z,NA
TEL120802,22012,NA,NA,NA,7,12.964,7,NA,NA,NA,-64.722,NA,49.8253055555556,NA,2012-08-18T21:56:37Z
TEL120802,22020,NA,NA,NA,9,16.668,9,NA,NA,-64.6855,NA,49.7922777777778,NA,2012-08-18T22:53:07Z,NA
TEL120802,22020,NA,NA,NA,11,20.372,11,NA,NA,NA,-64.7282777777778,NA,49.9018888888889,NA,2012-08-18T23:28:05Z
TEL120802,22024,NA,NA,NA,11.5,21.298000000000002,11.5,NA,NA,-64.7279444444444,NA,49.9098888888889,NA,2012-08-18T23:30:35Z,NA
TEL120802,22024,NA,NA,NA,6,11.112,6,NA,NA,NA,-64.7234166666667,NA,49.9329166666667,NA,2012-08-18T23:40:19Z
TEL120802,22030,NA,NA,NA,6.5,12.038,6.5,NA,NA,-65.00025,NA,49.9516666666667,NA,2012-08-19T01:48:17Z,NA
TEL120802,22030,NA,NA,NA,3.5,6.482,3.5,NA,NA,NA,-65.0356388888889,NA,49.9463333333333,NA,2012-08-19T02:03:47Z
TEL120802,22033,NA,NA,NA,7,12.964,7,NA,NA,-65.036,NA,49.9450277777778,NA,2012-08-19T02:55:53Z,NA
TEL120802,22033,NA,NA,NA,3,5.556,3,NA,NA,NA,-65.00825,NA,49.9497777777778,NA,2012-08-19T03:14:45Z
TEL120802,22046,NA,NA,NA,3.5,6.482,3.5,NA,NA,-66.0540277777778,NA,49.8949722222222,NA,2012-08-19T16:31:21Z,NA
TEL120802,22046,NA,NA,NA,3,5.556,3,NA,NA,NA,-66.0950277777778,NA,49.8894166666667,NA,2012-08-19T16:56:15Z
TEL120802,22062,NA,NA,NA,10.8,20.001600000000003,10.8,NA,NA,-66.5194722222222,NA,49.5553333333333,NA,2012-08-20T01:38:17Z,NA
TEL120802,22062,NA,NA,NA,4,7.408,4,NA,NA,NA,-66.3005555555555,NA,49.4661111111111,NA,2012-08-20T02:35:44Z
TEL120802,22067,NA,NA,NA,6,11.112,6,NA,NA,-65.6020555555556,NA,49.6376944444444,NA,2012-08-20T14:45:39Z,NA
TEL120802,22067,NA,NA,NA,3.5,6.482,3.5,NA,NA,NA,-65.5773611111111,NA,49.6149722222222,NA,2012-08-20T15:10:46Z
TEL120802,22076,NA,NA,NA,4,7.408,4,NA,NA,-65.7716388888889,NA,49.4820277777778,NA,2012-08-20T17:25:30Z,NA
TEL120802,22076,NA,NA,NA,3,5.556,3,NA,NA,NA,-65.7286666666667,NA,49.4836666666667,NA,2012-08-20T17:51:11Z
TEL120802,22082,NA,NA,NA,4,7.408,4,NA,NA,-65.5359444444444,NA,49.4083611111111,NA,2012-08-20T19:50:50Z,NA
TEL120802,22082,NA,NA,NA,3,5.556,3,NA,NA,NA,-65.5741388888889,NA,49.4083611111111,NA,2012-08-20T20:13:19Z
TEL120802,22090,NA,NA,NA,10.5,19.446,10.5,NA,NA,-65.0227777777778,NA,49.3650277777778,NA,2012-08-20T22:31:17Z,NA
TEL120802,22090,NA,NA,NA,6,11.112,6,NA,NA,NA,-64.9604166666667,NA,49.3605277777778,NA,2012-08-20T22:52:13Z
TEL120802,22099,NA,NA,NA,6.5,12.038,6.5,NA,NA,-64.8499444444444,NA,49.2644722222222,NA,2012-08-21T02:26:24Z,NA
TEL120802,22099,NA,NA,NA,3,5.556,3,NA,NA,NA,-64.8062777777778,NA,49.2529166666667,NA,2012-08-21T02:52:44Z
TEL120802,22108,NA,NA,NA,8,14.816,8,NA,NA,-61.0114166666667,NA,48.8522777777778,NA,2012-08-22T16:55:02Z,NA
TEL120802,22108,NA,NA,NA,8.6,15.927200000000001,8.6,NA,NA,NA,-61.0138055555556,NA,48.8933055555556,NA,2012-08-22T17:12:39Z
TEL120802,22120,NA,NA,NA,5.7,10.5564,5.7,NA,NA,-60.8498611111111,NA,48.9731388888889,NA,2012-08-22T20:01:58Z,NA
TEL120802,22120,NA,NA,NA,9,16.668,9,NA,NA,NA,-60.8615277777778,NA,48.9098888888889,NA,2012-08-22T20:26:20Z
TEL120802,22129,NA,NA,NA,9.7,17.9644,9.7,NA,NA,-60.7373611111111,NA,49.0533333333333,NA,2012-08-22T22:10:16Z,NA
TEL120802,22129,NA,NA,NA,6,11.112,6,NA,NA,NA,-60.7211944444444,NA,49.0541388888889,NA,2012-08-22T22:15:05Z
TEL120802,22134,NA,NA,NA,6.7,12.4084,6.7,NA,NA,-60.7425,NA,49.069,NA,2012-08-22T22:29:30Z,NA
TEL120802,22134,NA,NA,NA,7.5,13.89,7.5,NA,NA,NA,-60.7714166666667,NA,49.0726944444445,NA,2012-08-22T22:39:06Z
TEL120802,22137,NA,NA,NA,9.3,17.2236,9.3,NA,NA,-60.7873055555556,NA,49.0776111111111,NA,2012-08-22T22:43:29Z,NA
TEL120802,22137,NA,NA,NA,5,9.26,5,NA,NA,NA,-60.947,NA,49.1256388888889,NA,2012-08-22T23:27:47Z
TEL120802,22142,NA,NA,NA,7.5,13.89,7.5,NA,NA,-61.0165833333333,NA,49.1505555555556,NA,2012-08-23T00:04:55Z,NA
TEL120802,22142,NA,NA,NA,4.7,8.704400000000001,4.7,NA,NA,NA,-61.0439166666667,NA,49.1623055555556,NA,2012-08-23T00:18:03Z
TEL120802,22160,NA,NA,NA,3.5,6.482,3.5,NA,NA,-61.0790833333333,NA,49.61675,NA,2012-08-23T17:45:25Z,NA
TEL120802,22160,NA,NA,NA,7,12.964,7,NA,NA,NA,-61.07025,NA,49.6137777777778,NA,2012-08-23T17:49:53Z
TEL120802,22175,NA,NA,NA,9.5,17.594,9.5,NA,NA,-61.07075,NA,49.8593333333333,NA,2012-08-23T21:30:59Z,NA
TEL120802,22175,NA,NA,NA,8.7,16.1124,8.7,NA,NA,NA,-61.0053888888889,NA,49.861,NA,2012-08-23T21:46:36Z
TEL120802,22178,NA,NA,NA,5,9.26,5,NA,NA,-61.0106944444444,NA,49.8618055555556,NA,2012-08-23T21:55:44Z,NA
TEL120802,22178,NA,NA,NA,6.5,12.038,6.5,NA,NA,NA,-61.0306388888889,NA,49.8612222222222,NA,2012-08-23T22:04:43Z
TEL120802,22213,NA,NA,NA,5,9.26,5,NA,NA,-62.7828055555556,NA,49.7258888888889,NA,2012-08-25T20:05:51Z,NA
TEL120802,22213,NA,NA,NA,6,11.112,6,NA,NA,NA,-62.7918611111111,NA,49.7283333333333,NA,2012-08-25T20:10:57Z
TEL120802,22219,NA,NA,NA,10.2,18.8904,10.2,NA,NA,-62.8186111111111,NA,49.7368055555556,NA,2012-08-25T21:24:31Z,NA
TEL120802,22219,NA,NA,NA,8.5,15.742,8.5,NA,NA,NA,-63.0581944444444,NA,49.8273333333333,NA,2012-08-25T22:26:43Z
TEL120802,22285,NA,NA,NA,9.5,17.594,9.5,NA,NA,-67.0485,NA,49.2730277777778,NA,2012-08-27T16:59:06Z,NA
TEL120802,22285,NA,NA,NA,7,12.964,7,NA,NA,NA,-67.1343055555556,NA,49.2825555555556,NA,2012-08-27T17:29:35Z
TEL120802,22289,NA,NA,NA,8.7,16.1124,8.7,NA,NA,-67.1399722222222,NA,49.2841388888889,NA,2012-08-27T17:31:39Z,NA
TEL120802,22289,NA,NA,NA,9,16.668,9,NA,NA,NA,-67.1521111111111,NA,49.2886111111111,NA,2012-08-27T17:35:18Z
TEL120802,22294,NA,NA,NA,10.5,19.446,10.5,NA,NA,-67.2123888888889,NA,49.2839444444444,NA,2012-08-27T19:33:15Z,NA
TEL120802,22294,NA,NA,NA,9,16.668,9,NA,NA,NA,-67.42175,NA,49.1706388888889,NA,2012-08-27T20:34:45Z
TEL120802,22310,NA,NA,NA,9.3,17.2236,9.3,NA,NA,-67.6342222222222,NA,49.1991944444444,NA,2012-08-28T00:16:44Z,NA
TEL120802,22310,NA,NA,NA,7,12.964,7,NA,NA,NA,-67.6528611111111,NA,49.19625,NA,2012-08-28T00:21:48Z
TEL120802,22323,NA,NA,NA,9,16.668,9,NA,NA,-68.3056944444444,NA,48.7721666666667,NA,2012-08-28T15:49:07Z,NA
TEL120802,22323,NA,NA,NA,7,12.964,7,NA,NA,NA,-68.2965555555556,NA,48.7743333333333,NA,2012-08-28T15:51:55Z
TEL120802,22336,NA,NA,NA,10.5,19.446,10.5,NA,NA,-68.4756111111111,NA,48.7358611111111,NA,2012-08-28T20:20:14Z,NA
TEL120802,22336,NA,NA,NA,7,12.964,7,NA,NA,NA,-68.5104166666667,NA,48.7838888888889,NA,2012-08-28T20:40:23Z
TEL120802,22344,NA,NA,NA,10,18.52,10,NA,NA,-68.5198888888889,NA,48.8074166666667,NA,2012-08-28T22:55:27Z,NA
TEL120802,22344,NA,NA,NA,7,12.964,7,NA,NA,NA,-68.60275,NA,48.8658611111111,NA,2012-08-28T23:25:32Z
TEL120802,22353,NA,NA,NA,9.4,17.408800000000003,9.4,NA,NA,-68.9063055555556,NA,48.6376944444444,NA,2012-08-29T03:13:37Z,NA
TEL120802,22353,NA,NA,NA,6,11.112,6,NA,NA,NA,-68.9149166666667,NA,48.634,NA,2012-08-29T03:16:35Z
TEL120802,22356,NA,NA,NA,8.8,16.297600000000003,8.8,NA,NA,-69.1221666666667,NA,48.3054722222222,NA,2012-08-29T14:21:20Z,NA
TEL120802,22356,NA,NA,NA,7.5,13.89,7.5,NA,NA,NA,-69.0781666666667,NA,48.3266388888889,NA,2012-08-29T14:37:18Z
TEL120802,22359,NA,NA,NA,5.7,10.5564,5.7,NA,NA,-69.0827777777778,NA,48.3207222222222,NA,2012-08-29T14:44:58Z,NA
TEL120802,22359,NA,NA,NA,6,11.112,6,NA,NA,NA,-69.1106944444444,NA,48.3087777777778,NA,2012-08-29T14:58:35Z
TEL120802,22362,NA,NA,NA,6.4,11.852800000000002,6.4,NA,NA,-69.0970833333333,NA,48.3180277777778,NA,2012-08-29T15:06:43Z,NA
TEL120802,22362,NA,NA,NA,5.3,9.8156,5.3,NA,NA,NA,-69.0826666666667,NA,48.3248055555556,NA,2012-08-29T15:14:09Z
TEL120802,22365,NA,NA,NA,3.7,6.8524,3.7,NA,NA,-69.06525,NA,48.3289722222222,NA,2012-08-29T16:24:45Z,NA
TEL120802,22365,NA,NA,NA,2.5,4.63,2.5,NA,NA,NA,-69.0719444444444,NA,48.3257222222222,NA,2012-08-29T16:31:54Z
TEL120802,22376,NA,NA,NA,10.4,19.260800000000003,10.4,NA,NA,-68.786,NA,48.4983055555556,NA,2012-08-29T20:27:50Z,NA
TEL120802,22376,NA,NA,NA,8,14.816,8,NA,NA,NA,-68.6935555555556,NA,48.5439722222222,NA,2012-08-29T20:57:44Z
TEL120802,22390,NA,NA,NA,10.8,20.001600000000003,10.8,NA,NA,-68.7258333333333,NA,48.5932777777778,NA,2012-08-30T01:28:07Z,NA
TEL120802,22390,NA,NA,NA,5,9.26,5,NA,NA,NA,-68.7200277777778,NA,48.6036944444444,NA,2012-08-30T01:32:51Z
TEL120802,22397,NA,NA,NA,10,18.52,10,NA,NA,-68.6755277777778,NA,48.5818888888889,NA,2012-08-30T02:02:37Z,NA
TEL120802,22397,NA,NA,NA,8,14.816,8,NA,NA,NA,-68.6590833333333,NA,48.5904722222222,NA,2012-08-30T02:07:59Z
TEL120802,22401,NA,NA,NA,9.3,17.2236,9.3,NA,NA,-68.6971111111111,NA,48.6579166666667,NA,2012-08-30T03:07:50Z,NA
TEL120802,22401,NA,NA,NA,5.6,10.3712,5.6,NA,NA,NA,-68.6750277777778,NA,48.6607222222222,NA,2012-08-30T03:13:57Z
TEL120802,22407,NA,NA,NA,11.5,21.298000000000002,11.5,NA,NA,-67.2551388888889,NA,48.98725,NA,2012-08-30T15:31:15Z,NA
TEL120802,22407,NA,NA,NA,10,18.52,10,NA,NA,NA,-67.2068888888889,NA,48.9975277777778,NA,2012-08-30T15:41:52Z
TEL120802,22411,NA,NA,NA,10.2,18.8904,10.2,NA,NA,-67.2094722222222,NA,49.0121388888889,NA,2012-08-30T17:27:44Z,NA
TEL120802,22411,NA,NA,NA,7,12.964,7,NA,NA,NA,-67.2067222222222,NA,49.0200277777778,NA,2012-08-30T17:31:20Z
TEL120802,22416,NA,NA,NA,8.3,15.371600000000003,8.3,NA,NA,-67.2019166666667,NA,49.0363888888889,NA,2012-08-30T17:39:08Z,NA
TEL120802,22416,NA,NA,NA,7.8,14.4456,7.8,NA,NA,NA,-67.1912777777778,NA,49.0703611111111,NA,2012-08-30T17:54:37Z
TEL120802,22422,NA,NA,NA,10.8,20.001600000000003,10.8,NA,NA,-67.1400833333333,NA,49.1288611111111,NA,2012-08-30T19:46:39Z,NA
TEL120802,22422,NA,NA,NA,11.4,21.1128,11.4,NA,NA,NA,-66.6971944444444,NA,49.2068611111111,NA,2012-08-30T21:25:32Z
TEL120802,22426,NA,NA,NA,11.7,21.6684,11.7,NA,NA,-66.4563333333333,NA,49.2421111111111,NA,2012-08-30T22:14:12Z,NA
TEL120802,22426,NA,NA,NA,10,18.52,10,NA,NA,NA,-66.3195555555556,NA,49.2581666666667,NA,2012-08-30T22:41:41Z
TEL120802,22430,NA,NA,NA,6.5,12.038,6.5,NA,NA,-66.3047777777778,NA,49.2675277777778,NA,2012-08-30T23:21:52Z,NA
TEL120802,22430,NA,NA,NA,5,9.26,5,NA,NA,NA,-66.3247777777778,NA,49.2690277777778,NA,2012-08-30T23:28:50Z
TEL120802,22451,NA,NA,NA,10.2,18.8904,10.2,NA,NA,-64.1845277777778,NA,49.3651388888889,NA,2012-08-31T22:47:32Z,NA
TEL120802,22451,NA,NA,NA,8,14.816,8,NA,NA,NA,-64.1798333333333,NA,49.3205277777778,NA,2012-08-31T23:03:13Z
TEL120802,22457,NA,NA,NA,10.2,18.8904,10.2,NA,NA,-64.16525,NA,49.1938055555555,NA,2012-08-31T23:48:29Z,NA
TEL120802,22457,NA,NA,NA,11,20.372,11,NA,NA,NA,-64.1534444444444,NA,49.1043888888889,NA,2012-09-01T00:19:30Z
TEL120905,22463,NA,NA,NA,11.3,20.9276,11.3,NA,NA,-62.8388611111111,NA,45.8823888888889,NA,2012-09-05T14:07:44Z,NA
TEL120905,22463,NA,NA,NA,9.1,16.8532,9.1,NA,NA,NA,-62.6786666666667,NA,45.8773055555556,NA,2012-09-05T14:43:39Z
TEL120905,22468,NA,NA,NA,7.1,13.1492,7.1,NA,NA,-62.5809166666667,NA,45.8818888888889,NA,2012-09-05T20:00:06Z,NA
TEL120905,22468,NA,NA,NA,7.8,14.4456,7.8,NA,NA,NA,-62.4743888888889,NA,45.8750833333333,NA,2012-09-05T20:36:11Z
TEL120905,22543,NA,NA,NA,8,14.816,8,NA,NA,-61.9496666666667,NA,48.2953333333333,NA,2012-09-13T19:15:49Z,NA
TEL120905,22543,NA,NA,NA,7,12.964,7,NA,NA,NA,-62.0997222222222,NA,48.3610277777778,NA,2012-09-13T20:12:12Z
TEL120905,22577,NA,NA,NA,10.3,19.0756,10.3,NA,NA,-63.8980555555556,NA,48.5711666666667,NA,2012-09-16T22:22:18Z,NA
TEL120905,22577,NA,NA,NA,7,12.964,7,NA,NA,NA,-63.9134444444444,NA,48.5231111111111,NA,2012-09-16T22:39:41Z
TEL120905,22586,NA,NA,NA,9.5,17.594,9.5,NA,NA,-63.7721666666667,NA,48.2315277777778,NA,2012-09-17T18:59:36Z,NA
TEL120905,22586,NA,NA,NA,8,14.816,8,NA,NA,NA,-63.9456111111111,NA,48.2566388888889,NA,2012-09-17T19:42:55Z
TEL120919,22598,NA,NA,NA,6.7,12.4084,6.7,NA,NA,-64.9132222222222,NA,47.9358055555556,NA,2012-09-19T16:17:26Z,NA
TEL120919,22598,NA,NA,NA,11,20.372,11,NA,NA,NA,-64.9044166666667,NA,47.9521944444444,NA,2012-09-19T16:23:58Z
TEL120919,22607,NA,NA,NA,7,12.964,7,NA,NA,-64.6161388888889,NA,48.0907777777778,NA,2012-09-19T21:15:38Z,NA
TEL120919,22607,NA,NA,NA,2,3.704,2,NA,NA,NA,-64.5674722222222,NA,48.1064444444444,NA,2012-09-19T21:49:11Z
TEL120919,22621,NA,NA,NA,10.6,19.6312,10.6,NA,NA,-64.2501111111111,NA,47.6848333333333,NA,2012-09-20T18:14:57Z,NA
TEL120919,22621,NA,NA,NA,9.2,17.0384,9.2,NA,NA,NA,-64.1814166666667,NA,47.6546666666667,NA,2012-09-20T18:33:44Z
TEL120919,22626,NA,NA,NA,2.7,5.000400000000001,2.7,NA,NA,-64.3260833333333,NA,47.6407222222222,NA,2012-09-20T19:57:03Z,NA
TEL120919,22626,NA,NA,NA,3.5,6.482,3.5,NA,NA,NA,-64.2842777777778,NA,47.6385555555556,NA,2012-09-20T20:25:30Z
TEL120919,22644,NA,NA,NA,10.8,20.001600000000003,10.8,NA,NA,-64.4937222222222,NA,47.2368611111111,NA,2012-09-21T14:55:52Z,NA
TEL120919,22644,NA,NA,NA,7,12.964,7,NA,NA,NA,-64.548,NA,47.21225,NA,2012-09-21T15:11:08Z
TEL120919,22659,NA,NA,NA,10.8,20.001600000000003,10.8,NA,NA,-64.3402222222222,NA,47.08325,NA,2012-09-21T21:04:48Z,NA
TEL120919,22659,NA,NA,NA,5,9.26,5,NA,NA,NA,-64.3326666666667,NA,47.0144166666667,NA,2012-09-21T21:28:29Z
TEL120919,22661,NA,NA,NA,11,20.372,11,NA,NA,-64.3511944444444,NA,46.9983888888889,NA,2012-09-21T21:40:10Z,NA
TEL120919,22661,NA,NA,NA,7.5,13.89,7.5,NA,NA,NA,-64.3608611111111,NA,46.9918888888889,NA,2012-09-21T21:43:18Z
TEL120919,22701,NA,NA,NA,3.3,6.1116,3.3,NA,NA,-62.2855833333333,NA,47.4216388888889,NA,2012-09-23T15:37:11Z,NA
TEL120919,22701,NA,NA,NA,1.5,2.778,1.5,NA,NA,NA,-62.2953888888889,NA,47.4173055555556,NA,2012-09-23T15:45:32Z
TEL120919,22705,NA,NA,NA,9.5,17.594,9.5,NA,NA,-62.3080277777778,NA,47.4274166666667,NA,2012-09-23T17:30:03Z,NA
TEL120919,22705,NA,NA,NA,10.3,19.0756,10.3,NA,NA,NA,-62.4840277777778,NA,47.2396944444444,NA,2012-09-23T18:49:08Z
TEL120919,22711,NA,NA,NA,10.5,19.446,10.5,NA,NA,-62.5239722222222,NA,47.2146944444444,NA,2012-09-23T20:27:14Z,NA
TEL120919,22711,NA,NA,NA,7,12.964,7,NA,NA,NA,-62.6256666666667,NA,47.2411944444444,NA,2012-09-23T20:52:41Z
TEL120919,22719,NA,NA,NA,11,20.372,11,NA,NA,-62.7450555555556,NA,47.2073611111111,NA,2012-09-24T00:08:36Z,NA
TEL120919,22719,NA,NA,NA,9,16.668,9,NA,NA,NA,-62.72,NA,47.1321388888889,NA,2012-09-24T00:33:52Z
TEL120919,22730,NA,NA,NA,11,20.372,11,NA,NA,-63.3218333333333,NA,46.821,NA,2012-09-24T17:24:50Z,NA
TEL120919,22730,NA,NA,NA,7.7,14.2604,7.7,NA,NA,NA,-63.4587222222222,NA,46.7265277777778,NA,2012-09-24T18:08:58Z
TEL120919,22734,NA,NA,NA,6.2,11.4824,6.2,NA,NA,-63.4321944444444,NA,46.7463333333333,NA,2012-09-24T20:46:56Z,NA
TEL120919,22734,NA,NA,NA,8.5,15.742,8.5,NA,NA,NA,-63.4391944444444,NA,46.7250277777778,NA,2012-09-24T20:58:57Z
TEL120919,22761,NA,NA,NA,7.1,13.1492,7.1,NA,NA,-62.3045833333333,NA,46.9801388888889,NA,2012-09-25T17:21:28Z,NA
TEL120919,22761,NA,NA,NA,10.6,19.6312,10.6,NA,NA,NA,-62.2643333333333,NA,46.9812222222222,NA,2012-09-25T17:33:34Z
TEL130602,23187,NA,NA,NA,9.8,18.149600000000003,9.8,NA,NA,-67.0079166666667,NA,49.3949444444444,NA,2013-06-03T15:19:09Z,NA
TEL130602,23187,NA,NA,NA,NA,NA,NA,NA,NA,NA,-66.3881666666667,NA,49.9433055555556,NA,2013-06-03T19:30:42Z
TEL130602,23190,NA,NA,NA,NA,NA,NA,NA,NA,-66.2968888888889,NA,50.0336666666667,NA,2013-06-03T20:27:16Z,NA
TEL130602,23190,NA,NA,NA,9.8,18.149600000000003,9.8,NA,NA,NA,-66.2827222222222,NA,50.0477222222222,NA,2013-06-03T20:34:30Z
TEL130602,23213,NA,NA,NA,9.6,17.7792,9.6,NA,NA,-64.4346111111111,NA,49.6930833333333,NA,2013-06-04T22:51:35Z,NA
TEL130602,23213,NA,NA,NA,11.2,20.7424,11.2,NA,NA,NA,-64.59475,NA,49.8888055555556,NA,2013-06-05T00:14:15Z
TEL130602,23284,NA,NA,NA,10.8,20.001600000000003,10.8,NA,NA,-59.62175,NA,48.1073055555556,NA,2013-06-09T14:40:56Z,NA
TEL130602,23284,NA,NA,NA,10,18.52,10,NA,NA,NA,-59.2836388888889,NA,47.5506944444444,NA,2013-06-09T18:09:02Z
TEL130602,23485,NA,NA,NA,11,20.372,11,NA,NA,-64.1246388888889,NA,49.5271388888889,NA,2013-06-21T06:40:20Z,NA
TEL130602,23488,NA,NA,NA,7.3,13.5196,7.3,NA,NA,-64.152,NA,48.6985833333333,NA,2013-06-21T13:19:00Z,NA
TEL130602,23488,NA,NA,NA,7.1,13.1492,7.1,NA,NA,NA,-64.2965277777778,NA,48.7896111111111,NA,2013-06-21T14:16:06Z
TEL130804,23768,NA,NA,NA,11,20.372,11,NA,NA,-63.650433,NA,48.903838,NA,2013-08-04T23:12:22Z,NA
TEL130804,23768,NA,NA,NA,9.8,18.149600000000003,9.8,NA,NA,NA,-63.350262,NA,48.975828,NA,2013-08-05T00:20:00Z
TEL130804,23788,NA,NA,NA,11.5,21.298000000000002,11.5,NA,NA,-61.430892,NA,48.854442,NA,2013-08-05T14:48:05Z,NA
TEL130804,23788,NA,NA,NA,9.4,17.408800000000003,9.4,NA,NA,NA,-61.18062,NA,48.883773,NA,2013-08-05T15:43:12Z
TEL130804,23794,NA,NA,NA,9.4,17.408800000000003,9.4,NA,NA,-61.007953,NA,48.904222,NA,2013-08-05T16:20:08Z,NA
TEL130804,23794,NA,NA,NA,10.9,20.1868,10.9,NA,NA,NA,-60.860222,NA,48.921055,NA,2013-08-05T16:53:40Z
TEL130804,23800,NA,NA,NA,11,20.372,11,NA,NA,-60.770883,NA,48.93913,NA,2013-08-05T17:13:53Z,NA
TEL130804,23800,NA,NA,NA,9.4,17.408800000000003,9.4,NA,NA,NA,-60.692645,NA,48.954872,NA,2013-08-05T17:31:55Z
TEL130804,23807,NA,NA,NA,10.5,19.446,10.5,NA,NA,-60.749958,NA,48.791275,NA,2013-08-05T19:15:54Z,NA
TEL130804,23807,NA,NA,NA,11,20.372,11,NA,NA,NA,-60.419718,NA,48.85621,NA,2013-08-05T20:30:03Z
TEL130804,23814,NA,NA,NA,3.5,6.482,3.5,NA,NA,-60.378452,NA,48.870672,NA,2013-08-05T21:09:29Z,NA
TEL130804,23814,NA,NA,NA,10.8,20.001600000000003,10.8,NA,NA,NA,-59.943722,NA,48.976753,NA,2013-08-06T00:22:38Z
TEL130804,23840,NA,NA,NA,11,20.372,11,NA,NA,-60.334123,NA,49.932942,NA,2013-08-06T15:22:45Z,NA
TEL130804,23840,NA,NA,NA,9.5,17.594,9.5,NA,NA,NA,-60.355133,NA,49.940928,NA,2013-08-06T15:28:55Z
TEL130804,23882,NA,NA,NA,7.5,13.89,7.5,NA,NA,-58.137977,NA,50.56378,NA,2013-08-07T14:56:28Z,NA
TEL130804,23882,NA,NA,NA,7.8,14.4456,7.8,NA,NA,NA,-58.109318,NA,50.576763,NA,2013-08-07T15:07:39Z
TEL130804,23894,NA,NA,NA,8,14.816,8,NA,NA,-58.259762,NA,50.603527,NA,2013-08-07T16:56:58Z,NA
TEL130804,23894,NA,NA,NA,10.8,20.001600000000003,10.8,NA,NA,NA,-58.253708,NA,50.6296,NA,2013-08-07T17:40:44Z
TEL130804,23901,NA,NA,NA,10.8,20.001600000000003,10.8,NA,NA,-58.252818,NA,50.632128,NA,2013-08-07T17:41:35Z,NA
TEL130804,23901,NA,NA,NA,10.4,19.260800000000003,10.4,NA,NA,NA,-58.116635,NA,50.992092,NA,2013-08-07T19:46:33Z
TEL130804,23919,NA,NA,NA,10.2,18.8904,10.2,NA,NA,-57.878643,NA,51.141597,NA,2013-08-07T21:53:32Z,NA
TEL130804,23919,NA,NA,NA,11,20.372,11,NA,NA,NA,-57.173375,NA,51.228915,NA,2013-08-08T00:20:15Z
TEL130804,23934,NA,NA,NA,10,18.52,10,NA,NA,-57.500462,NA,50.479095,NA,2013-08-08T13:53:08Z,NA
TEL130804,23934,NA,NA,NA,7.5,13.89,7.5,NA,NA,NA,-57.591785,NA,50.394722,NA,2013-08-08T15:31:58Z
TEL130804,23950,NA,NA,NA,3,5.556,3,NA,NA,-57.60226,NA,50.389513,NA,2013-08-08T16:09:22Z,NA
TEL130804,23950,NA,NA,NA,9.8,18.149600000000003,9.8,NA,NA,NA,-57.621538,NA,50.3823,NA,2013-08-08T16:59:28Z
TEL130804,23955,NA,NA,NA,9.8,18.149600000000003,9.8,NA,NA,-57.702167,NA,50.281565,NA,2013-08-08T17:38:35Z,NA
TEL130804,23955,NA,NA,NA,10.5,19.446,10.5,NA,NA,NA,-57.806555,NA,50.158905,NA,2013-08-08T18:27:48Z
TEL130804,23988,NA,NA,NA,9,16.668,9,NA,NA,-58.698743,NA,49.339842,NA,2013-08-09T20:31:55Z,NA
TEL130804,23988,NA,NA,NA,9.5,17.594,9.5,NA,NA,NA,-58.695433,NA,49.346863,NA,2013-08-09T20:55:34Z
TEL130804,23992,NA,NA,NA,3.5,6.482,3.5,NA,NA,-58.685275,NA,49.354367,NA,2013-08-09T21:07:06Z,NA
TEL130804,23992,NA,NA,NA,10.5,19.446,10.5,NA,NA,NA,-58.521002,NA,49.42522,NA,2013-08-09T22:29:38Z
TEL130804,23998,NA,NA,NA,11.2,20.7424,11.2,NA,NA,-58.456075,NA,49.451352,NA,2013-08-09T22:45:47Z,NA
TEL130804,23998,NA,NA,NA,7,12.964,7,NA,NA,NA,-58.226335,NA,49.552933,NA,2013-08-10T00:02:21Z
TEL130804,24012,NA,NA,NA,10.8,20.001600000000003,10.8,NA,NA,-58.348388,NA,49.610412,NA,2013-08-10T01:38:24Z,NA
TEL130804,24012,NA,NA,NA,8,14.816,8,NA,NA,NA,-58.501697,NA,49.670083,NA,2013-08-10T02:17:20Z
TEL130804,24022,NA,NA,NA,9,16.668,9,NA,NA,-58.065957,NA,50.297975,NA,2013-08-10T14:32:27Z,NA
TEL130804,24022,NA,NA,NA,6,11.112,6,NA,NA,NA,-58.062328,NA,50.313998,NA,2013-08-10T14:39:49Z
TEL130804,24062,NA,NA,NA,10.6,19.6312,10.6,NA,NA,-59.711388,NA,48.561857,NA,2013-08-12T14:04:58Z,NA
TEL130804,24062,NA,NA,NA,6.5,12.038,6.5,NA,NA,NA,-59.572112,NA,48.610973,NA,2013-08-12T14:50:27Z
TEL130804,24071,NA,NA,NA,3.5,6.482,3.5,NA,NA,-59.557493,NA,48.635587,NA,2013-08-12T15:25:53Z,NA
TEL130804,24071,NA,NA,NA,10.1,18.7052,10.1,NA,NA,NA,-59.58603,NA,48.542333,NA,2013-08-12T16:39:31Z
TEL130804,24080,NA,NA,NA,10.1,18.7052,10.1,NA,NA,-59.591423,NA,48.534807,NA,2013-08-12T16:42:28Z,NA
TEL130804,24080,NA,NA,NA,6.2,11.4824,6.2,NA,NA,NA,-59.59823,NA,48.497888,NA,2013-08-12T17:10:17Z
TEL130804,24106,NA,NA,NA,10.2,18.8904,10.2,NA,NA,-59.337245,NA,48.395645,NA,2013-08-12T20:31:33Z,NA
TEL130804,24106,NA,NA,NA,10,18.52,10,NA,NA,NA,-59.378425,NA,48.326777,NA,2013-08-12T21:02:11Z
TEL130804,24139,NA,NA,NA,10.2,18.8904,10.2,NA,NA,-59.074505,NA,48.216713,NA,2013-08-13T01:18:04Z,NA
TEL130804,24139,NA,NA,NA,8,14.816,8,NA,NA,NA,-59.090477,NA,48.201702,NA,2013-08-13T01:24:32Z
TEL130804,24147,NA,NA,NA,3.5,6.482,3.5,NA,NA,-59.77109,NA,47.84053,NA,2013-08-13T15:08:30Z,NA
TEL130804,24147,NA,NA,NA,10.8,20.001600000000003,10.8,NA,NA,NA,-59.548845,NA,47.779827,NA,2013-08-13T16:52:05Z
TEL130804,24160,NA,NA,NA,3.5,6.482,3.5,NA,NA,-59.537437,NA,47.763533,NA,2013-08-13T17:30:57Z,NA
TEL130804,24160,NA,NA,NA,10.8,20.001600000000003,10.8,NA,NA,NA,-59.463387,NA,47.738977,NA,2013-08-13T18:28:56Z
TEL130804,24170,NA,NA,NA,9.5,17.594,9.5,NA,NA,-59.381495,NA,47.647118,NA,2013-08-13T19:32:45Z,NA
TEL130804,24170,NA,NA,NA,11,20.372,11,NA,NA,NA,-59.596567,NA,47.661835,NA,2013-08-13T21:56:22Z
TEL130804,24200,NA,NA,NA,7.5,13.89,7.5,NA,NA,-60.68403,NA,47.820793,NA,2013-08-14T14:02:10Z,NA
TEL130804,24200,NA,NA,NA,11,20.372,11,NA,NA,NA,-60.791985,NA,47.912045,NA,2013-08-14T15:32:14Z
TEL130804,24212,NA,NA,NA,11.3,20.9276,11.3,NA,NA,-60.894645,NA,47.995973,NA,2013-08-14T16:07:40Z,NA
TEL130804,24212,NA,NA,NA,10.8,20.001600000000003,10.8,NA,NA,NA,-60.907333,NA,48.013218,NA,2013-08-14T16:13:53Z
TEL130804,24215,NA,NA,NA,9.8,18.149600000000003,9.8,NA,NA,-60.91584,NA,48.018502,NA,2013-08-14T16:16:43Z,NA
TEL130804,24215,NA,NA,NA,8.5,15.742,8.5,NA,NA,NA,-60.92653,NA,48.023138,NA,2013-08-14T16:20:10Z
TEL130804,24220,NA,NA,NA,3.5,6.482,3.5,NA,NA,-60.938517,NA,48.027477,NA,2013-08-14T16:54:21Z,NA
TEL130804,24220,NA,NA,NA,10,18.52,10,NA,NA,NA,-60.994743,NA,48.07155,NA,2013-08-14T20:02:43Z
TEL130804,24234,NA,NA,NA,3.5,6.482,3.5,NA,NA,-61.013693,NA,48.088832,NA,2013-08-14T21:18:26Z,NA
TEL130804,24234,NA,NA,NA,10,18.52,10,NA,NA,NA,-61.010888,NA,48.149047,NA,2013-08-14T21:57:45Z
TEL130804,24263,NA,NA,NA,10,18.52,10,NA,NA,-63.555913,NA,49.296383,NA,2013-08-17T18:00:30Z,NA
TEL130804,24263,NA,NA,NA,7.7,14.2604,7.7,NA,NA,NA,-63.552598,NA,49.309737,NA,2013-08-17T18:05:13Z
TEL130804,24279,NA,NA,NA,9.8,18.149600000000003,9.8,NA,NA,-63.778895,NA,49.397492,NA,2013-08-17T20:34:50Z,NA
TEL130804,24279,NA,NA,NA,7,12.964,7,NA,NA,NA,-63.788072,NA,49.408038,NA,2013-08-17T20:39:53Z
TEL130804,24294,NA,NA,NA,7.6,14.0752,7.6,NA,NA,-63.806028,NA,49.551372,NA,2013-08-17T22:44:58Z,NA
TEL130804,24294,NA,NA,NA,5.5,10.186,5.5,NA,NA,NA,-63.827532,NA,49.558537,NA,2013-08-17T22:52:54Z
TEL130804,24300,NA,NA,NA,10.3,19.0756,10.3,NA,NA,-64.128818,NA,49.65583,NA,2013-08-18T01:16:08Z,NA
TEL130804,24300,NA,NA,NA,8.5,15.742,8.5,NA,NA,NA,-64.172107,NA,49.670627,NA,2013-08-18T01:27:06Z
TEL130804,24308,NA,NA,NA,7.5,13.89,7.5,NA,NA,-64.197288,NA,49.676353,NA,2013-08-18T02:57:15Z,NA
TEL130804,24308,NA,NA,NA,10,18.52,10,NA,NA,NA,-64.216843,NA,49.680532,NA,2013-08-18T03:02:56Z
TEL130804,24328,NA,NA,NA,10.5,19.446,10.5,NA,NA,-65.574293,NA,49.76823,NA,2013-08-18T19:20:15Z,NA
TEL130804,24328,NA,NA,NA,8,14.816,8,NA,NA,NA,-65.590593,NA,49.765755,NA,2013-08-18T19:24:54Z
TEL130804,24354,NA,NA,NA,10,18.52,10,NA,NA,-66.17091,NA,49.690653,NA,2013-08-19T01:34:27Z,NA
TEL130804,24354,NA,NA,NA,8,14.816,8,NA,NA,NA,-66.20335,NA,49.685277,NA,2013-08-19T01:42:41Z
TEL130804,24367,NA,NA,NA,9.2,17.0384,9.2,NA,NA,-64.990608,NA,49.435765,NA,2013-08-19T15:37:58Z,NA
TEL130804,24367,NA,NA,NA,8,14.816,8,NA,NA,NA,-64.973477,NA,49.43272,NA,2013-08-19T15:42:28Z
TEL130804,24392,NA,NA,NA,9.8,18.149600000000003,9.8,NA,NA,-66.02113,NA,49.293538,NA,2013-08-21T16:37:51Z,NA
TEL130804,24392,NA,NA,NA,9.5,17.594,9.5,NA,NA,NA,-66.088962,NA,49.28544,NA,2013-08-21T16:54:37Z
TEL130804,24397,NA,NA,NA,9.5,17.594,9.5,NA,NA,-66.243917,NA,49.313452,NA,2013-08-21T19:46:04Z,NA
TEL130804,24397,NA,NA,NA,8,14.816,8,NA,NA,NA,-66.269973,NA,49.305175,NA,2013-08-21T19:53:08Z
TEL130804,24401,NA,NA,NA,9.4,17.408800000000003,9.4,NA,NA,-66.255507,NA,49.310695,NA,2013-08-21T21:39:07Z,NA
TEL130804,24401,NA,NA,NA,9.3,17.2236,9.3,NA,NA,NA,-66.313273,NA,49.293853,NA,2013-08-21T21:54:57Z
TEL130804,24410,NA,NA,NA,9.6,17.7792,9.6,NA,NA,-66.555317,NA,49.2223,NA,2013-08-21T23:01:41Z,NA
TEL130804,24410,NA,NA,NA,7,12.964,7,NA,NA,NA,-66.712217,NA,49.172408,NA,2013-08-21T23:44:01Z
TEL130804,24424,NA,NA,NA,9.7,17.9644,9.7,NA,NA,-67.880865,NA,48.882552,NA,2013-08-22T19:22:18Z,NA
TEL130804,24424,NA,NA,NA,8.5,15.742,8.5,NA,NA,NA,-67.998685,NA,48.87242,NA,2013-08-22T19:51:17Z
TEL130804,24427,NA,NA,NA,8.6,15.927200000000001,8.6,NA,NA,-68.003815,NA,48.871837,NA,2013-08-22T19:52:42Z,NA
TEL130804,24427,NA,NA,NA,9,16.668,9,NA,NA,NA,-68.054142,NA,48.868367,NA,2013-08-22T20:06:04Z
TEL130804,24431,NA,NA,NA,9.5,17.594,9.5,NA,NA,-68.057397,NA,48.868377,NA,2013-08-22T20:06:54Z,NA
TEL130804,24431,NA,NA,NA,10.5,19.446,10.5,NA,NA,NA,-68.147027,NA,48.87001,NA,2013-08-22T20:29:34Z
TEL130804,24451,NA,NA,NA,10,18.52,10,NA,NA,-68.649613,NA,48.573098,NA,2013-08-23T14:19:17Z,NA
TEL130804,24451,NA,NA,NA,7,12.964,7,NA,NA,NA,-68.67563,NA,48.548842,NA,2013-08-23T14:31:37Z
TEL130804,24455,NA,NA,NA,8.7,16.1124,8.7,NA,NA,-68.71262,NA,48.540628,NA,2013-08-23T16:57:53Z,NA
TEL130804,24455,NA,NA,NA,9,16.668,9,NA,NA,NA,-68.778078,NA,48.505972,NA,2013-08-23T17:20:37Z
TEL130804,24460,NA,NA,NA,8.2,15.186399999999999,8.2,NA,NA,-68.807243,NA,48.493967,NA,2013-08-23T17:30:28Z,NA
TEL130804,24460,NA,NA,NA,8.6,15.927200000000001,8.6,NA,NA,NA,-68.829783,NA,48.487148,NA,2013-08-23T17:37:28Z
TEL130804,24464,NA,NA,NA,8.6,15.927200000000001,8.6,NA,NA,-68.831247,NA,48.486587,NA,2013-08-23T17:37:53Z,NA
TEL130804,24464,NA,NA,NA,9.2,17.0384,9.2,NA,NA,NA,-68.86379,NA,48.474473,NA,2013-08-23T17:47:49Z
TEL130804,24475,NA,NA,NA,9,16.668,9,NA,NA,-68.951252,NA,48.437685,NA,2013-08-23T18:14:56Z,NA
TEL130804,24475,NA,NA,NA,8.3,15.371600000000003,8.3,NA,NA,NA,-68.991048,NA,48.418753,NA,2013-08-23T18:27:58Z
TEL130804,24483,NA,NA,NA,11,20.372,11,NA,NA,-69.271367,NA,48.388262,NA,2013-08-23T20:49:11Z,NA
TEL130804,24483,NA,NA,NA,10.4,19.260800000000003,10.4,NA,NA,NA,-69.291305,NA,48.376798,NA,2013-08-23T20:55:16Z
TEL130804,24497,NA,NA,NA,10.3,19.0756,10.3,NA,NA,-69.110385,NA,48.49961,NA,2013-08-24T00:15:10Z,NA
TEL130804,24497,NA,NA,NA,10,18.52,10,NA,NA,NA,-69.062468,NA,48.52207,NA,2013-08-24T00:29:17Z
TEL130804,24502,NA,NA,NA,10.4,19.260800000000003,10.4,NA,NA,-68.965945,NA,48.579085,NA,2013-08-24T02:26:45Z,NA
TEL130804,24502,NA,NA,NA,10.5,19.446,10.5,NA,NA,NA,-68.828908,NA,48.671788,NA,2013-08-24T03:10:13Z
TEL130804,24510,NA,NA,NA,10.6,19.6312,10.6,NA,NA,-68.061913,NA,49.116293,NA,2013-08-24T16:47:01Z,NA
TEL130804,24510,NA,NA,NA,8.7,16.1124,8.7,NA,NA,NA,-68.065022,NA,49.162715,NA,2013-08-24T17:03:09Z
TEL130804,24514,NA,NA,NA,10.3,19.0756,10.3,NA,NA,-68.027262,NA,49.163445,NA,2013-08-24T18:17:52Z,NA
TEL130804,24514,NA,NA,NA,10.8,20.001600000000003,10.8,NA,NA,NA,-67.944328,NA,49.179593,NA,2013-08-24T18:37:15Z
TEL130804,24536,NA,NA,NA,10.2,18.8904,10.2,NA,NA,-67.14463,NA,49.443082,NA,2013-08-25T00:27:07Z,NA
TEL130804,24536,NA,NA,NA,8,14.816,8,NA,NA,NA,-67.133247,NA,49.454182,NA,2013-08-25T00:32:01Z
TEL130804,24579,NA,NA,NA,6.8,12.5936,6.8,NA,NA,-64.260938,NA,50.119537,NA,2013-08-25T23:57:06Z,NA
TEL130804,24579,NA,NA,NA,8,14.816,8,NA,NA,NA,-64.252965,NA,50.12109,NA,2013-08-25T23:59:31Z
TEL130804,24600,NA,NA,NA,9.4,17.408800000000003,9.4,NA,NA,-62.59677,NA,49.93432,NA,2013-08-26T19:26:59Z,NA
TEL130804,24600,NA,NA,NA,7.5,13.89,7.5,NA,NA,NA,-62.6078,NA,49.92598,NA,2013-08-26T19:31:29Z
TEL130804,24621,NA,NA,NA,10.6,19.6312,10.6,NA,NA,-61.687808,NA,49.57549,NA,2013-08-27T13:58:15Z,NA
TEL130804,24621,NA,NA,NA,8,14.816,8,NA,NA,NA,-61.607503,NA,49.567402,NA,2013-08-27T14:16:39Z
TEL130804,24627,NA,NA,NA,10.6,19.6312,10.6,NA,NA,-61.543373,NA,49.464958,NA,2013-08-27T16:23:16Z,NA
TEL130804,24627,NA,NA,NA,8,14.816,8,NA,NA,NA,-61.490062,NA,49.456002,NA,2013-08-27T16:35:34Z
TEL130804,24635,NA,NA,NA,10.8,20.001600000000003,10.8,NA,NA,-61.545955,NA,49.532953,NA,2013-08-27T20:08:37Z,NA
TEL130804,24635,NA,NA,NA,8.5,15.742,8.5,NA,NA,NA,-61.5504,NA,49.651838,NA,2013-08-27T20:48:59Z
TEL130804,24641,NA,NA,NA,10.2,18.8904,10.2,NA,NA,-61.462355,NA,49.77704,NA,2013-08-27T23:11:40Z,NA
TEL130804,24641,NA,NA,NA,10.3,19.0756,10.3,NA,NA,NA,-61.362712,NA,49.90336,NA,2013-08-28T00:00:30Z
TEL130804,24683,NA,NA,NA,10.2,18.8904,10.2,NA,NA,-59.832655,NA,48.613122,NA,2013-08-29T13:54:31Z,NA
TEL130804,24683,NA,NA,NA,10.4,19.260800000000003,10.4,NA,NA,NA,-59.941797,NA,48.650717,NA,2013-08-29T14:23:27Z
TEL130804,24700,NA,NA,NA,10.7,19.816399999999998,10.7,NA,NA,-61.206353,NA,49.210477,NA,2013-08-29T22:43:38Z,NA
TEL130804,24700,NA,NA,NA,7.5,13.89,7.5,NA,NA,NA,-61.28145,NA,49.266037,NA,2013-08-29T23:09:45Z
TEL130804,24726,NA,NA,NA,10,18.52,10,NA,NA,-63.31952,NA,49.139452,NA,2013-08-30T20:09:26Z,NA
TEL130804,24726,NA,NA,NA,9.3,17.2236,9.3,NA,NA,NA,-63.528518,NA,49.155902,NA,2013-08-30T21:02:39Z
TEL130804,24730,NA,NA,NA,9,16.668,9,NA,NA,-63.533488,NA,49.156347,NA,2013-08-30T21:04:04Z,NA
TEL130804,24730,NA,NA,NA,7,12.964,7,NA,NA,NA,-63.619315,NA,49.162713,NA,2013-08-30T21:26:54Z
TEL130804,24737,NA,NA,NA,11,20.372,11,NA,NA,-62.82604,NA,48.717802,NA,2013-08-31T14:13:27Z,NA
TEL130804,24737,NA,NA,NA,9,16.668,9,NA,NA,NA,-62.768565,NA,48.708633,NA,2013-08-31T14:26:15Z
TEL130804,24741,NA,NA,NA,9.7,17.9644,9.7,NA,NA,-62.818998,NA,48.702337,NA,2013-08-31T16:30:21Z,NA
TEL130804,24741,NA,NA,NA,8,14.816,8,NA,NA,NA,-62.872318,NA,48.695877,NA,2013-08-31T16:43:54Z
TEL130804,24754,NA,NA,NA,10.6,19.6312,10.6,NA,NA,-63.877932,NA,48.679632,NA,2013-08-31T20:56:34Z,NA
TEL130804,24754,NA,NA,NA,6,11.112,6,NA,NA,NA,-63.920907,NA,48.679603,NA,2013-08-31T21:10:04Z
TEL130804,24760,NA,NA,NA,5.3,9.8156,5.3,NA,NA,-64.13932,NA,48.69474,NA,2013-08-31T22:53:33Z,NA
TEL130804,24760,NA,NA,NA,4.5,8.334,4.5,NA,NA,NA,-64.217388,NA,48.740592,NA,2013-08-31T23:41:13Z
TEL130804,24762,NA,NA,NA,4.7,8.704400000000001,4.7,NA,NA,-64.233498,NA,48.749352,NA,2013-08-31T23:52:01Z,NA
TEL130804,24762,NA,NA,NA,4.2,7.7784,4.2,NA,NA,NA,-64.242705,NA,48.75456,NA,2013-08-31T23:58:31Z
TEL130904,24764,NA,NA,NA,10.6,19.6312,10.6,NA,NA,-61.1291944444444,NA,45.4311388888889,NA,2013-09-05T00:36:48Z,NA
TEL130904,24764,NA,NA,NA,10.7,19.816399999999998,10.7,NA,NA,NA,-60.7646388888889,NA,45.435,NA,2013-09-05T02:14:34Z
TEL130904,24802,NA,NA,NA,9,16.668,9,NA,NA,-61.3846666666667,NA,47.0253333333333,NA,2013-09-07T13:48:41Z,NA
TEL130904,24802,NA,NA,NA,7.7,14.2604,7.7,NA,NA,NA,-61.6144444444444,NA,47.0668055555556,NA,2013-09-07T15:01:37Z
TEL130904,24833,NA,NA,NA,10,18.52,10,NA,NA,-61.6496388888889,NA,45.7871388888889,NA,2013-09-09T15:27:15Z,NA
TEL130904,24833,NA,NA,NA,8,14.816,8,NA,NA,NA,-61.4341388888889,NA,45.6603611111111,NA,2013-09-09T16:43:30Z
TEL130904,24857,NA,NA,NA,9.7,17.9644,9.7,NA,NA,-63.0964166666667,NA,45.9686111111111,NA,2013-09-10T16:15:07Z,NA
TEL130904,24857,NA,NA,NA,7.5,13.89,7.5,NA,NA,NA,-63.1240555555556,NA,46.2246388888889,NA,2013-09-10T17:52:56Z
TEL130904,24882,NA,NA,NA,9.9,18.3348,9.9,NA,NA,-62.47525,NA,46.603,NA,2013-09-13T16:53:26Z,NA
TEL130904,24882,NA,NA,NA,6.7,12.4084,6.7,NA,NA,NA,-62.339,NA,46.5186111111111,NA,2013-09-13T17:44:22Z
TEL130904,24890,NA,NA,NA,10.1,18.7052,10.1,NA,NA,-62.4819166666667,NA,46.5015277777778,NA,2013-09-13T18:50:57Z,NA
TEL130904,24890,NA,NA,NA,7.9,14.6308,7.9,NA,NA,NA,-62.7398055555556,NA,46.4660555555556,NA,2013-09-13T20:02:13Z
TEL130904,24912,NA,NA,NA,6,11.112,6,NA,NA,-63.6488611111111,NA,46.6694722222222,NA,2013-09-14T19:43:17Z,NA
TEL130904,24912,NA,NA,NA,9.2,17.0384,9.2,NA,NA,NA,-63.7741111111111,NA,46.8991111111111,NA,2013-09-14T21:23:11Z
TEL130904,24971,NA,NA,NA,9.5,17.594,9.5,NA,NA,-64.1821666666667,NA,47.1901388888889,NA,2013-09-20T15:42:19Z,NA
TEL130904,24971,NA,NA,NA,4.2,7.7784,4.2,NA,NA,NA,-64.1019166666667,NA,47.1155555555556,NA,2013-09-20T16:21:16Z
TEL130904,25029,NA,NA,NA,9.1,16.8532,9.1,NA,NA,-63.6176111111111,NA,48.5333055555556,NA,2013-09-23T20:47:53Z,NA
TEL130904,25029,NA,NA,NA,8,14.816,8,NA,NA,NA,-63.7009444444444,NA,48.6986944444444,NA,2013-09-23T22:40:18Z
TEL130904,25096,NA,NA,NA,6,11.112,6,NA,NA,-60.7890277777778,NA,47.9600277777778,NA,2013-09-27T17:54:06Z,NA
TEL130904,25096,NA,NA,NA,10,18.52,10,NA,NA,NA,-60.6715555555555,NA,47.90725,NA,2013-09-27T18:30:28Z
TEL140905,1,NA,NA,NA,6.4,11.852800000000002,6.4,NA,NA,NA,-63.8376944444444,NA,48.6735833333333,NA,2014-09-05T23:26:46Z
TEL140905,2,NA,NA,NA,6.4,11.852800000000002,6.4,NA,NA,NA,-63.8688611111111,NA,48.7080833333333,NA,2014-09-05T23:47:26Z
TEL140905,3,NA,NA,NA,5.5,10.186,5.5,NA,NA,NA,-63.8650555555556,NA,48.7288611111111,NA,2014-09-05T23:56:52Z
TEL140905,4,NA,NA,NA,5.3,9.8156,5.3,NA,NA,NA,-63.8234166666667,NA,48.6965555555556,NA,2014-09-06T00:20:56Z
TEL140905,5,NA,NA,NA,1.6,2.9632000000000005,1.6,NA,NA,NA,-63.9117222222222,NA,48.7766666666667,NA,2014-09-06T02:44:17Z
TEL140905,6,NA,NA,NA,5.3,9.8156,5.3,NA,NA,NA,-63.1490833333333,NA,48.7542222222222,NA,2014-09-06T19:12:27Z
TEL140905,7,NA,NA,NA,4.1,7.5931999999999995,4.1,NA,NA,NA,-63.1195277777778,NA,48.70975,NA,2014-09-06T19:41:25Z
TEL140905,8,NA,NA,NA,3.5,6.482,3.5,NA,NA,NA,-63.1321666666667,NA,48.7324166666667,NA,2014-09-06T19:58:57Z
TEL140905,9,NA,NA,NA,11,20.372,11,NA,NA,NA,-63.2884166666667,NA,48.6014166666667,NA,2014-09-06T22:46:07Z
TEL140905,10,NA,NA,NA,6.8,12.5936,6.8,NA,NA,NA,-63.3027777777778,NA,48.45975,NA,2014-09-06T23:35:31Z
TEL140905,11,NA,NA,NA,9,16.668,9,NA,NA,NA,-62.9761666666667,NA,48.4803888888889,NA,2014-09-07T17:30:00Z
TEL140905,12,NA,NA,NA,10.1,18.7052,10.1,NA,NA,NA,-62.9783888888889,NA,48.4801111111111,NA,2014-09-07T17:56:12Z
TEL140905,13,NA,NA,NA,11.5,21.298000000000002,11.5,NA,NA,-62.7740277777778,NA,48.4256666666667,NA,2014-09-07T19:50:00Z,NA
TEL140905,13,NA,NA,NA,7.2,13.3344,7.2,NA,NA,NA,-62.7447222222222,NA,48.4190555555556,NA,2014-09-07T19:57:30Z
TEL140905,15,NA,NA,NA,11.2,20.7424,11.2,NA,NA,-62.7401666666667,NA,48.3853333333333,NA,2014-09-07T22:00:25Z,NA
TEL140905,15,NA,NA,NA,7.7,14.2604,7.7,NA,NA,NA,-62.8366666666667,NA,48.3193333333333,NA,2014-09-07T22:30:50Z
TEL140905,16,NA,NA,NA,10.8,20.001600000000003,10.8,NA,NA,NA,-62.7217222222222,NA,48.1943611111111,NA,2014-09-08T02:55:30Z
TEL140905,17,NA,NA,NA,9,16.668,9,NA,NA,NA,-62.0713888888889,NA,47.9389722222222,NA,2014-09-09T00:34:00Z
TEL140905,18,NA,NA,NA,2.1,3.8892,2.1,NA,NA,NA,-62.05575,NA,47.92175,NA,2014-09-09T01:47:53Z
TEL140905,19,NA,NA,NA,8.4,15.5568,8.4,NA,NA,NA,-61.9636111111111,NA,47.9638333333333,NA,2014-09-09T02:59:27Z
TEL140905,20,NA,NA,NA,6.7,12.4084,6.7,NA,NA,NA,-60.8461666666667,NA,47.9031111111111,NA,2014-09-09T17:44:09Z
TEL140905,21,NA,NA,NA,5.2,9.630400000000002,5.2,NA,NA,NA,-60.9587777777778,NA,47.9440833333333,NA,2014-09-09T18:28:16Z
TEL140905,22,NA,NA,NA,2,3.704,2,NA,NA,NA,-60.9053333333333,NA,47.9284722222222,NA,2014-09-09T19:12:45Z
TEL140905,23,NA,NA,NA,10.5,19.446,10.5,NA,NA,NA,-60.9928888888889,NA,47.85825,NA,2014-09-09T20:29:09Z
TEL140905,24,NA,NA,NA,6.5,12.038,6.5,NA,NA,NA,-61.1298611111111,NA,47.6950833333333,NA,2014-09-09T23:04:42Z
TEL140905,25,NA,NA,NA,2.1,3.8892,2.1,NA,NA,NA,-61.0883333333333,NA,47.7196666666667,NA,2014-09-09T23:43:58Z
TEL140905,26,NA,NA,NA,2.1,3.8892,2.1,NA,NA,NA,-60.4325833333333,NA,47.2353888888889,NA,2014-09-10T17:29:46Z
TEL140905,27,NA,NA,NA,6.9,12.778800000000002,6.9,NA,NA,NA,-60.2423333333333,NA,47.3473888888889,NA,2014-09-10T19:05:58Z
TEL140905,28,NA,NA,NA,5.9,10.926800000000002,5.9,NA,NA,NA,-60.19975,NA,47.3096111111111,NA,2014-09-10T19:33:57Z
TEL140905,29,NA,NA,NA,7.5,13.89,7.5,NA,NA,-60.2108888888889,NA,47.3205277777778,NA,2014-09-10T19:45:03Z,NA
TEL140905,29,NA,NA,NA,2.8,5.1856,2.8,NA,NA,NA,-60.2439444444444,NA,47.3477777777778,NA,2014-09-10T20:18:54Z
TEL140905,30,NA,NA,NA,10.9,20.1868,10.9,NA,NA,NA,-60.3613888888889,NA,47.3629444444444,NA,2014-09-10T22:07:37Z
TEL140905,31,NA,NA,NA,5.5,10.186,5.5,NA,NA,NA,-60.3646388888889,NA,47.4046388888889,NA,2014-09-10T22:25:04Z
TEL140905,32,NA,NA,NA,6.6,12.2232,6.6,NA,NA,NA,-60.3605555555556,NA,47.3673055555556,NA,2014-09-10T22:40:57Z
TEL140905,33,NA,NA,NA,6.8,12.5936,6.8,NA,NA,NA,-61.2961111111111,NA,47.1093888888889,NA,2014-09-11T17:36:08Z
TEL140905,34,NA,NA,NA,7,12.964,7,NA,NA,NA,-61.2990555555556,NA,47.0790277777778,NA,2014-09-11T17:51:04Z
TEL140905,35,NA,NA,NA,2.2,4.074400000000001,2.2,NA,NA,NA,-61.2963888888889,NA,47.1193333333333,NA,2014-09-11T18:33:02Z
TEL140905,36,NA,NA,NA,8.8,16.297600000000003,8.8,NA,NA,NA,-61.2984166666667,NA,46.8538888888889,NA,2014-09-11T20:32:11Z
TEL140905,37,NA,NA,NA,10.2,18.8904,10.2,NA,NA,NA,-61.4242777777778,NA,46.7586111111111,NA,2014-09-11T23:01:53Z
TEL140905,38,NA,NA,NA,9.3,17.2236,9.3,NA,NA,NA,-62.9032777777778,NA,45.8755,NA,2014-09-12T20:30:35Z
TEL140905,39,NA,NA,NA,5.6,10.3712,5.6,NA,NA,NA,-63.0859722222222,NA,45.8998888888889,NA,2014-09-12T21:20:41Z
TEL140905,40,NA,NA,NA,10.9,20.1868,10.9,NA,NA,NA,-61.9279166666667,NA,45.9341666666667,NA,2014-09-13T17:29:00Z
TEL140905,41,NA,NA,NA,7,12.964,7,NA,NA,NA,-61.7594722222222,NA,45.8539722222222,NA,2014-09-13T18:17:04Z
TEL140905,42,NA,NA,NA,6.5,12.038,6.5,NA,NA,NA,-61.6960833333333,NA,45.8656944444444,NA,2014-09-13T18:42:05Z
TEL140905,43,NA,NA,NA,10.6,19.6312,10.6,NA,NA,NA,-61.7683888888889,NA,45.7280555555556,NA,2014-09-13T21:12:47Z
TEL140905,44,NA,NA,NA,6.9,12.778800000000002,6.9,NA,NA,-61.76825,NA,45.7206944444444,NA,2014-09-13T21:16:05Z,NA
TEL140905,44,NA,NA,NA,4.4,8.148800000000001,4.4,NA,NA,NA,-61.7688055555556,NA,45.6942222222222,NA,2014-09-13T21:28:43Z
TEL140905,45,NA,NA,NA,7.8,14.4456,7.8,NA,NA,NA,-62.3095,NA,46.69275,NA,2014-09-14T13:18:51Z
TEL140905,46,NA,NA,NA,4.3,7.9636000000000005,4.3,NA,NA,NA,-62.3045555555556,NA,46.6550277777778,NA,2014-09-14T13:37:12Z
TEL140905,47,NA,NA,NA,8.7,16.1124,8.7,NA,NA,NA,-62.4665,NA,46.7517777777778,NA,2014-09-14T14:58:50Z
TEL140905,48,NA,NA,NA,5.7,10.5564,5.7,NA,NA,NA,-62.4729444444444,NA,46.7785555555556,NA,2014-09-14T15:11:16Z
TEL140905,49,NA,NA,NA,7.6,14.0752,7.6,NA,NA,NA,-62.8269722222222,NA,46.8080833333333,NA,2014-09-14T18:19:27Z
TEL140905,50,NA,NA,NA,4.4,8.148800000000001,4.4,NA,NA,NA,-62.8750555555556,NA,46.8361388888889,NA,2014-09-14T18:42:51Z
TEL140905,51,NA,NA,NA,5,9.26,5,NA,NA,NA,-62.8906388888889,NA,46.841,NA,2014-09-14T18:57:55Z
TEL140905,52,NA,NA,NA,10.5,19.446,10.5,NA,NA,NA,-62.9610555555556,NA,46.8757222222222,NA,2014-09-14T21:50:04Z
TEL140905,53,NA,NA,NA,4.4,8.148800000000001,4.4,NA,NA,NA,-63.9556944444444,NA,47.42525,NA,2014-09-15T14:35:20Z
TEL140905,54,NA,NA,NA,4.7,8.704400000000001,4.7,NA,NA,NA,-63.9552777777778,NA,47.4629166666667,NA,2014-09-15T14:52:12Z
TEL140905,55,NA,NA,NA,7.3,13.5196,7.3,NA,NA,NA,-63.92225,NA,47.5773333333333,NA,2014-09-15T16:55:17Z
TEL140905,56,NA,NA,NA,5.3,9.8156,5.3,NA,NA,NA,-63.92225,NA,47.6095833333333,NA,2014-09-15T17:11:36Z
TEL140905,57,NA,NA,NA,7.4,13.7048,7.4,NA,NA,NA,-63.9596944444444,NA,47.6219444444444,NA,2014-09-15T17:25:43Z
TEL140905,58,NA,NA,NA,10.9,20.1868,10.9,NA,NA,NA,-64.0268333333333,NA,47.7810555555556,NA,2014-09-15T20:58:32Z
TEL140905,59,NA,NA,NA,7.8,14.4456,7.8,NA,NA,NA,-64.5255555555556,NA,48.15475,NA,2014-09-17T13:21:25Z
TEL140905,60,NA,NA,NA,6.7,12.4084,6.7,NA,NA,NA,-64.1629444444444,NA,48.2716666666667,NA,2014-09-17T16:46:13Z
TEL140905,62,NA,NA,NA,10.5,19.446,10.5,NA,NA,NA,-63.9513888888889,NA,47.9161111111111,NA,2014-09-18T21:41:01Z
TEL140905,63,NA,NA,NA,11,20.372,11,NA,NA,NA,-64.3523888888889,NA,47.7288055555556,NA,2014-09-19T15:30:23Z
TEL140905,64,NA,NA,NA,7,12.964,7,NA,NA,NA,-64.4193888888889,NA,47.6621388888889,NA,2014-09-19T15:56:48Z
TEL140905,65,NA,NA,NA,7.2,13.3344,7.2,NA,NA,NA,-64.3215277777778,NA,46.9899166666667,NA,2014-09-20T20:02:39Z
TEL140905,66,NA,NA,NA,7.1,13.1492,7.1,NA,NA,NA,-63.4765,NA,46.7618055555556,NA,2014-09-21T18:42:53Z
TEL140905,67,NA,NA,NA,7.1,13.1492,7.1,NA,NA,NA,-63.62325,NA,46.6772222222222,NA,2014-09-21T20:37:18Z
TEL140905,68,NA,NA,NA,11,20.372,11,NA,NA,NA,-63.4402777777778,NA,46.7186388888889,NA,2014-09-21T23:36:44Z
TEL140905,69,NA,NA,NA,10.8,20.001600000000003,10.8,NA,NA,NA,-62.2811111111111,NA,46.6913611111111,NA,2014-09-22T18:08:53Z
TEL140905,70,NA,NA,NA,11.6,21.4832,11.6,NA,NA,NA,-62.1131388888889,NA,46.5739166666667,NA,2014-09-22T20:32:59Z
TEL140905,71,NA,NA,NA,8.2,15.186399999999999,8.2,NA,NA,NA,-62.0440555555556,NA,46.5686944444444,NA,2014-09-22T20:48:03Z
TEL140905,72,NA,NA,NA,3.3,6.1116,3.3,NA,NA,NA,-62.9953611111111,NA,47.4790277777778,NA,2014-09-24T19:25:44Z
TEL140905,73,NA,NA,NA,10.6,19.6312,10.6,NA,NA,NA,-63.2325,NA,47.4029444444444,NA,2014-09-24T21:40:35Z
TEL140905,74,NA,NA,NA,10.4,19.260800000000003,10.4,NA,NA,NA,-62.7743055555556,NA,47.6022777777778,NA,2014-09-25T17:33:30Z
TEL140905,75,NA,NA,NA,10.1,18.7052,10.1,NA,NA,NA,-62.6247222222222,NA,47.5523333333333,NA,2014-09-25T21:45:16Z
TEL140905,76,NA,NA,NA,10.6,19.6312,10.6,NA,NA,NA,-62.2031111111111,NA,47.3357777777778,NA,2014-09-26T15:30:01Z
TEL140905,77,NA,NA,NA,5.4,10.000800000000002,5.4,NA,NA,NA,-62.4765,NA,47.1188611111111,NA,2014-09-26T18:42:27Z
TEL140905,78,NA,NA,NA,5.8,10.7416,5.8,NA,NA,NA,-62.5177777777778,NA,47.0775,NA,2014-09-26T19:08:28Z
TEL140905,79,NA,NA,NA,11.2,20.7424,11.2,NA,NA,NA,-61.2938888888889,NA,46.9766944444444,NA,2014-09-27T17:31:19Z
TEL140905,80,NA,NA,NA,4,7.408,4,NA,NA,NA,-61.2275,NA,46.9894722222222,NA,2014-09-27T19:13:51Z
TEL140905,81,NA,NA,NA,6.8,12.5936,6.8,NA,NA,NA,-61.0574166666667,NA,46.9394166666667,NA,2014-09-27T21:41:15Z
TEL140905,82,NA,NA,NA,6.3,11.6676,6.3,NA,NA,NA,-60.5762777777778,NA,47.4237777777778,NA,2014-09-28T15:53:32Z
TEL140905,83,NA,NA,NA,10.5,19.446,10.5,NA,NA,NA,-60.2795277777778,NA,46.9174166666667,NA,2014-09-28T19:20:30Z
TEL140905,84,NA,NA,NA,9.7,17.9644,9.7,NA,NA,NA,-60.2343055555556,NA,46.7148888888889,NA,2014-09-28T20:35:15Z
TEL140905,85,NA,NA,NA,10.2,18.8904,10.2,NA,NA,NA,-60.2099722222222,NA,46.5360833333333,NA,2014-09-28T21:39:25Z
TEL140905,86,NA,NA,NA,7.9,14.6308,7.9,NA,NA,NA,-60.1801666666667,NA,46.3528611111111,NA,2014-09-28T22:42:09Z
TEL150531,1,NA,NA,NA,11.4,21.1128,11.4,NA,NA,-67.8853888888889,NA,48.9878611111111,NA,2015-05-31T11:52:10Z,NA
TEL150531,1,NA,NA,NA,11.6,21.4832,11.6,NA,NA,NA,-68.4140833333333,NA,48.7603611111111,NA,2015-05-31T14:04:34Z
TEL150531,2,NA,NA,NA,11.5,21.298000000000002,11.5,NA,NA,-68.50225,NA,48.7212222222222,NA,2015-05-31T14:26:08Z,NA
TEL150531,2,NA,NA,NA,11.1,20.5572,11.1,NA,NA,NA,-68.7383611111111,NA,48.6100555555556,NA,2015-05-31T15:26:24Z
TEL150531,4,NA,NA,NA,11.3,20.9276,11.3,NA,NA,-69.0871666666667,NA,48.4594166666667,NA,2015-05-31T17:35:45Z,NA
TEL150531,4,NA,NA,NA,6.6,12.2232,6.6,NA,NA,NA,-69.13975,NA,48.4436388888889,NA,2015-05-31T17:49:34Z
TEL150531,5,NA,NA,NA,11.2,20.7424,11.2,NA,NA,-69.1633333333333,NA,48.4365,NA,2015-05-31T17:55:12Z,NA
TEL150531,5,NA,NA,NA,11.3,20.9276,11.3,NA,NA,NA,-69.2812777777778,NA,48.4095833333333,NA,2015-05-31T18:22:02Z
TEL150531,6,NA,NA,NA,11.5,21.298000000000002,11.5,NA,NA,-69.3197222222222,NA,48.3818888888889,NA,2015-05-31T18:46:07Z,NA
TEL150531,6,NA,NA,NA,7.1,13.1492,7.1,NA,NA,NA,-69.3663888888889,NA,48.2695555555556,NA,2015-05-31T19:22:42Z
TEL150531,7,NA,NA,NA,11,20.372,11,NA,NA,-69.2520555555556,NA,48.3221388888889,NA,2015-05-31T21:46:45Z,NA
TEL150531,7,NA,NA,NA,11.8,21.853600000000004,11.8,NA,NA,NA,-69.0195555555556,NA,48.4452777777778,NA,2015-05-31T22:49:12Z
TEL150531,8,NA,NA,NA,10.4,19.260800000000003,10.4,NA,NA,-68.5287222222222,NA,48.6197777777778,NA,2015-06-01T12:24:28Z,NA
TEL150531,8,NA,NA,NA,8.1,15.0012,8.1,NA,NA,NA,-68.4910555555556,NA,48.5763611111111,NA,2015-06-01T12:42:07Z
TEL150531,9,NA,NA,NA,11,20.372,11,NA,NA,-68.4780833333333,NA,48.5927222222222,NA,2015-06-01T13:16:20Z,NA
TEL150531,9,NA,NA,NA,10.8,20.001600000000003,10.8,NA,NA,NA,-68.4220833333333,NA,48.6651666666667,NA,2015-06-01T13:43:18Z
TEL150531,11,NA,NA,NA,10.9,20.1868,10.9,NA,NA,-68.2851111111111,NA,48.8123333333333,NA,2015-06-01T14:42:35Z,NA
TEL150531,11,NA,NA,NA,10.5,19.446,10.5,NA,NA,NA,-68.2713055555556,NA,48.8546388888889,NA,2015-06-01T14:57:13Z
TEL150531,12,NA,NA,NA,10,18.52,10,NA,NA,-68.1598888888889,NA,48.8959166666667,NA,2015-06-01T16:18:20Z,NA
TEL150531,12,NA,NA,NA,10.2,18.8904,10.2,NA,NA,NA,-68.0090833333333,NA,48.9208055555556,NA,2015-06-01T16:55:09Z
TEL150531,13,NA,NA,NA,10.2,18.8904,10.2,NA,NA,-68.0035277777778,NA,48.9230277777778,NA,2015-06-01T16:56:41Z,NA
TEL150531,13,NA,NA,NA,6.5,12.038,6.5,NA,NA,NA,-67.8087222222222,NA,49.0007222222222,NA,2015-06-01T17:51:04Z
TEL150531,14,NA,NA,NA,10.6,19.6312,10.6,NA,NA,-67.7847777777778,NA,49.0129166666667,NA,2015-06-01T18:35:20Z,NA
TEL150531,14,NA,NA,NA,10.1,18.7052,10.1,NA,NA,NA,-67.2851111111111,NA,49.1516666666667,NA,2015-06-01T20:27:06Z
TEL150531,15,NA,NA,NA,12,22.224,12,NA,NA,-67.1965833333333,NA,49.216,NA,2015-06-01T21:47:04Z,NA
TEL150531,15,NA,NA,NA,11.6,21.4832,11.6,NA,NA,NA,-66.8668611111111,NA,49.5073055555556,NA,2015-06-01T23:34:52Z
TEL150531,16,NA,NA,NA,11.2,20.7424,11.2,NA,NA,-66.2558333333333,NA,49.7071666666667,NA,2015-06-02T10:25:14Z,NA
TEL150531,16,NA,NA,NA,4.5,8.334,4.5,NA,NA,NA,-66.2343888888889,NA,49.5553888888889,NA,2015-06-02T11:15:50Z
TEL150531,17,NA,NA,NA,10.6,19.6312,10.6,NA,NA,-66.2230555555556,NA,49.5484444444444,NA,2015-06-02T12:24:29Z,NA
TEL150531,17,NA,NA,NA,6.1,11.2972,6.1,NA,NA,NA,-66.2143055555556,NA,49.4001944444444,NA,2015-06-02T13:13:20Z
TEL150531,18,NA,NA,NA,5.2,9.630400000000002,5.2,NA,NA,-66.1948888888889,NA,49.3846666666667,NA,2015-06-02T14:29:50Z,NA
TEL150531,18,NA,NA,NA,11.5,21.298000000000002,11.5,NA,NA,NA,-66.195,NA,49.3603055555556,NA,2015-06-02T14:41:25Z
TEL150531,19,NA,NA,NA,11.3,20.9276,11.3,NA,NA,-66.1721944444444,NA,49.3315555555556,NA,2015-06-02T15:57:46Z,NA
TEL150531,19,NA,NA,NA,8,14.816,8,NA,NA,NA,-66.1933333333333,NA,49.2455833333333,NA,2015-06-02T16:27:04Z
TEL150531,20,NA,NA,NA,12,22.224,12,NA,NA,-65.7731111111111,NA,49.3804166666667,NA,2015-06-02T18:54:20Z,NA
TEL150531,20,NA,NA,NA,11.6,21.4832,11.6,NA,NA,NA,-65.6759444444445,NA,49.4166388888889,NA,2015-06-02T19:16:42Z
TEL150531,22,NA,NA,NA,11.2,20.7424,11.2,NA,NA,-65.5175833333333,NA,49.4433611111111,NA,2015-06-02T19:51:17Z,NA
TEL150531,22,NA,NA,NA,4.7,8.704400000000001,4.7,NA,NA,NA,-65.4849722222222,NA,49.4803055555556,NA,2015-06-02T20:06:45Z
TEL150531,23,NA,NA,NA,11.7,21.6684,11.7,NA,NA,-65.3160555555556,NA,49.4321388888889,NA,2015-06-02T22:00:14Z,NA
TEL150531,23,NA,NA,NA,11.6,21.4832,11.6,NA,NA,NA,-64.8106666666667,NA,49.2229166666667,NA,2015-06-02T23:58:26Z
TEL150531,24,NA,NA,NA,11.3,20.9276,11.3,NA,NA,-64.4749722222222,NA,50.0330833333333,NA,2015-06-03T13:01:05Z,NA
TEL150531,24,NA,NA,NA,6.6,12.2232,6.6,NA,NA,NA,-64.0681944444444,NA,50.039,NA,2015-06-03T14:24:23Z
TEL150531,25,NA,NA,NA,11,20.372,11,NA,NA,-64.0464444444444,NA,50.0299444444444,NA,2015-06-03T14:56:37Z,NA
TEL150531,25,NA,NA,NA,10.4,19.260800000000003,10.4,NA,NA,NA,-63.9427777777778,NA,50.0132222222222,NA,2015-06-03T15:20:18Z
TEL150531,26,NA,NA,NA,10.4,19.260800000000003,10.4,NA,NA,-63.7986111111111,NA,49.9885,NA,2015-06-03T15:53:55Z,NA
TEL150531,26,NA,NA,NA,7,12.964,7,NA,NA,NA,-63.2369444444444,NA,49.8873611111111,NA,2015-06-03T18:02:16Z
TEL150531,27,NA,NA,NA,10.5,19.446,10.5,NA,NA,-63.1935277777778,NA,49.8805555555556,NA,2015-06-03T18:31:35Z,NA
TEL150531,27,NA,NA,NA,7.7,14.2604,7.7,NA,NA,NA,-62.9515,NA,49.8341111111111,NA,2015-06-03T19:26:00Z
TEL150531,28,NA,NA,NA,11,20.372,11,NA,NA,-62.922,NA,49.8303888888889,NA,2015-06-03T20:00:36Z,NA
TEL150531,28,NA,NA,NA,12,22.224,12,NA,NA,NA,-62.5203611111111,NA,49.7706666666667,NA,2015-06-03T21:24:20Z
TEL150531,29,NA,NA,NA,11.8,21.853600000000004,11.8,NA,NA,-62.3728055555556,NA,49.746,NA,2015-06-03T21:54:20Z,NA
TEL150531,29,NA,NA,NA,11.7,21.6684,11.7,NA,NA,NA,-62.0886388888889,NA,49.7081388888889,NA,2015-06-03T22:52:50Z
TEL150531,30,NA,NA,NA,11.6,21.4832,11.6,NA,NA,-62.0575,NA,49.7036944444444,NA,2015-06-03T22:59:15Z,NA
TEL150531,30,NA,NA,NA,12,22.224,12,NA,NA,NA,-61.9293888888889,NA,49.6855833333333,NA,2015-06-03T23:24:59Z
TEL150531,31,NA,NA,NA,11.1,20.5572,11.1,NA,NA,-59.883,NA,50.0803611111111,NA,2015-06-04T10:16:49Z,NA
TEL150531,31,NA,NA,NA,6.4,11.852800000000002,6.4,NA,NA,NA,-59.6979444444444,NA,49.9903888888889,NA,2015-06-04T11:05:22Z
TEL150531,33,NA,NA,NA,10.8,20.001600000000003,10.8,NA,NA,-59.4297222222222,NA,49.8461944444444,NA,2015-06-04T13:48:11Z,NA
TEL150531,33,NA,NA,NA,7.1,13.1492,7.1,NA,NA,NA,-59.3827777777778,NA,49.8194444444444,NA,2015-06-04T14:01:42Z
TEL150531,35,NA,NA,NA,10.5,19.446,10.5,NA,NA,-59.196,NA,49.7156666666667,NA,2015-06-04T16:45:42Z,NA
TEL150531,35,NA,NA,NA,7.9,14.6308,7.9,NA,NA,NA,-58.9676388888889,NA,49.5998055555556,NA,2015-06-04T17:45:50Z
TEL150531,36,NA,NA,NA,10.8,20.001600000000003,10.8,NA,NA,-58.9735555555556,NA,49.5955277777778,NA,2015-06-04T19:10:33Z,NA
TEL150531,36,NA,NA,NA,11.5,21.298000000000002,11.5,NA,NA,NA,-58.7279722222222,NA,49.47575,NA,2015-06-04T20:13:20Z
TEL150531,37,NA,NA,NA,11.6,21.4832,11.6,NA,NA,-58.4925555555556,NA,49.3840277777778,NA,2015-06-04T22:52:19Z,NA
TEL150531,37,NA,NA,NA,11.2,20.7424,11.2,NA,NA,NA,-58.4848888888889,NA,49.5621111111111,NA,2015-06-04T23:48:29Z
TEL150531,39,NA,NA,NA,12.1,22.409200000000002,12.1,NA,NA,-57.0058333333333,NA,51.2068888888889,NA,2015-06-05T12:21:51Z,NA
TEL150531,39,NA,NA,NA,9.1,16.8532,9.1,NA,NA,NA,-56.7560555555556,NA,51.3844444444444,NA,2015-06-05T13:33:15Z
TEL150531,40,NA,NA,NA,12.2,22.5944,12.2,NA,NA,-56.7259444444444,NA,51.4225,NA,2015-06-05T14:12:21Z,NA
TEL150531,40,NA,NA,NA,11.4,21.1128,11.4,NA,NA,NA,-56.6516111111111,NA,51.5338611111111,NA,2015-06-05T14:50:32Z
TEL150531,41,NA,NA,NA,10.1,18.7052,10.1,NA,NA,-56.6305,NA,51.5675555555556,NA,2015-06-05T16:50:00Z,NA
TEL150531,41,NA,NA,NA,3.9,7.2228,3.9,NA,NA,NA,-56.84575,NA,51.4505833333333,NA,2015-06-05T17:58:47Z
TEL150531,42,NA,NA,NA,9.4,17.408800000000003,9.4,NA,NA,-56.8918888888889,NA,51.4223333333333,NA,2015-06-05T18:34:59Z,NA
TEL150531,42,NA,NA,NA,9.5,17.594,9.5,NA,NA,NA,-57.0595,NA,51.3371388888889,NA,2015-06-05T19:26:50Z
TEL150531,43,NA,NA,NA,9.5,17.594,9.5,NA,NA,-57.071,NA,51.3338055555556,NA,2015-06-05T19:29:53Z,NA
TEL150531,43,NA,NA,NA,10.8,20.001600000000003,10.8,NA,NA,NA,-57.5300555555556,NA,51.2382222222222,NA,2015-06-05T21:15:37Z
TEL150531,44,NA,NA,NA,8.8,16.297600000000003,8.8,NA,NA,-59.3514166666667,NA,50.2844166666667,NA,2015-06-06T11:02:32Z,NA
TEL150531,44,NA,NA,NA,3.5,6.482,3.5,NA,NA,NA,-59.3765,NA,50.2038888888889,NA,2015-06-06T11:41:38Z
TEL150531,45,NA,NA,NA,7.6,14.0752,7.6,NA,NA,-59.3841944444444,NA,50.1778333333333,NA,2015-06-06T11:59:34Z,NA
TEL150531,45,NA,NA,NA,2.4,4.4448,2.4,NA,NA,NA,-59.3934166666667,NA,50.1504166666667,NA,2015-06-06T12:14:02Z
TEL150531,46,NA,NA,NA,9.1,16.8532,9.1,NA,NA,-59.3982777777778,NA,50.1303611111111,NA,2015-06-06T12:33:08Z,NA
TEL150531,46,NA,NA,NA,7.5,13.89,7.5,NA,NA,NA,-59.4281944444444,NA,50.0297222222222,NA,2015-06-06T13:17:30Z
TEL150531,47,NA,NA,NA,9.4,17.408800000000003,9.4,NA,NA,-59.59225,NA,49.5448611111111,NA,2015-06-06T16:34:32Z,NA
TEL150531,47,NA,NA,NA,5.3,9.8156,5.3,NA,NA,NA,-59.6830833333333,NA,49.2873611111111,NA,2015-06-06T18:10:10Z
TEL150531,48,NA,NA,NA,11.5,21.298000000000002,11.5,NA,NA,-59.0963888888889,NA,48.9869444444444,NA,2015-06-07T10:11:20Z,NA
TEL150531,48,NA,NA,NA,8.3,15.371600000000003,8.3,NA,NA,NA,-58.7964722222222,NA,49.0613888888889,NA,2015-06-07T11:19:48Z
TEL150531,49,NA,NA,NA,8.6,15.927200000000001,8.6,NA,NA,-58.0094722222222,NA,48.975,NA,2015-06-09T14:57:34Z,NA
TEL150531,49,NA,NA,NA,9,16.668,9,NA,NA,NA,-58.0801666666667,NA,48.9935,NA,2015-06-09T15:18:07Z
TEL150531,51,NA,NA,NA,10.6,19.6312,10.6,NA,NA,-58.2595,NA,49.0935277777778,NA,2015-06-09T16:23:12Z,NA
TEL150531,51,NA,NA,NA,11.2,20.7424,11.2,NA,NA,NA,-58.3408055555556,NA,49.1475277777778,NA,2015-06-09T16:47:10Z
TEL150531,52,NA,NA,NA,11.1,20.5572,11.1,NA,NA,-58.3548333333333,NA,49.15275,NA,2015-06-09T16:50:37Z,NA
TEL150531,52,NA,NA,NA,10.9,20.1868,10.9,NA,NA,NA,-58.3719166666667,NA,49.15825,NA,2015-06-09T16:54:54Z
TEL150531,53,NA,NA,NA,10.3,19.0756,10.3,NA,NA,-58.5428055555556,NA,49.1355277777778,NA,2015-06-09T17:35:12Z,NA
TEL150531,53,NA,NA,NA,10.4,19.260800000000003,10.4,NA,NA,NA,-58.5614444444444,NA,49.1329166666667,NA,2015-06-09T17:39:31Z
TEL150531,54,NA,NA,NA,10.3,19.0756,10.3,NA,NA,-61.5807222222222,NA,48.2077777777778,NA,2015-06-10T12:06:28Z,NA
TEL150531,54,NA,NA,NA,10.9,20.1868,10.9,NA,NA,NA,-61.3575277777778,NA,48.16175,NA,2015-06-10T13:01:31Z
TEL150531,55,NA,NA,NA,9.8,18.149600000000003,9.8,NA,NA,-60.4419722222222,NA,47.9793888888889,NA,2015-06-10T17:48:14Z,NA
TEL150531,55,NA,NA,NA,9.6,17.7792,9.6,NA,NA,NA,-60.2285,NA,47.9054444444444,NA,2015-06-10T18:49:44Z
TEL150531,56,NA,NA,NA,9.5,17.594,9.5,NA,NA,-59.7944166666667,NA,47.7499444444444,NA,2015-06-10T20:56:02Z,NA
TEL150531,56,NA,NA,NA,10,18.52,10,NA,NA,NA,-59.6749444444444,NA,47.7053055555556,NA,2015-06-10T21:30:45Z
TEL150531,57,NA,NA,NA,9.1,16.8532,9.1,NA,NA,-59.5066111111111,NA,47.6453611111111,NA,2015-06-10T22:19:56Z,NA
TEL150531,57,NA,NA,NA,4.5,8.334,4.5,NA,NA,NA,-59.3446111111111,NA,47.5832777777778,NA,2015-06-10T23:08:44Z
TEL150531,58,NA,NA,NA,10.9,20.1868,10.9,NA,NA,-60.5117777777778,NA,47.0846944444444,NA,2015-06-11T11:58:03Z,NA
TEL150531,58,NA,NA,NA,11.5,21.298000000000002,11.5,NA,NA,NA,-60.64725,NA,47.0828888888889,NA,2015-06-11T12:27:46Z
TEL150531,59,NA,NA,NA,11.2,20.7424,11.2,NA,NA,-60.6625,NA,47.0728888888889,NA,2015-06-11T12:32:33Z,NA
TEL150531,59,NA,NA,NA,9.9,18.3348,9.9,NA,NA,NA,-60.8273888888889,NA,46.9183888888889,NA,2015-06-11T13:37:00Z
TEL150531,60,NA,NA,NA,10.5,19.446,10.5,NA,NA,-60.8993611111111,NA,46.8797222222222,NA,2015-06-11T14:00:46Z,NA
TEL150531,60,NA,NA,NA,4.9,9.074800000000002,4.9,NA,NA,NA,-60.9993055555556,NA,46.7438611111111,NA,2015-06-11T14:54:37Z
TEL150531,61,NA,NA,NA,11,20.372,11,NA,NA,-61.1401666666667,NA,46.7921111111111,NA,2015-06-11T16:01:31Z,NA
TEL150531,61,NA,NA,NA,10.6,19.6312,10.6,NA,NA,NA,-61.2424722222222,NA,46.8292222222222,NA,2015-06-11T16:28:06Z
TEL150531,62,NA,NA,NA,10.4,19.260800000000003,10.4,NA,NA,-61.2630277777778,NA,46.8418611111111,NA,2015-06-11T17:18:37Z,NA
TEL150531,62,NA,NA,NA,9,16.668,9,NA,NA,NA,-61.496,NA,46.9156944444444,NA,2015-06-11T18:17:23Z
TEL150531,63,NA,NA,NA,10.4,19.260800000000003,10.4,NA,NA,-61.501,NA,46.9226388888889,NA,2015-06-11T18:47:34Z,NA
TEL150531,63,NA,NA,NA,8.2,15.186399999999999,8.2,NA,NA,NA,-61.7416944444444,NA,46.9958333333333,NA,2015-06-11T19:48:20Z
TEL150531,64,NA,NA,NA,9.2,17.0384,9.2,NA,NA,-61.7633055555556,NA,47.0029444444444,NA,2015-06-11T20:24:42Z,NA
TEL150531,64,NA,NA,NA,11.6,21.4832,11.6,NA,NA,NA,-62.0069444444444,NA,47.0840555555556,NA,2015-06-11T21:23:47Z
TEL150531,65,NA,NA,NA,11.7,21.6684,11.7,NA,NA,-62.1539166666667,NA,47.13425,NA,2015-06-11T21:58:36Z,NA
TEL150531,65,NA,NA,NA,8.6,15.927200000000001,8.6,NA,NA,NA,-62.2374444444444,NA,47.1635,NA,2015-06-11T22:19:04Z
TEL150531,66,NA,NA,NA,10.9,20.1868,10.9,NA,NA,-62.2735555555556,NA,47.1786388888889,NA,2015-06-11T22:57:54Z,NA
TEL150531,66,NA,NA,NA,11.5,21.298000000000002,11.5,NA,NA,NA,-62.4877777777778,NA,47.2465555555556,NA,2015-06-11T23:47:15Z
TEL150531,67,NA,NA,NA,10.7,19.816399999999998,10.7,NA,NA,-64.0888888888889,NA,47.7921944444444,NA,2015-06-12T11:36:26Z,NA
TEL150531,67,NA,NA,NA,7,12.964,7,NA,NA,NA,-64.2492222222222,NA,47.8328888888889,NA,2015-06-12T12:15:30Z
TEL150531,68,NA,NA,NA,11.1,20.5572,11.1,NA,NA,-64.2461388888889,NA,47.8465555555556,NA,2015-06-12T12:47:44Z,NA
TEL150531,68,NA,NA,NA,8.6,15.927200000000001,8.6,NA,NA,NA,-64.2386111111111,NA,48.1617777777778,NA,2015-06-12T14:30:12Z
TEL150531,69,NA,NA,NA,11.5,21.298000000000002,11.5,NA,NA,-64.7191388888889,NA,48.1993055555556,NA,2015-06-12T18:09:02Z,NA
TEL150531,69,NA,NA,NA,11.4,21.1128,11.4,NA,NA,NA,-64.7063333333333,NA,48.2633611111111,NA,2015-06-12T18:29:36Z
TEL150531,71,NA,NA,NA,11.3,20.9276,11.3,NA,NA,-64.6802777777778,NA,48.2008055555556,NA,2015-06-12T20:01:40Z,NA
TEL150531,71,NA,NA,NA,11.1,20.5572,11.1,NA,NA,NA,-64.674,NA,48.1864166666667,NA,2015-06-12T20:06:30Z
TEL150531,72,NA,NA,NA,11.2,20.7424,11.2,NA,NA,-64.7466388888889,NA,48.1364166666667,NA,2015-06-12T20:30:28Z,NA
TEL150531,72,NA,NA,NA,7.6,14.0752,7.6,NA,NA,NA,-64.9880555555556,NA,48.0523888888889,NA,2015-06-12T21:28:19Z
TEL150531,73,NA,NA,NA,10.8,20.001600000000003,10.8,NA,NA,-65.1223055555555,NA,47.9946111111111,NA,2015-06-12T22:07:49Z,NA
TEL150531,73,NA,NA,NA,7.1,13.1492,7.1,NA,NA,NA,-65.2248333333333,NA,47.9499444444444,NA,2015-06-12T22:35:20Z
TEL150531,74,NA,NA,NA,11.4,21.1128,11.4,NA,NA,-65.2735555555556,NA,47.9346666666667,NA,2015-06-12T23:22:16Z,NA
TEL150531,74,NA,NA,NA,11.1,20.5572,11.1,NA,NA,NA,-65.4346111111111,NA,47.9547222222222,NA,2015-06-12T23:57:18Z
TEL150531,75,NA,NA,NA,11.6,21.4832,11.6,NA,NA,-64.5125277777778,NA,48.1479444444444,NA,2015-06-13T10:26:48Z,NA
TEL150531,75,NA,NA,NA,11.1,20.5572,11.1,NA,NA,NA,-64.4045,NA,48.1471944444444,NA,2015-06-13T10:49:38Z
TEL150531,76,NA,NA,NA,11.1,20.5572,11.1,NA,NA,-64.3905,NA,48.1439444444444,NA,2015-06-13T10:52:53Z,NA
TEL150531,76,NA,NA,NA,10.7,19.816399999999998,10.7,NA,NA,NA,-64.27375,NA,48.1159444444444,NA,2015-06-13T11:20:04Z
TEL150531,77,NA,NA,NA,10.8,20.001600000000003,10.8,NA,NA,-64.2597222222222,NA,48.0912222222222,NA,2015-06-13T11:29:04Z,NA
TEL150531,77,NA,NA,NA,11,20.372,11,NA,NA,NA,-64.2543888888889,NA,47.9718333333333,NA,2015-06-13T12:08:30Z
TEL150531,79,NA,NA,NA,11.5,21.298000000000002,11.5,NA,NA,-64.6796111111111,NA,47.4356388888889,NA,2015-06-13T16:35:22Z,NA
TEL150531,79,NA,NA,NA,8.7,16.1124,8.7,NA,NA,NA,-64.7369722222222,NA,47.1773055555556,NA,2015-06-13T17:56:18Z
TEL150531,80,NA,NA,NA,11.5,21.298000000000002,11.5,NA,NA,-64.7351111111111,NA,47.1664166666667,NA,2015-06-13T18:42:25Z,NA
TEL150531,80,NA,NA,NA,10.5,19.446,10.5,NA,NA,NA,-64.7217777777778,NA,47.1621388888889,NA,2015-06-13T18:46:20Z
TEL150531,81,NA,NA,NA,11.5,21.298000000000002,11.5,NA,NA,-64.7188611111111,NA,47.1486666666667,NA,2015-06-13T18:50:36Z,NA
TEL150531,81,NA,NA,NA,8.7,16.1124,8.7,NA,NA,NA,-64.6781111111111,NA,46.8488333333333,NA,2015-06-13T20:24:24Z
TEL150531,82,NA,NA,NA,10.9,20.1868,10.9,NA,NA,-64.378,NA,46.8565833333333,NA,2015-06-13T23:04:23Z,NA
TEL150531,82,NA,NA,NA,11.4,21.1128,11.4,NA,NA,NA,-64.3094444444444,NA,47.0290277777778,NA,2015-06-14T00:02:24Z
TEL150531,83,NA,NA,NA,10.2,18.8904,10.2,NA,NA,-63.7264444444444,NA,46.8189166666667,NA,2015-06-14T15:37:49Z,NA
TEL150531,83,NA,NA,NA,11.3,20.9276,11.3,NA,NA,NA,-63.2691944444444,NA,46.5179166666667,NA,2015-06-14T18:03:57Z
TEL150531,84,NA,NA,NA,9.1,16.8532,9.1,NA,NA,-63.2487777777778,NA,46.5374722222222,NA,2015-06-14T18:52:34Z,NA
TEL150531,84,NA,NA,NA,8.6,15.927200000000001,8.6,NA,NA,NA,-63.2508055555556,NA,46.6160555555556,NA,2015-06-14T19:24:40Z
TEL150531,85,NA,NA,NA,9.5,17.594,9.5,NA,NA,-63.2569722222222,NA,46.7508611111111,NA,2015-06-14T20:17:30Z,NA
TEL150531,85,NA,NA,NA,9.6,17.7792,9.6,NA,NA,NA,-63.2448888888889,NA,46.8250555555556,NA,2015-06-14T20:46:18Z
TEL150531,86,NA,NA,NA,9.2,17.0384,9.2,NA,NA,-63.2461388888889,NA,46.9176944444444,NA,2015-06-14T21:53:59Z,NA
TEL150531,86,NA,NA,NA,6.9,12.778800000000002,6.9,NA,NA,NA,-63.2277777777778,NA,47.1485277777778,NA,2015-06-14T23:28:52Z
TEL150531,87,NA,NA,NA,9.2,17.0384,9.2,NA,NA,-63.2401111111111,NA,47.1988055555556,NA,2015-06-15T00:23:00Z,NA
TEL150531,87,NA,NA,NA,8.5,15.742,8.5,NA,NA,NA,-63.2413055555556,NA,47.3701111111111,NA,2015-06-15T01:28:30Z
TEL150531,88,NA,NA,NA,10.3,19.0756,10.3,NA,NA,-63.2228611111111,NA,47.516,NA,2015-06-15T03:03:26Z,NA
TEL150531,88,NA,NA,NA,10.6,19.6312,10.6,NA,NA,NA,-63.0279444444444,NA,47.6226944444444,NA,2015-06-15T04:01:17Z
TEL150531,89,NA,NA,NA,11.3,20.9276,11.3,NA,NA,-61.0835555555556,NA,48.0362777777778,NA,2015-06-15T15:22:03Z,NA
TEL150531,89,NA,NA,NA,10.8,20.001600000000003,10.8,NA,NA,NA,-60.8113888888889,NA,48.0166666666667,NA,2015-06-15T16:22:06Z
TEL150531,90,NA,NA,NA,10.8,20.001600000000003,10.8,NA,NA,-60.8060555555556,NA,48.0153888888889,NA,2015-06-15T16:23:20Z,NA
TEL150531,90,NA,NA,NA,11,20.372,11,NA,NA,NA,-60.6998888888889,NA,47.9904722222222,NA,2015-06-15T16:47:49Z
TEL150531,91,NA,NA,NA,11,20.372,11,NA,NA,-60.6952777777778,NA,47.9906111111111,NA,2015-06-15T16:48:49Z,NA
TEL150531,91,NA,NA,NA,8,14.816,8,NA,NA,NA,-60.5228333333333,NA,47.9961388888889,NA,2015-06-15T17:26:27Z
TEL150531,92,NA,NA,NA,11,20.372,11,NA,NA,-60.5330555555556,NA,47.9753055555556,NA,2015-06-15T23:35:28Z,NA
TEL150531,92,NA,NA,NA,11.1,20.5572,11.1,NA,NA,NA,-60.645,NA,47.8923888888889,NA,2015-06-16T00:11:11Z
TEL150531,93,NA,NA,NA,11.1,20.5572,11.1,NA,NA,-60.6485277777778,NA,47.8908333333333,NA,2015-06-16T00:12:05Z,NA
TEL150531,93,NA,NA,NA,7.2,13.3344,7.2,NA,NA,NA,-60.7710555555556,NA,47.8423333333333,NA,2015-06-16T00:43:16Z
TEL150531,94,NA,NA,NA,11.2,20.7424,11.2,NA,NA,-60.9663888888889,NA,47.6850833333333,NA,2015-06-16T02:34:06Z,NA
TEL150531,94,NA,NA,NA,5.6,10.3712,5.6,NA,NA,NA,-61.1836944444444,NA,47.5645277777778,NA,2015-06-16T03:36:07Z
TEL150531,95,NA,NA,NA,10.4,19.260800000000003,10.4,NA,NA,-61.2426388888889,NA,46.956,NA,2015-06-16T11:04:19Z,NA
TEL150531,95,NA,NA,NA,9.8,18.149600000000003,9.8,NA,NA,NA,-61.2656944444444,NA,46.8495555555556,NA,2015-06-16T11:42:29Z
TEL150531,97,NA,NA,NA,10.5,19.446,10.5,NA,NA,-61.2622777777778,NA,46.4881388888889,NA,2015-06-16T14:48:30Z,NA
TEL150531,97,NA,NA,NA,10,18.52,10,NA,NA,NA,-61.28575,NA,46.4581666666667,NA,2015-06-16T15:00:32Z
TEL150531,98,NA,NA,NA,10,18.52,10,NA,NA,-61.3004722222222,NA,46.4495,NA,2015-06-16T15:05:18Z,NA
TEL150531,98,NA,NA,NA,10.2,18.8904,10.2,NA,NA,NA,-61.3717777777778,NA,46.4080555555556,NA,2015-06-16T15:27:47Z
TEL150531,99,NA,NA,NA,9.8,18.149600000000003,9.8,NA,NA,-61.5264722222222,NA,46.3118333333333,NA,2015-06-16T16:19:24Z,NA
TEL150531,99,NA,NA,NA,10.3,19.0756,10.3,NA,NA,NA,-61.7406111111111,NA,46.1709444444444,NA,2015-06-16T17:31:57Z
TEL150531,100,NA,NA,NA,10.6,19.6312,10.6,NA,NA,-61.7469444444444,NA,45.8737222222222,NA,2015-06-16T19:53:21Z,NA
TEL150531,100,NA,NA,NA,6.5,12.038,6.5,NA,NA,NA,-61.759,NA,45.8393333333333,NA,2015-06-16T20:05:52Z
TEL150531,101,NA,NA,NA,11.1,20.5572,11.1,NA,NA,-61.8020277777778,NA,45.8694166666667,NA,2015-06-16T20:55:35Z,NA
TEL150531,101,NA,NA,NA,6.8,12.5936,6.8,NA,NA,NA,-61.9187777777778,NA,45.9374722222222,NA,2015-06-16T21:31:00Z
TEL150531,102,NA,NA,NA,11.2,20.7424,11.2,NA,NA,-62.1750555555556,NA,45.8595555555556,NA,2015-06-16T22:34:48Z,NA
TEL150531,102,NA,NA,NA,11.1,20.5572,11.1,NA,NA,NA,-62.2323333333333,NA,45.8403888888889,NA,2015-06-16T22:49:00Z
TEL150531,104,NA,NA,NA,9.4,17.408800000000003,9.4,NA,NA,-62.0380833333333,NA,47.1478888888889,NA,2015-06-17T11:51:49Z,NA
TEL150531,104,NA,NA,NA,8.9,16.4828,8.9,NA,NA,NA,-62.2327777777778,NA,47.1576944444444,NA,2015-06-17T12:41:53Z
TEL150531,105,NA,NA,NA,11.2,20.7424,11.2,NA,NA,-62.2364444444444,NA,47.1280555555556,NA,2015-06-17T13:26:09Z,NA
TEL150531,105,NA,NA,NA,8.4,15.5568,8.4,NA,NA,NA,-62.2369166666667,NA,46.8203611111111,NA,2015-06-17T15:03:08Z
TEL150531,106,NA,NA,NA,10.9,20.1868,10.9,NA,NA,-62.252,NA,46.6803888888889,NA,2015-06-17T16:23:32Z,NA
TEL150531,106,NA,NA,NA,7,12.964,7,NA,NA,NA,-62.2446388888889,NA,46.5742777777778,NA,2015-06-17T16:58:06Z
TEL150531,107,NA,NA,NA,10.7,19.816399999999998,10.7,NA,NA,-62.2820555555556,NA,46.5633333333333,NA,2015-06-17T17:46:57Z,NA
TEL150531,107,NA,NA,NA,9.2,17.0384,9.2,NA,NA,NA,-62.72625,NA,46.5033888888889,NA,2015-06-17T19:33:22Z
TEL150531,108,NA,NA,NA,10,18.52,10,NA,NA,-62.7549166666667,NA,46.5484444444444,NA,2015-06-17T20:20:03Z,NA
TEL150531,108,NA,NA,NA,10.2,18.8904,10.2,NA,NA,NA,-62.7505555555556,NA,46.7548333333333,NA,2015-06-17T21:30:13Z
TEL150531,109,NA,NA,NA,11.1,20.5572,11.1,NA,NA,-62.7570833333333,NA,46.8951666666667,NA,2015-06-17T22:55:22Z,NA
TEL150531,109,NA,NA,NA,11.2,20.7424,11.2,NA,NA,NA,-62.7565,NA,47.0593611111111,NA,2015-06-17T23:48:59Z
TEL150531,110,NA,NA,NA,10.3,19.0756,10.3,NA,NA,-61.5443888888889,NA,47.6878611111111,NA,2015-06-18T10:57:00Z,NA
TEL150531,110,NA,NA,NA,11.4,21.1128,11.4,NA,NA,NA,-61.31725,NA,47.6997222222222,NA,2015-06-18T11:47:14Z
TEL150531,111,NA,NA,NA,10.9,20.1868,10.9,NA,NA,-61.31225,NA,47.7081944444444,NA,2015-06-18T11:50:13Z,NA
TEL150531,111,NA,NA,NA,10.6,19.6312,10.6,NA,NA,NA,-61.2568055555556,NA,47.82175,NA,2015-06-18T12:29:27Z
TEL150531,112,NA,NA,NA,10.8,20.001600000000003,10.8,NA,NA,-61.2555833333333,NA,47.8703055555556,NA,2015-06-18T13:25:38Z,NA
TEL150531,112,NA,NA,NA,7.8,14.4456,7.8,NA,NA,NA,-61.2738055555556,NA,48.1715833333333,NA,2015-06-18T15:03:37Z
TEL150531,113,NA,NA,NA,11.1,20.5572,11.1,NA,NA,-61.4219166666667,NA,48.1747222222222,NA,2015-06-18T16:29:45Z,NA
TEL150531,113,NA,NA,NA,7,12.964,7,NA,NA,NA,-61.7527777777778,NA,48.1655833333333,NA,2015-06-18T17:49:31Z
TEL150531,114,NA,NA,NA,11.2,20.7424,11.2,NA,NA,-61.7771666666667,NA,48.1936944444444,NA,2015-06-18T18:41:06Z,NA
TEL150531,114,NA,NA,NA,10.6,19.6312,10.6,NA,NA,NA,-62.2434444444444,NA,48.4430555555556,NA,2015-06-18T20:56:08Z
TEL150531,115,NA,NA,NA,10.8,20.001600000000003,10.8,NA,NA,-62.2376111111111,NA,48.3503333333333,NA,2015-06-18T22:32:32Z,NA
TEL150531,115,NA,NA,NA,7.6,14.0752,7.6,NA,NA,NA,-62.267,NA,48.1790277777778,NA,2015-06-18T23:31:13Z
TEL150531,116,NA,NA,NA,10,18.52,10,NA,NA,-63.9014444444444,NA,47.8058611111111,NA,2015-06-19T11:45:37Z,NA
TEL150531,116,NA,NA,NA,9.8,18.149600000000003,9.8,NA,NA,NA,-63.9793888888889,NA,47.7970833333333,NA,2015-06-19T12:04:53Z
TEL150531,117,NA,NA,NA,10.8,20.001600000000003,10.8,NA,NA,-64.0026388888889,NA,47.8170555555556,NA,2015-06-19T13:04:25Z,NA
TEL150531,117,NA,NA,NA,8.3,15.371600000000003,8.3,NA,NA,NA,-63.7732777777778,NA,48.1579722222222,NA,2015-06-19T15:13:11Z
TEL150531,118,NA,NA,NA,11.3,20.9276,11.3,NA,NA,-63.9155833333333,NA,48.23825,NA,2015-06-19T16:36:23Z,NA
TEL150531,118,NA,NA,NA,8.9,16.4828,8.9,NA,NA,NA,-64.0888888888889,NA,48.3153888888889,NA,2015-06-19T17:22:13Z
TEL150531,119,NA,NA,NA,10.2,18.8904,10.2,NA,NA,-64.0772777777778,NA,48.3269166666667,NA,2015-06-19T18:20:48Z,NA
TEL150531,119,NA,NA,NA,6.6,12.2232,6.6,NA,NA,NA,-63.7410833333333,NA,48.5053888888889,NA,2015-06-19T20:09:35Z
TEL150531,120,NA,NA,NA,9.9,18.3348,9.9,NA,NA,-63.7414722222222,NA,48.59125,NA,2015-06-19T22:34:46Z,NA
TEL150531,120,NA,NA,NA,10.7,19.816399999999998,10.7,NA,NA,NA,-63.7361666666667,NA,48.7189722222222,NA,2015-06-19T23:19:12Z
TEL150531,121,NA,NA,NA,10.5,19.446,10.5,NA,NA,-63.7354166666667,NA,48.7668611111111,NA,2015-06-19T23:35:32Z,NA
TEL150531,121,NA,NA,NA,7.3,13.5196,7.3,NA,NA,NA,-63.7331111111111,NA,48.8372222222222,NA,2015-06-20T00:00:16Z
TEL150531,122,NA,NA,NA,5,9.26,5,NA,NA,-64.5606111111111,NA,48.3025555555555,NA,2015-06-20T09:51:05Z,NA
TEL150531,122,NA,NA,NA,5.4,10.000800000000002,5.4,NA,NA,NA,-64.6079166666667,NA,48.29925,NA,2015-06-20T10:13:50Z
TEL150802,2,NA,NA,NA,10.7,19.816399999999998,10.7,NA,NA,-63.1476666666667,NA,48.4328611111111,NA,2015-08-02T14:00:09Z,NA
TEL150802,2,NA,NA,NA,8.2,15.186399999999999,8.2,NA,NA,NA,-62.9838888888889,NA,48.4863055555556,NA,2015-08-02T14:40:37Z
TEL150802,3,NA,NA,NA,10.7,19.816399999999998,10.7,NA,NA,-62.8694166666667,NA,48.4855,NA,2015-08-02T16:45:46Z,NA
TEL150802,3,NA,NA,NA,7.4,13.7048,7.4,NA,NA,NA,-62.2546944444444,NA,48.6788888888889,NA,2015-08-02T19:25:48Z
TEL150802,4,NA,NA,NA,10.5,19.446,10.5,NA,NA,-62.27675,NA,48.6709444444444,NA,2015-08-02T20:58:38Z,NA
TEL150802,4,NA,NA,NA,11,20.372,11,NA,NA,NA,-62.0243333333333,NA,48.6866388888889,NA,2015-08-02T21:55:13Z
TEL150802,5,NA,NA,NA,11.4,21.1128,11.4,NA,NA,-61.8450277777778,NA,48.6929444444444,NA,2015-08-02T22:33:28Z,NA
TEL150802,5,NA,NA,NA,11.6,21.4832,11.6,NA,NA,NA,-61.3555277777778,NA,48.70175,NA,2015-08-03T00:15:18Z
TEL150802,6,NA,NA,NA,10.8,20.001600000000003,10.8,NA,NA,-60.36625,NA,49.2370277777778,NA,2015-08-03T10:11:09Z,NA
TEL150802,6,NA,NA,NA,7.3,13.5196,7.3,NA,NA,NA,-60.3085277777778,NA,49.3169166666667,NA,2015-08-03T10:41:33Z
TEL150802,7,NA,NA,NA,10.7,19.816399999999998,10.7,NA,NA,-60.3011388888889,NA,49.3020833333333,NA,2015-08-03T11:37:14Z,NA
TEL150802,7,NA,NA,NA,9.5,17.594,9.5,NA,NA,NA,-60.011,NA,49.5081666666667,NA,2015-08-03T13:11:15Z
TEL150802,8,NA,NA,NA,10.1,18.7052,10.1,NA,NA,-60.0419166666667,NA,49.5203333333333,NA,2015-08-03T14:12:58Z,NA
TEL150802,8,NA,NA,NA,8.5,15.742,8.5,NA,NA,NA,-60.1241388888889,NA,49.5496388888889,NA,2015-08-03T14:33:58Z
TEL150802,9,NA,NA,NA,10.8,20.001600000000003,10.8,NA,NA,-60.1976388888889,NA,49.5573055555556,NA,2015-08-03T17:17:21Z,NA
TEL150802,9,NA,NA,NA,10.3,19.0756,10.3,NA,NA,NA,-60.4212777777778,NA,49.6898333333333,NA,2015-08-03T18:23:07Z
TEL150802,11,NA,NA,NA,9.1,16.8532,9.1,NA,NA,-60.4307222222222,NA,49.9083611111111,NA,2015-08-03T22:40:02Z,NA
TEL150802,11,NA,NA,NA,7.3,13.5196,7.3,NA,NA,NA,-60.4108611111111,NA,49.9117222222222,NA,2015-08-03T22:45:34Z
TEL150802,12,NA,NA,NA,10.8,20.001600000000003,10.8,NA,NA,-60.4006388888889,NA,49.9048611111111,NA,2015-08-03T23:25:18Z,NA
TEL150802,12,NA,NA,NA,8.7,16.1124,8.7,NA,NA,NA,-60.338,NA,50.0354444444444,NA,2015-08-04T00:10:29Z
TEL150802,13,NA,NA,NA,11,20.372,11,NA,NA,-59.4145555555556,NA,49.995,NA,2015-08-04T11:53:17Z,NA
TEL150802,13,NA,NA,NA,8.6,15.927200000000001,8.6,NA,NA,NA,-59.3498611111111,NA,50.3342222222222,NA,2015-08-04T13:42:10Z
TEL150802,14,NA,NA,NA,10.9,20.1868,10.9,NA,NA,-59.3035,NA,50.342,NA,2015-08-04T14:39:58Z,NA
TEL150802,14,NA,NA,NA,11.4,21.1128,11.4,NA,NA,NA,-59.0721388888889,NA,50.2458611111111,NA,2015-08-04T15:36:03Z
TEL150802,15,NA,NA,NA,11.3,20.9276,11.3,NA,NA,-58.8796944444444,NA,50.1688888888889,NA,2015-08-04T16:22:48Z,NA
TEL150802,15,NA,NA,NA,7.9,14.6308,7.9,NA,NA,NA,-58.6805277777778,NA,50.0954722222222,NA,2015-08-04T17:12:01Z
TEL150802,16,NA,NA,NA,10.9,20.1868,10.9,NA,NA,-58.6727222222222,NA,50.1116666666667,NA,2015-08-04T18:52:53Z,NA
TEL150802,16,NA,NA,NA,10.8,20.001600000000003,10.8,NA,NA,NA,-58.6508611111111,NA,50.1480277777778,NA,2015-08-04T19:05:50Z
TEL150802,17,NA,NA,NA,11.1,20.5572,11.1,NA,NA,-58.6300277777778,NA,50.1589444444444,NA,2015-08-04T19:11:30Z,NA
TEL150802,17,NA,NA,NA,10.7,19.816399999999998,10.7,NA,NA,NA,-58.5566111111111,NA,50.1997222222222,NA,2015-08-04T19:32:07Z
TEL150802,18,NA,NA,NA,10.4,19.260800000000003,10.4,NA,NA,-58.4276111111111,NA,50.2026388888889,NA,2015-08-04T22:08:12Z,NA
TEL150802,18,NA,NA,NA,7.6,14.0752,7.6,NA,NA,NA,-58.2225277777778,NA,50.2028333333333,NA,2015-08-04T22:54:19Z
TEL150802,19,NA,NA,NA,11.6,21.4832,11.6,NA,NA,-57.4412222222222,NA,51.0225277777778,NA,2015-08-05T17:08:31Z,NA
TEL150802,19,NA,NA,NA,7.6,14.0752,7.6,NA,NA,NA,-57.3381666666667,NA,51.0664166666667,NA,2015-08-05T17:35:24Z
TEL150802,20,NA,NA,NA,9.7,17.9644,9.7,NA,NA,-55.6498888888889,NA,51.7126111111111,NA,2015-08-06T16:13:26Z,NA
TEL150802,20,NA,NA,NA,10.2,18.8904,10.2,NA,NA,NA,-55.7255277777778,NA,51.7432222222222,NA,2015-08-06T16:33:44Z
TEL150802,21,NA,NA,NA,9.3,17.2236,9.3,NA,NA,-56.0277222222222,NA,51.6387222222222,NA,2015-08-06T19:59:58Z,NA
TEL150802,21,NA,NA,NA,8.3,15.371600000000003,8.3,NA,NA,NA,-56.0873611111111,NA,51.6160555555556,NA,2015-08-06T20:18:35Z
TEL150802,22,NA,NA,NA,9.4,17.408800000000003,9.4,NA,NA,-56.1211388888889,NA,51.5920833333333,NA,2015-08-06T20:56:06Z,NA
TEL150802,22,NA,NA,NA,9.6,17.7792,9.6,NA,NA,NA,-56.1423611111111,NA,51.5805,NA,2015-08-06T21:02:41Z
TEL150802,24,NA,NA,NA,10.6,19.6312,10.6,NA,NA,-57.5843611111111,NA,50.7302222222222,NA,2015-08-07T12:05:18Z,NA
TEL150802,24,NA,NA,NA,7.8,14.4456,7.8,NA,NA,NA,-57.5181388888889,NA,50.5485833333333,NA,2015-08-07T13:08:49Z
TEL150802,25,NA,NA,NA,10.7,19.816399999999998,10.7,NA,NA,-57.5426944444444,NA,50.4771944444444,NA,2015-08-07T14:52:42Z,NA
TEL150802,25,NA,NA,NA,10.2,18.8904,10.2,NA,NA,NA,-57.6370277777778,NA,50.3667222222222,NA,2015-08-07T15:35:44Z
TEL150802,26,NA,NA,NA,10.4,19.260800000000003,10.4,NA,NA,-57.6536111111111,NA,50.3501388888889,NA,2015-08-07T17:22:01Z,NA
TEL150802,26,NA,NA,NA,10.3,19.0756,10.3,NA,NA,NA,-57.8870833333333,NA,50.3276944444444,NA,2015-08-07T18:15:14Z
TEL150802,27,NA,NA,NA,10.9,20.1868,10.9,NA,NA,-57.9725,NA,50.2938333333333,NA,2015-08-07T20:26:29Z,NA
TEL150802,27,NA,NA,NA,6.3,11.6676,6.3,NA,NA,NA,-58.03225,NA,50.2347222222222,NA,2015-08-07T20:51:16Z
TEL150802,28,NA,NA,NA,10.6,19.6312,10.6,NA,NA,-58.4649166666667,NA,49.9897222222222,NA,2015-08-08T11:15:32Z,NA
TEL150802,28,NA,NA,NA,6.8,12.5936,6.8,NA,NA,NA,-58.4945,NA,49.9777777777778,NA,2015-08-08T11:23:54Z
TEL150802,29,NA,NA,NA,10.9,20.1868,10.9,NA,NA,-58.4518055555556,NA,49.9778333333333,NA,2015-08-08T12:11:23Z,NA
TEL150802,29,NA,NA,NA,10.7,19.816399999999998,10.7,NA,NA,NA,-58.5554166666667,NA,49.8460555555556,NA,2015-08-08T13:00:49Z
TEL150802,30,NA,NA,NA,10.9,20.1868,10.9,NA,NA,-58.5140555555556,NA,49.7886111111111,NA,2015-08-08T14:57:44Z,NA
TEL150802,30,NA,NA,NA,10.8,20.001600000000003,10.8,NA,NA,NA,-58.441,NA,49.7336111111111,NA,2015-08-08T15:22:02Z
TEL150802,31,NA,NA,NA,11.4,21.1128,11.4,NA,NA,-58.4478333333333,NA,49.6846388888889,NA,2015-08-08T16:53:09Z,NA
TEL150802,31,NA,NA,NA,8.9,16.4828,8.9,NA,NA,NA,-58.5238888888889,NA,49.7431666666667,NA,2015-08-08T17:18:17Z
TEL150802,32,NA,NA,NA,10.3,19.0756,10.3,NA,NA,-58.6145277777778,NA,49.6948055555556,NA,2015-08-08T19:18:15Z,NA
TEL150802,32,NA,NA,NA,10.5,19.446,10.5,NA,NA,NA,-58.6641388888889,NA,49.6741111111111,NA,2015-08-08T19:30:57Z
TEL150802,33,NA,NA,NA,10.5,19.446,10.5,NA,NA,-58.6681944444444,NA,49.6708888888889,NA,2015-08-08T19:32:22Z,NA
TEL150802,33,NA,NA,NA,7,12.964,7,NA,NA,NA,-58.6850277777778,NA,49.6579166666667,NA,2015-08-08T19:38:55Z
TEL150802,34,NA,NA,NA,11,20.372,11,NA,NA,-58.7502777777778,NA,49.6923055555555,NA,2015-08-08T20:41:47Z,NA
TEL150802,34,NA,NA,NA,9,16.668,9,NA,NA,NA,-59.0543055555556,NA,49.8038888888889,NA,2015-08-08T21:55:19Z
TEL150802,35,NA,NA,NA,9.6,17.7792,9.6,NA,NA,-59.8416388888889,NA,49.29525,NA,2015-08-09T11:20:50Z,NA
TEL150802,35,NA,NA,NA,10.5,19.446,10.5,NA,NA,NA,-59.6364444444444,NA,49.1306111111111,NA,2015-08-09T12:32:21Z
TEL150802,36,NA,NA,NA,10.5,19.446,10.5,NA,NA,-59.5891666666667,NA,49.1000833333333,NA,2015-08-09T14:22:12Z,NA
TEL150802,36,NA,NA,NA,8.6,15.927200000000001,8.6,NA,NA,NA,-59.3174166666667,NA,49.1794444444444,NA,2015-08-09T15:28:31Z
TEL150802,37,NA,NA,NA,11,20.372,11,NA,NA,-59.2229166666667,NA,49.2173611111111,NA,2015-08-09T16:11:42Z,NA
TEL150802,37,NA,NA,NA,8.9,16.4828,8.9,NA,NA,NA,-59.1945277777778,NA,49.2175,NA,2015-08-09T16:18:52Z
TEL150802,38,NA,NA,NA,10.7,19.816399999999998,10.7,NA,NA,-59.1414444444444,NA,49.2566944444444,NA,2015-08-09T16:49:01Z,NA
TEL150802,38,NA,NA,NA,8.3,15.371600000000003,8.3,NA,NA,NA,-58.8660555555556,NA,49.3104166666667,NA,2015-08-09T17:52:07Z
TEL150802,39,NA,NA,NA,11,20.372,11,NA,NA,-58.7972777777778,NA,49.3419722222222,NA,2015-08-09T18:50:39Z,NA
TEL150802,39,NA,NA,NA,8,14.816,8,NA,NA,NA,-58.6426111111111,NA,49.3854166666667,NA,2015-08-09T19:28:46Z
TEL150802,40,NA,NA,NA,11,20.372,11,NA,NA,-58.6384722222222,NA,49.3781388888889,NA,2015-08-09T20:46:57Z,NA
TEL150802,40,NA,NA,NA,7.6,14.0752,7.6,NA,NA,NA,-58.56325,NA,49.3280277777778,NA,2015-08-09T21:10:29Z
TEL150802,42,NA,NA,NA,7.7,14.2604,7.7,NA,NA,-59.3715,NA,48.8163888888889,NA,2015-08-10T10:18:26Z,NA
TEL150802,42,NA,NA,NA,9.2,17.0384,9.2,NA,NA,NA,-59.5585277777778,NA,48.7278888888889,NA,2015-08-10T11:10:23Z
TEL150802,43,NA,NA,NA,11.2,20.7424,11.2,NA,NA,-59.5107222222222,NA,48.8500277777778,NA,2015-08-10T14:08:39Z,NA
TEL150802,43,NA,NA,NA,11.6,21.4832,11.6,NA,NA,NA,-59.5918055555556,NA,48.8075277777778,NA,2015-08-10T14:30:26Z
TEL150802,44,NA,NA,NA,9.7,17.9644,9.7,NA,NA,-59.6554166666667,NA,48.8078333333333,NA,2015-08-10T17:24:19Z,NA
TEL150802,44,NA,NA,NA,10.2,18.8904,10.2,NA,NA,NA,-59.74,NA,48.9803611111111,NA,2015-08-10T18:28:06Z
TEL150802,45,NA,NA,NA,11.1,20.5572,11.1,NA,NA,-59.8024166666667,NA,49.0286944444444,NA,2015-08-10T20:27:59Z,NA
TEL150802,45,NA,NA,NA,7.7,14.2604,7.7,NA,NA,NA,-59.8589444444444,NA,48.9948055555556,NA,2015-08-10T20:45:44Z
TEL150802,46,NA,NA,NA,10.5,19.446,10.5,NA,NA,-59.8819166666667,NA,48.9810833333333,NA,2015-08-10T22:17:00Z,NA
TEL150802,46,NA,NA,NA,6.8,12.5936,6.8,NA,NA,NA,-60.0516944444444,NA,48.8770555555556,NA,2015-08-10T23:09:58Z
TEL150802,47,NA,NA,NA,11.2,20.7424,11.2,NA,NA,-59.9055833333333,NA,48.5051111111111,NA,2015-08-11T10:12:22Z,NA
TEL150802,47,NA,NA,NA,8.6,15.927200000000001,8.6,NA,NA,NA,-59.8325833333333,NA,48.4603611111111,NA,2015-08-11T10:34:01Z
TEL150802,48,NA,NA,NA,11.3,20.9276,11.3,NA,NA,-59.7771666666667,NA,48.4028333333333,NA,2015-08-11T12:26:15Z,NA
TEL150802,48,NA,NA,NA,7.9,14.6308,7.9,NA,NA,NA,-59.6117222222222,NA,48.4026944444444,NA,2015-08-11T13:01:38Z
TEL150802,50,NA,NA,NA,10.9,20.1868,10.9,NA,NA,-59.4714166666667,NA,48.5021944444444,NA,2015-08-11T14:22:29Z,NA
TEL150802,50,NA,NA,NA,7.7,14.2604,7.7,NA,NA,NA,-59.40375,NA,48.5228888888889,NA,2015-08-11T14:41:41Z
TEL150802,51,NA,NA,NA,9.5,17.594,9.5,NA,NA,-59.3592777777778,NA,48.4804166666667,NA,2015-08-11T16:09:35Z,NA
TEL150802,51,NA,NA,NA,11.2,20.7424,11.2,NA,NA,NA,-59.321,NA,48.4342222222222,NA,2015-08-11T16:27:53Z
TEL150802,52,NA,NA,NA,11.2,20.7424,11.2,NA,NA,-59.304,NA,48.4230833333333,NA,2015-08-11T16:32:58Z,NA
TEL150802,52,NA,NA,NA,11.4,21.1128,11.4,NA,NA,NA,-59.2651111111111,NA,48.40075,NA,2015-08-11T16:43:57Z
TEL150802,54,NA,NA,NA,10.5,19.446,10.5,NA,NA,-59.6143611111111,NA,48.3267777777778,NA,2015-08-11T20:01:49Z,NA
TEL150802,54,NA,NA,NA,9.6,17.7792,9.6,NA,NA,NA,-59.6393611111111,NA,48.3085277777778,NA,2015-08-11T20:10:36Z
TEL150802,55,NA,NA,NA,10.3,19.0756,10.3,NA,NA,-59.6396111111111,NA,48.2576944444444,NA,2015-08-11T21:20:14Z,NA
TEL150802,55,NA,NA,NA,7.9,14.6308,7.9,NA,NA,NA,-59.6387222222222,NA,48.2321944444444,NA,2015-08-11T21:29:24Z
TEL150802,56,NA,NA,NA,11.1,20.5572,11.1,NA,NA,-59.5236666666667,NA,48.2232777777778,NA,2015-08-11T22:28:36Z,NA
TEL150802,56,NA,NA,NA,10.7,19.816399999999998,10.7,NA,NA,NA,-59.3325277777778,NA,48.1876944444444,NA,2015-08-11T23:12:40Z
TEL150802,57,NA,NA,NA,9.5,17.594,9.5,NA,NA,-59.8011111111111,NA,47.9144722222222,NA,2015-08-12T10:27:35Z,NA
TEL150802,57,NA,NA,NA,9.7,17.9644,9.7,NA,NA,NA,-59.6739722222222,NA,47.8515,NA,2015-08-12T11:07:18Z
TEL150802,58,NA,NA,NA,9.5,17.594,9.5,NA,NA,-59.6720277777778,NA,47.8493055555556,NA,2015-08-12T11:08:14Z,NA
TEL150802,58,NA,NA,NA,5.7,10.5564,5.7,NA,NA,NA,-59.6108055555556,NA,47.7848611111111,NA,2015-08-12T11:37:26Z
TEL150802,59,NA,NA,NA,9.7,17.9644,9.7,NA,NA,-59.6202777777778,NA,47.81875,NA,2015-08-12T13:07:51Z,NA
TEL150802,59,NA,NA,NA,6.1,11.2972,6.1,NA,NA,NA,-59.4845277777778,NA,47.6593611111111,NA,2015-08-12T14:19:08Z
TEL150802,60,NA,NA,NA,10.3,19.0756,10.3,NA,NA,-59.3568333333333,NA,47.5741944444444,NA,2015-08-12T17:07:40Z,NA
TEL150802,60,NA,NA,NA,8.6,15.927200000000001,8.6,NA,NA,NA,-59.5462222222222,NA,47.4391111111111,NA,2015-08-12T18:14:53Z
TEL150802,61,NA,NA,NA,10.2,18.8904,10.2,NA,NA,-59.5719722222222,NA,47.425,NA,2015-08-12T19:34:25Z,NA
TEL150802,61,NA,NA,NA,10.4,19.260800000000003,10.4,NA,NA,NA,-59.6530833333333,NA,47.3657222222222,NA,2015-08-12T20:02:16Z
TEL150802,62,NA,NA,NA,10,18.52,10,NA,NA,-60.1608611111111,NA,47.6570555555556,NA,2015-08-13T10:35:16Z,NA
TEL150802,62,NA,NA,NA,10.4,19.260800000000003,10.4,NA,NA,NA,-59.8743055555556,NA,47.6691111111111,NA,2015-08-13T11:43:31Z
TEL150802,63,NA,NA,NA,11,20.372,11,NA,NA,-59.9175277777778,NA,47.6985277777778,NA,2015-08-13T13:12:28Z,NA
TEL150802,63,NA,NA,NA,5.5,10.186,5.5,NA,NA,NA,-59.9235833333333,NA,47.7022777777778,NA,2015-08-13T13:14:58Z
TEL150802,64,NA,NA,NA,10.8,20.001600000000003,10.8,NA,NA,-59.9348333333333,NA,47.7101111111111,NA,2015-08-13T13:25:41Z,NA
TEL150802,64,NA,NA,NA,11,20.372,11,NA,NA,NA,-60.0290555555556,NA,47.7428611111111,NA,2015-08-13T13:48:55Z
TEL150802,65,NA,NA,NA,11.1,20.5572,11.1,NA,NA,-60.1860833333333,NA,47.8791388888889,NA,2015-08-13T16:07:41Z,NA
TEL150802,65,NA,NA,NA,8,14.816,8,NA,NA,NA,-60.1918888888889,NA,47.9426666666667,NA,2015-08-13T16:28:27Z
TEL150802,66,NA,NA,NA,10.8,20.001600000000003,10.8,NA,NA,-60.1738611111111,NA,47.9738333333333,NA,2015-08-13T17:52:55Z,NA
TEL150802,66,NA,NA,NA,10.6,19.6312,10.6,NA,NA,NA,-60.0099444444444,NA,48.0733611111111,NA,2015-08-13T18:42:32Z
TEL150802,68,NA,NA,NA,16,29.632,16,NA,NA,-60.8144166666667,NA,47.9183055555556,NA,2015-08-14T12:48:42Z,NA
TEL150802,68,NA,NA,NA,10.2,18.8904,10.2,NA,NA,NA,-61.112,NA,48.0953888888889,NA,2015-08-14T14:25:14Z
TEL150802,69,NA,NA,NA,10.8,20.001600000000003,10.8,NA,NA,-61.2003611111111,NA,48.1056666666667,NA,2015-08-14T16:21:02Z,NA
TEL150802,69,NA,NA,NA,8,14.816,8,NA,NA,NA,-61.4673888888889,NA,48.1551666666667,NA,2015-08-14T17:25:59Z
TEL150802,70,NA,NA,NA,10.7,19.816399999999998,10.7,NA,NA,-61.4495,NA,48.2144166666667,NA,2015-08-14T21:14:31Z,NA
TEL150802,70,NA,NA,NA,7.8,14.4456,7.8,NA,NA,NA,-61.4130555555556,NA,48.2860555555556,NA,2015-08-14T21:46:13Z
TEL150802,71,NA,NA,NA,10,18.52,10,NA,NA,-61.0857222222222,NA,48.5130555555556,NA,2015-08-15T12:28:35Z,NA
TEL150802,71,NA,NA,NA,5.5,10.186,5.5,NA,NA,NA,-61.3292777777778,NA,48.5001388888889,NA,2015-08-15T13:30:37Z
TEL150802,72,NA,NA,NA,10.1,18.7052,10.1,NA,NA,-61.2674444444444,NA,48.5164166666667,NA,2015-08-15T14:59:34Z,NA
TEL150802,72,NA,NA,NA,10.6,19.6312,10.6,NA,NA,NA,-61.4050555555556,NA,48.5241111111111,NA,2015-08-15T15:30:40Z
TEL150802,73,NA,NA,NA,10.5,19.446,10.5,NA,NA,-61.6076388888889,NA,48.5339444444444,NA,2015-08-15T17:54:21Z,NA
TEL150802,73,NA,NA,NA,8.6,15.927200000000001,8.6,NA,NA,NA,-61.8626388888889,NA,48.3218055555556,NA,2015-08-15T19:24:36Z
TEL150802,74,NA,NA,NA,10.7,19.816399999999998,10.7,NA,NA,-61.8634722222222,NA,48.3067777777778,NA,2015-08-15T20:59:16Z,NA
TEL150802,74,NA,NA,NA,7.1,13.1492,7.1,NA,NA,NA,-61.8931666666667,NA,48.25625,NA,2015-08-15T21:17:08Z
TEL150802,75,NA,NA,NA,9.9,18.3348,9.9,NA,NA,-61.8945555555556,NA,48.2652222222222,NA,2015-08-15T23:28:49Z,NA
TEL150802,75,NA,NA,NA,10.2,18.8904,10.2,NA,NA,NA,-61.9304166666667,NA,48.4155555555556,NA,2015-08-16T00:21:02Z
TEL150802,76,NA,NA,NA,10.6,19.6312,10.6,NA,NA,-62.3545833333333,NA,48.68675,NA,2015-08-16T10:14:22Z,NA
TEL150802,76,NA,NA,NA,10.8,20.001600000000003,10.8,NA,NA,NA,-62.4715,NA,48.6114722222222,NA,2015-08-16T10:50:46Z
TEL150802,77,NA,NA,NA,5,9.26,5,NA,NA,-62.4880277777778,NA,48.5754166666667,NA,2015-08-16T12:58:39Z,NA
TEL150802,77,NA,NA,NA,9.3,17.2236,9.3,NA,NA,NA,-62.49425,NA,48.5364722222222,NA,2015-08-16T13:20:43Z
TEL150802,78,NA,NA,NA,9.3,17.2236,9.3,NA,NA,-62.4951388888889,NA,48.5327222222222,NA,2015-08-16T13:22:11Z,NA
TEL150802,78,NA,NA,NA,6.7,12.4084,6.7,NA,NA,NA,-62.5261666666667,NA,48.4168888888889,NA,2015-08-16T14:08:47Z
TEL150802,79,NA,NA,NA,10.4,19.260800000000003,10.4,NA,NA,-62.5755,NA,48.4481111111111,NA,2015-08-16T16:34:46Z,NA
TEL150802,79,NA,NA,NA,9.9,18.3348,9.9,NA,NA,NA,-62.8467777777778,NA,48.5048888888889,NA,2015-08-16T17:41:27Z
TEL150802,80,NA,NA,NA,9.7,17.9644,9.7,NA,NA,-62.8621944444444,NA,48.5411944444444,NA,2015-08-16T18:54:19Z,NA
TEL150802,80,NA,NA,NA,6.1,11.2972,6.1,NA,NA,NA,-62.7961111111111,NA,48.6673055555556,NA,2015-08-16T19:38:43Z
TEL150802,81,NA,NA,NA,10.2,18.8904,10.2,NA,NA,-62.7764166666667,NA,48.6844444444444,NA,2015-08-16T21:22:12Z,NA
TEL150802,81,NA,NA,NA,9,16.668,9,NA,NA,NA,-62.75025,NA,48.8046944444444,NA,2015-08-16T22:03:53Z
TEL150802,82,NA,NA,NA,11.2,20.7424,11.2,NA,NA,-63.1283333333333,NA,49.0214166666667,NA,2015-08-17T10:11:19Z,NA
TEL150802,82,NA,NA,NA,7.8,14.4456,7.8,NA,NA,NA,-62.9457222222222,NA,49.0460833333333,NA,2015-08-17T10:50:52Z
TEL150802,83,NA,NA,NA,6.7,12.4084,6.7,NA,NA,-62.9427222222222,NA,49.1159444444444,NA,2015-08-17T12:38:24Z,NA
TEL150802,83,NA,NA,NA,5.5,10.186,5.5,NA,NA,NA,-62.9744444444444,NA,49.1222777777778,NA,2015-08-17T12:50:29Z
TEL150802,84,NA,NA,NA,9.2,17.0384,9.2,NA,NA,-62.9988055555556,NA,49.1453611111111,NA,2015-08-17T13:31:49Z,NA
TEL150802,84,NA,NA,NA,5.4,10.000800000000002,5.4,NA,NA,NA,-63.3347777777778,NA,49.1998611111111,NA,2015-08-17T14:56:27Z
TEL150802,85,NA,NA,NA,10.5,19.446,10.5,NA,NA,-63.3919166666667,NA,49.2731666666667,NA,2015-08-17T19:57:51Z,NA
TEL150802,85,NA,NA,NA,11.2,20.7424,11.2,NA,NA,NA,-63.7691111111111,NA,48.9851666666667,NA,2015-08-17T22:00:22Z
TEL150802,86,NA,NA,NA,11.8,21.853600000000004,11.8,NA,NA,-63.9139166666667,NA,48.87125,NA,2015-08-17T22:46:21Z,NA
TEL150802,86,NA,NA,NA,11.7,21.6684,11.7,NA,NA,NA,-64.1238611111111,NA,48.7169722222222,NA,2015-08-17T23:49:02Z
TEL150802,87,NA,NA,NA,9.5,17.594,9.5,NA,NA,-63.7301111111111,NA,49.0725,NA,2015-08-19T13:04:53Z,NA
TEL150802,87,NA,NA,NA,10.1,18.7052,10.1,NA,NA,NA,-64.0589722222222,NA,49.0016944444444,NA,2015-08-19T14:24:52Z
TEL150802,88,NA,NA,NA,8.5,15.742,8.5,NA,NA,-64.0085555555556,NA,49.0088611111111,NA,2015-08-19T16:03:34Z,NA
TEL150802,88,NA,NA,NA,10.7,19.816399999999998,10.7,NA,NA,NA,-64.09375,NA,49.0414722222222,NA,2015-08-19T16:25:34Z
TEL150802,89,NA,NA,NA,9,16.668,9,NA,NA,-64.2371111111111,NA,49.1166111111111,NA,2015-08-19T19:18:28Z,NA
TEL150802,89,NA,NA,NA,9.9,18.3348,9.9,NA,NA,NA,-64.4406666666667,NA,49.1185,NA,2015-08-19T20:07:24Z
TEL150802,90,NA,NA,NA,10.4,19.260800000000003,10.4,NA,NA,-64.7070833333333,NA,49.5705,NA,2015-08-20T14:18:48Z,NA
TEL150802,90,NA,NA,NA,10.3,19.0756,10.3,NA,NA,NA,-64.7681666666667,NA,49.5584166666667,NA,2015-08-20T14:33:18Z
TEL150802,91,NA,NA,NA,8.8,16.297600000000003,8.8,NA,NA,-64.8786944444444,NA,49.468,NA,2015-08-20T20:10:48Z,NA
TEL150802,91,NA,NA,NA,8.2,15.186399999999999,8.2,NA,NA,NA,-64.8901944444444,NA,49.4064444444444,NA,2015-08-20T20:34:43Z
TEL150802,92,NA,NA,NA,9.3,17.2236,9.3,NA,NA,-64.8884722222222,NA,49.3825,NA,2015-08-20T20:57:40Z,NA
TEL150802,92,NA,NA,NA,8.7,16.1124,8.7,NA,NA,NA,-64.9064722222222,NA,49.2846388888889,NA,2015-08-20T21:32:23Z
TEL150802,93,NA,NA,NA,9.5,17.594,9.5,NA,NA,-64.8932777777778,NA,49.2734444444444,NA,2015-08-20T23:15:31Z,NA
TEL150802,93,NA,NA,NA,9.4,17.408800000000003,9.4,NA,NA,NA,-65.1515555555556,NA,49.3039722222222,NA,2015-08-21T00:19:01Z
TEL150802,94,NA,NA,NA,9.5,17.594,9.5,NA,NA,-65.7216388888889,NA,49.5614722222222,NA,2015-08-21T11:42:27Z,NA
TEL150802,94,NA,NA,NA,10.2,18.8904,10.2,NA,NA,NA,-66.1485555555556,NA,49.3831944444444,NA,2015-08-21T13:38:37Z
TEL150802,95,NA,NA,NA,6.4,11.852800000000002,6.4,NA,NA,-66.2188055555556,NA,49.3578333333333,NA,2015-08-21T16:01:12Z,NA
TEL150802,95,NA,NA,NA,9.8,18.149600000000003,9.8,NA,NA,NA,-66.4790277777778,NA,49.364,NA,2015-08-21T17:02:31Z
TEL150802,96,NA,NA,NA,10.3,19.0756,10.3,NA,NA,-66.6035555555555,NA,49.3348611111111,NA,2015-08-21T18:35:52Z,NA
TEL150802,96,NA,NA,NA,8.3,15.371600000000003,8.3,NA,NA,NA,-66.7720555555556,NA,49.2103055555556,NA,2015-08-21T19:32:39Z
TEL150802,97,NA,NA,NA,10.2,18.8904,10.2,NA,NA,-66.7555833333333,NA,49.223,NA,2015-08-21T21:14:07Z,NA
TEL150802,97,NA,NA,NA,10.9,20.1868,10.9,NA,NA,NA,-66.8641388888889,NA,49.2189166666667,NA,2015-08-21T21:37:56Z
TEL150802,98,NA,NA,NA,10.4,19.260800000000003,10.4,NA,NA,-67.4188333333333,NA,48.9819444444444,NA,2015-08-22T10:18:53Z,NA
TEL150802,98,NA,NA,NA,10.3,19.0756,10.3,NA,NA,NA,-67.4568611111111,NA,48.98675,NA,2015-08-22T10:27:42Z
TEL150802,99,NA,NA,NA,9.2,17.0384,9.2,NA,NA,-67.5307777777778,NA,48.9984444444444,NA,2015-08-22T12:30:46Z,NA
TEL150802,99,NA,NA,NA,9.6,17.7792,9.6,NA,NA,NA,-67.7976388888889,NA,48.9694444444444,NA,2015-08-22T13:40:27Z
TEL150802,100,NA,NA,NA,9.8,18.149600000000003,9.8,NA,NA,-67.8456666666667,NA,48.9318888888889,NA,2015-08-22T15:57:40Z,NA
TEL150802,100,NA,NA,NA,3.8,7.0376,3.8,NA,NA,NA,-67.9680555555556,NA,48.7944166666667,NA,2015-08-22T16:56:35Z
TEL150802,101,NA,NA,NA,7.8,14.4456,7.8,NA,NA,-68.0281111111111,NA,48.779,NA,2015-08-22T18:23:39Z,NA
TEL150802,101,NA,NA,NA,11.2,20.7424,11.2,NA,NA,NA,-68.2048888888889,NA,48.7015,NA,2015-08-22T19:12:50Z
TEL150802,102,NA,NA,NA,11.1,20.5572,11.1,NA,NA,-68.2213888888889,NA,48.6959722222222,NA,2015-08-22T19:16:50Z,NA
TEL150802,102,NA,NA,NA,7.1,13.1492,7.1,NA,NA,NA,-68.2648333333333,NA,48.6818888888889,NA,2015-08-22T19:28:41Z
TEL150802,103,NA,NA,NA,10.3,19.0756,10.3,NA,NA,-68.4550555555556,NA,48.6269166666667,NA,2015-08-22T21:59:06Z,NA
TEL150802,103,NA,NA,NA,8.3,15.371600000000003,8.3,NA,NA,NA,-68.6666111111111,NA,48.5444444444444,NA,2015-08-22T22:55:15Z
TEL150802,104,NA,NA,NA,9.8,18.149600000000003,9.8,NA,NA,-68.6913055555556,NA,48.5555833333333,NA,2015-08-23T00:11:56Z,NA
TEL150802,104,NA,NA,NA,6.3,11.6676,6.3,NA,NA,NA,-68.7263611111111,NA,48.5768333333333,NA,2015-08-23T00:26:24Z
TEL150802,105,NA,NA,NA,11.2,20.7424,11.2,NA,NA,-68.9910277777778,NA,48.5185,NA,2015-08-23T12:44:14Z,NA
TEL150802,105,NA,NA,NA,6,11.112,6,NA,NA,NA,-69.1537777777778,NA,48.5141111111111,NA,2015-08-23T13:19:16Z
TEL150802,106,NA,NA,NA,10.2,18.8904,10.2,NA,NA,-69.0993055555555,NA,48.5468333333333,NA,2015-08-23T16:10:42Z,NA
TEL150802,106,NA,NA,NA,7.4,13.7048,7.4,NA,NA,NA,-68.92775,NA,48.6291944444444,NA,2015-08-23T16:59:13Z
TEL150802,107,NA,NA,NA,3.9,7.2228,3.9,NA,NA,-68.9683333333333,NA,48.5758888888889,NA,2015-08-23T20:04:06Z,NA
TEL150802,107,NA,NA,NA,2.2,4.074400000000001,2.2,NA,NA,NA,-68.9293055555556,NA,48.6137777777778,NA,2015-08-23T20:54:50Z
TEL150802,108,NA,NA,NA,9.2,17.0384,9.2,NA,NA,-68.4933055555556,NA,48.8085555555556,NA,2015-08-24T12:42:23Z,NA
TEL150802,108,NA,NA,NA,9.5,17.594,9.5,NA,NA,NA,-68.7418055555556,NA,48.71,NA,2015-08-24T13:55:34Z
TEL150802,109,NA,NA,NA,10.5,19.446,10.5,NA,NA,-68.7480555555556,NA,48.7240555555556,NA,2015-08-24T19:37:16Z,NA
TEL150802,109,NA,NA,NA,2.5,4.63,2.5,NA,NA,NA,-68.6431666666667,NA,48.7936944444444,NA,2015-08-24T20:14:54Z
TEL150802,110,NA,NA,NA,7.7,14.2604,7.7,NA,NA,-68.6263055555555,NA,48.77675,NA,2015-08-24T22:43:44Z,NA
TEL150802,110,NA,NA,NA,5.8,10.7416,5.8,NA,NA,NA,-68.4862777777778,NA,48.7121944444444,NA,2015-08-24T23:40:09Z
TEL150802,111,NA,NA,NA,9.6,17.7792,9.6,NA,NA,-67.9259166666667,NA,49.2038888888889,NA,2015-08-25T10:54:48Z,NA
TEL150802,111,NA,NA,NA,10,18.52,10,NA,NA,NA,-67.3747222222222,NA,49.2570277777778,NA,2015-08-25T13:06:07Z
TEL150802,112,NA,NA,NA,10.3,19.0756,10.3,NA,NA,-67.3148055555556,NA,49.2788333333333,NA,2015-08-25T13:21:56Z,NA
TEL150802,112,NA,NA,NA,10.4,19.260800000000003,10.4,NA,NA,NA,-66.7033055555556,NA,49.4963055555556,NA,2015-08-25T15:52:12Z
TEL150802,113,NA,NA,NA,9.6,17.7792,9.6,NA,NA,-66.6978888888889,NA,49.5186666666667,NA,2015-08-25T18:05:49Z,NA
TEL150802,113,NA,NA,NA,8,14.816,8,NA,NA,NA,-66.9430277777778,NA,49.5850277777778,NA,2015-08-25T19:05:17Z
TEL150802,114,NA,NA,NA,9.6,17.7792,9.6,NA,NA,-66.92075,NA,49.6183611111111,NA,2015-08-25T20:26:12Z,NA
TEL150802,114,NA,NA,NA,6.5,12.038,6.5,NA,NA,NA,-66.6882777777778,NA,49.698,NA,2015-08-25T21:26:44Z
TEL150802,115,NA,NA,NA,9.9,18.3348,9.9,NA,NA,-66.6339444444445,NA,49.7634166666667,NA,2015-08-25T23:30:01Z,NA
TEL150802,115,NA,NA,NA,10.1,18.7052,10.1,NA,NA,NA,-66.6017777777778,NA,49.8469722222222,NA,2015-08-26T00:00:22Z
TEL150802,116,NA,NA,NA,7,12.964,7,NA,NA,-65.7694444444444,NA,49.8499166666667,NA,2015-08-26T12:00:38Z,NA
TEL150802,116,NA,NA,NA,5.2,9.630400000000002,5.2,NA,NA,NA,-65.6439444444445,NA,49.7366944444444,NA,2015-08-26T13:16:19Z
TEL150802,117,NA,NA,NA,10.5,19.446,10.5,NA,NA,-65.5336388888889,NA,49.6925277777778,NA,2015-08-26T16:48:27Z,NA
TEL150802,117,NA,NA,NA,6.1,11.2972,6.1,NA,NA,NA,-65.1704722222222,NA,49.626,NA,2015-08-26T18:19:41Z
TEL150802,118,NA,NA,NA,10.2,18.8904,10.2,NA,NA,-65.114,NA,49.6623611111111,NA,2015-08-26T19:50:41Z,NA
TEL150802,118,NA,NA,NA,10.4,19.260800000000003,10.4,NA,NA,NA,-64.7308333333333,NA,49.7963055555556,NA,2015-08-26T21:29:13Z
TEL150802,119,NA,NA,NA,9.6,17.7792,9.6,NA,NA,-64.60625,NA,49.9346388888889,NA,2015-08-26T23:06:45Z,NA
TEL150802,119,NA,NA,NA,9.1,16.8532,9.1,NA,NA,NA,-64.6759444444445,NA,49.9193611111111,NA,2015-08-26T23:24:53Z
TEL150802,120,NA,NA,NA,10.2,18.8904,10.2,NA,NA,-64.9271111111111,NA,50.2032777777778,NA,2015-08-27T12:30:44Z,NA
TEL150802,120,NA,NA,NA,10.7,19.816399999999998,10.7,NA,NA,NA,-64.7154444444444,NA,50.1879444444444,NA,2015-08-27T13:17:47Z
TEL150802,121,NA,NA,NA,8.2,15.186399999999999,8.2,NA,NA,-64.53325,NA,50.1696111111111,NA,2015-08-27T14:54:11Z,NA
TEL150802,121,NA,NA,NA,9.3,17.2236,9.3,NA,NA,NA,-64.3171944444444,NA,50.1168888888889,NA,2015-08-27T15:53:00Z
TEL150802,122,NA,NA,NA,10.4,19.260800000000003,10.4,NA,NA,-64.1459444444445,NA,50.0786944444444,NA,2015-08-27T19:00:20Z,NA
TEL150802,122,NA,NA,NA,11,20.372,11,NA,NA,NA,-64.0643611111111,NA,50.0960277777778,NA,2015-08-27T19:18:14Z
TEL150802,123,NA,NA,NA,11,20.372,11,NA,NA,-63.8774444444444,NA,50.0986944444444,NA,2015-08-27T21:09:07Z,NA
TEL150802,123,NA,NA,NA,11.2,20.7424,11.2,NA,NA,NA,-63.829,NA,50.0228611111111,NA,2015-08-27T21:34:59Z
TEL150802,124,NA,NA,NA,10.5,19.446,10.5,NA,NA,-62.5983888888889,NA,50.0756111111111,NA,2015-08-28T10:59:27Z,NA
TEL150802,124,NA,NA,NA,9.8,18.149600000000003,9.8,NA,NA,NA,-62.4744166666667,NA,50.0147777777778,NA,2015-08-28T11:35:55Z
TEL150802,125,NA,NA,NA,8.3,15.371600000000003,8.3,NA,NA,-62.5294166666667,NA,49.9999444444444,NA,2015-08-28T13:10:35Z,NA
TEL150802,125,NA,NA,NA,5.2,9.630400000000002,5.2,NA,NA,NA,-62.7069722222222,NA,50.0198888888889,NA,2015-08-28T14:03:15Z
TEL150802,126,NA,NA,NA,10.9,20.1868,10.9,NA,NA,-62.6951111111111,NA,49.9963333333333,NA,2015-08-28T17:39:28Z,NA
TEL150802,126,NA,NA,NA,7.6,14.0752,7.6,NA,NA,NA,-62.6070833333333,NA,49.9553888888889,NA,2015-08-28T18:03:23Z
TEL150802,127,NA,NA,NA,9.5,17.594,9.5,NA,NA,-62.6233055555556,NA,49.9573333333333,NA,2015-08-28T19:37:11Z,NA
TEL150802,127,NA,NA,NA,5.3,9.8156,5.3,NA,NA,NA,-62.9771111111111,NA,49.8365833333333,NA,2015-08-28T21:12:12Z
TEL150802,128,NA,NA,NA,9.7,17.9644,9.7,NA,NA,-63.0138055555556,NA,49.8047222222222,NA,2015-08-28T22:54:10Z,NA
TEL150802,128,NA,NA,NA,8.9,16.4828,8.9,NA,NA,NA,-63.0521666666667,NA,49.8017777777778,NA,2015-08-28T23:03:51Z
TEL150802,129,NA,NA,NA,11.5,21.298000000000002,11.5,NA,NA,-62.0706944444444,NA,49.7329722222222,NA,2015-08-29T10:14:05Z,NA
TEL150802,129,NA,NA,NA,6.6,12.2232,6.6,NA,NA,NA,-61.7593611111111,NA,49.7874722222222,NA,2015-08-29T11:20:49Z
TEL150802,130,NA,NA,NA,10,18.52,10,NA,NA,-61.7378333333333,NA,49.8119166666667,NA,2015-08-29T13:19:53Z,NA
TEL150802,130,NA,NA,NA,4.9,9.074800000000002,4.9,NA,NA,NA,-61.6665,NA,49.9593611111111,NA,2015-08-29T14:15:44Z
TEL150802,131,NA,NA,NA,9.7,17.9644,9.7,NA,NA,-61.5648888888889,NA,50.0139444444444,NA,2015-08-29T17:16:57Z,NA
TEL150802,131,NA,NA,NA,7.6,14.0752,7.6,NA,NA,NA,-61.4158611111111,NA,49.8615,NA,2015-08-29T18:16:24Z
TEL150802,132,NA,NA,NA,10.2,18.8904,10.2,NA,NA,-61.4217222222222,NA,49.8644722222222,NA,2015-08-29T19:38:56Z,NA
TEL150802,132,NA,NA,NA,7.3,13.5196,7.3,NA,NA,NA,-61.6074444444444,NA,49.5704722222222,NA,2015-08-29T21:24:04Z
TEL150802,133,NA,NA,NA,11,20.372,11,NA,NA,-61.5759166666667,NA,49.5851111111111,NA,2015-08-29T23:05:48Z,NA
TEL150802,133,NA,NA,NA,11.4,21.1128,11.4,NA,NA,NA,-61.4234444444444,NA,49.6448611111111,NA,2015-08-29T23:42:53Z
TEL150802,134,NA,NA,NA,9.3,17.2236,9.3,NA,NA,-60.61275,NA,49.8668888888889,NA,2015-08-30T13:42:46Z,NA
TEL150802,134,NA,NA,NA,8.2,15.186399999999999,8.2,NA,NA,NA,-60.70175,NA,49.5523611111111,NA,2015-08-30T15:41:58Z
TEL150802,135,NA,NA,NA,10.9,20.1868,10.9,NA,NA,-60.6372777777778,NA,49.5319444444444,NA,2015-08-30T17:21:01Z,NA
TEL150802,135,NA,NA,NA,8.1,15.0012,8.1,NA,NA,NA,-60.4392222222222,NA,49.5377222222222,NA,2015-08-30T18:03:42Z
TEL150802,136,NA,NA,NA,9.2,17.0384,9.2,NA,NA,-60.364,NA,49.54175,NA,2015-08-30T19:05:28Z,NA
TEL150802,136,NA,NA,NA,8.6,15.927200000000001,8.6,NA,NA,NA,-60.4225833333333,NA,49.4921388888889,NA,2015-08-30T19:27:29Z
TEL150802,137,NA,NA,NA,9.7,17.9644,9.7,NA,NA,-60.4309166666667,NA,49.4811666666667,NA,2015-08-30T20:39:50Z,NA
TEL150802,137,NA,NA,NA,5.5,10.186,5.5,NA,NA,NA,-60.4591944444444,NA,49.466,NA,2015-08-30T20:49:33Z
TEL150802,138,NA,NA,NA,10.8,20.001600000000003,10.8,NA,NA,-60.4298888888889,NA,49.4242777777778,NA,2015-08-30T22:10:42Z,NA
TEL150802,138,NA,NA,NA,10.6,19.6312,10.6,NA,NA,NA,-60.4428055555556,NA,49.327,NA,2015-08-30T22:43:43Z
TEL150802,139,NA,NA,NA,9.6,17.7792,9.6,NA,NA,-61.0614166666667,NA,49.1614444444444,NA,2015-08-31T11:20:15Z,NA
TEL150802,139,NA,NA,NA,6.9,12.778800000000002,6.9,NA,NA,NA,-61.3002777777778,NA,48.9101944444444,NA,2015-08-31T13:07:46Z
TEL150802,140,NA,NA,NA,9.9,18.3348,9.9,NA,NA,-61.3146111111111,NA,48.9066388888889,NA,2015-08-31T14:30:37Z,NA
TEL150802,140,NA,NA,NA,6.4,11.852800000000002,6.4,NA,NA,NA,-61.4107777777778,NA,48.8785833333333,NA,2015-08-31T14:56:57Z
TEL150802,141,NA,NA,NA,10.4,19.260800000000003,10.4,NA,NA,-61.5165555555556,NA,48.9033333333333,NA,2015-08-31T16:49:20Z,NA
TEL150802,141,NA,NA,NA,6.7,12.4084,6.7,NA,NA,NA,-61.6778333333333,NA,48.9218611111111,NA,2015-08-31T17:26:14Z
TEL150802,142,NA,NA,NA,10.2,18.8904,10.2,NA,NA,-61.7095277777778,NA,48.9225555555556,NA,2015-08-31T19:35:46Z,NA
TEL150802,142,NA,NA,NA,9.7,17.9644,9.7,NA,NA,NA,-62.00625,NA,48.8543611111111,NA,2015-08-31T20:49:19Z
TEL150802,143,NA,NA,NA,9.4,17.408800000000003,9.4,NA,NA,-62.0817777777778,NA,48.8918055555556,NA,2015-08-31T23:00:36Z,NA
TEL150802,143,NA,NA,NA,9.6,17.7792,9.6,NA,NA,NA,-62.2890277777778,NA,48.9501666666667,NA,2015-08-31T23:57:41Z
TEL150802,144,NA,NA,NA,11.3,20.9276,11.3,NA,NA,-63.2346666666667,NA,48.9078611111111,NA,2015-09-01T11:50:34Z,NA
TEL150802,144,NA,NA,NA,7.5,13.89,7.5,NA,NA,NA,-63.3976388888889,NA,48.8016666666667,NA,2015-09-01T12:39:03Z
TEL150802,145,NA,NA,NA,4.7,8.704400000000001,4.7,NA,NA,-63.5839722222222,NA,48.7413333333333,NA,2015-09-01T16:25:10Z,NA
TEL150802,145,NA,NA,NA,6.3,11.6676,6.3,NA,NA,NA,-63.81275,NA,48.7445555555556,NA,2015-09-01T18:09:45Z
TEL150802,146,NA,NA,NA,9.2,17.0384,9.2,NA,NA,-63.8931944444444,NA,48.73575,NA,2015-09-01T18:32:23Z,NA
TEL150802,146,NA,NA,NA,8.8,16.297600000000003,8.8,NA,NA,NA,-64.0126944444444,NA,48.7238055555556,NA,2015-09-01T19:03:40Z
TEL150802,147,NA,NA,NA,9.1,16.8532,9.1,NA,NA,-64.0416111111111,NA,48.7236388888889,NA,2015-09-01T19:11:14Z,NA
TEL150802,147,NA,NA,NA,5.6,10.3712,5.6,NA,NA,NA,-64.05625,NA,48.7230833333333,NA,2015-09-01T19:15:47Z
TEL150802,148,NA,NA,NA,7,12.964,7,NA,NA,-64.1679722222222,NA,48.7270277777778,NA,2015-09-01T19:52:15Z,NA
TEL150802,148,NA,NA,NA,8.3,15.371600000000003,8.3,NA,NA,NA,-64.3042222222222,NA,48.7916666666667,NA,2015-09-01T20:39:34Z
TEL150802,149,NA,NA,NA,10.4,19.260800000000003,10.4,NA,NA,-64.3604722222222,NA,48.8198888888889,NA,2015-09-02T20:32:47Z,NA
TEL150802,149,NA,NA,NA,9.8,18.149600000000003,9.8,NA,NA,NA,-64.2258333333333,NA,48.7499166666667,NA,2015-09-02T21:14:37Z
TEL150802,150,NA,NA,NA,9.3,17.2236,9.3,NA,NA,-64.1464166666667,NA,48.6631388888889,NA,2015-09-02T21:52:56Z,NA
TEL150802,150,NA,NA,NA,9.2,17.0384,9.2,NA,NA,NA,-64.1194722222222,NA,48.6343333333333,NA,2015-09-02T22:06:36Z
TEL150802,151,NA,NA,NA,11.8,21.853600000000004,11.8,NA,NA,-64.1026388888889,NA,48.5606944444444,NA,2015-09-02T22:47:16Z,NA
TEL150802,151,NA,NA,NA,9.9,18.3348,9.9,NA,NA,NA,-64.1308333333333,NA,48.3473055555556,NA,2015-09-03T00:06:27Z
TEL150904,1,NA,NA,NA,10,18.52,10,NA,NA,-66.2940555555556,NA,48.0533333333333,NA,2015-09-04T22:48:01Z,NA
TEL150904,1,NA,NA,NA,5.9,10.926800000000002,5.9,NA,NA,NA,-66.2791111111111,NA,48.0528333333333,NA,2015-09-04T22:52:33Z
TEL150904,2,NA,NA,NA,9.8,18.149600000000003,9.8,NA,NA,-66.2671111111111,NA,48.0529166666667,NA,2015-09-04T22:56:22Z,NA
TEL150904,2,NA,NA,NA,10.4,19.260800000000003,10.4,NA,NA,NA,-66.1215277777778,NA,48.0513888888889,NA,2015-09-04T23:30:27Z
TEL150904,3,NA,NA,NA,10.5,19.446,10.5,NA,NA,-66.0673611111111,NA,48.0402777777778,NA,2015-09-04T23:43:38Z,NA
TEL150904,3,NA,NA,NA,10.9,20.1868,10.9,NA,NA,NA,-65.9694444444444,NA,48.0093333333333,NA,2015-09-05T00:08:13Z
TEL150904,4,NA,NA,NA,10.8,20.001600000000003,10.8,NA,NA,-64.5715555555555,NA,48.1655,NA,2015-09-05T10:40:59Z,NA
TEL150904,4,NA,NA,NA,6.6,12.2232,6.6,NA,NA,NA,-64.4548611111111,NA,48.3094722222222,NA,2015-09-05T11:37:32Z
TEL150904,5,NA,NA,NA,9.9,18.3348,9.9,NA,NA,-64.4731944444444,NA,48.2749722222222,NA,2015-09-05T13:17:51Z,NA
TEL150904,5,NA,NA,NA,10.8,20.001600000000003,10.8,NA,NA,NA,-64.2335833333333,NA,48.25225,NA,2015-09-05T14:12:13Z
TEL150904,6,NA,NA,NA,10.5,19.446,10.5,NA,NA,-64.1687777777778,NA,48.2655555555556,NA,2015-09-05T16:13:03Z,NA
TEL150904,6,NA,NA,NA,10.6,19.6312,10.6,NA,NA,NA,-63.8756666666667,NA,48.3368611111111,NA,2015-09-05T17:23:11Z
TEL150904,7,NA,NA,NA,10.2,18.8904,10.2,NA,NA,-63.8740833333333,NA,48.349,NA,2015-09-05T19:15:23Z,NA
TEL150904,7,NA,NA,NA,10.4,19.260800000000003,10.4,NA,NA,NA,-63.8423055555556,NA,48.5225277777778,NA,2015-09-05T20:15:50Z
TEL150904,8,NA,NA,NA,10.7,19.816399999999998,10.7,NA,NA,-63.8437777777778,NA,48.5338888888889,NA,2015-09-05T20:19:43Z,NA
TEL150904,8,NA,NA,NA,7.4,13.7048,7.4,NA,NA,NA,-63.8505,NA,48.60625,NA,2015-09-05T20:43:59Z
TEL150904,9,NA,NA,NA,11.1,20.5572,11.1,NA,NA,-63.8663055555556,NA,48.5787222222222,NA,2015-09-05T22:19:14Z,NA
TEL150904,9,NA,NA,NA,11.8,21.853600000000004,11.8,NA,NA,NA,-64.0098888888889,NA,48.8155,NA,2015-09-05T23:38:42Z
TEL150904,10,NA,NA,NA,8.4,15.5568,8.4,NA,NA,-63.6786944444444,NA,48.6813055555556,NA,2015-09-06T10:53:53Z,NA
TEL150904,10,NA,NA,NA,6.9,12.778800000000002,6.9,NA,NA,NA,-63.6274722222222,NA,48.6245277777778,NA,2015-09-06T11:22:37Z
TEL150904,11,NA,NA,NA,9,16.668,9,NA,NA,-63.6725277777778,NA,48.6718611111111,NA,2015-09-06T12:49:53Z,NA
TEL150904,11,NA,NA,NA,10.3,19.0756,10.3,NA,NA,NA,-63.3434166666667,NA,48.7934722222222,NA,2015-09-06T14:22:32Z
TEL150904,12,NA,NA,NA,11.2,20.7424,11.2,NA,NA,-63.2681388888889,NA,48.7771944444444,NA,2015-09-06T16:58:20Z,NA
TEL150904,12,NA,NA,NA,8.3,15.371600000000003,8.3,NA,NA,NA,-63.1635,NA,48.7495,NA,2015-09-06T17:22:47Z
TEL150904,13,NA,NA,NA,9.2,17.0384,9.2,NA,NA,-63.0679444444444,NA,48.7220277777778,NA,2015-09-06T19:42:40Z,NA
TEL150904,13,NA,NA,NA,6.3,11.6676,6.3,NA,NA,NA,-63.2266944444444,NA,48.6494166666667,NA,2015-09-06T20:32:56Z
TEL150904,14,NA,NA,NA,9.9,18.3348,9.9,NA,NA,-63.2794166666667,NA,48.6701388888889,NA,2015-09-06T22:17:17Z,NA
TEL150904,14,NA,NA,NA,8.4,15.5568,8.4,NA,NA,NA,-63.5006944444444,NA,48.607,NA,2015-09-06T23:11:17Z
TEL150904,15,NA,NA,NA,9.8,18.149600000000003,9.8,NA,NA,-63.5861388888889,NA,48.2805,NA,2015-09-07T12:30:06Z,NA
TEL150904,15,NA,NA,NA,4.5,8.334,4.5,NA,NA,NA,-63.7790833333333,NA,48.2661388888889,NA,2015-09-07T13:18:15Z
TEL150904,16,NA,NA,NA,10.4,19.260800000000003,10.4,NA,NA,-63.7299166666667,NA,48.2438055555556,NA,2015-09-07T14:52:11Z,NA
TEL150904,16,NA,NA,NA,5.4,10.000800000000002,5.4,NA,NA,NA,-63.8211666666667,NA,48.1598055555556,NA,2015-09-07T15:30:15Z
TEL150904,17,NA,NA,NA,10.9,20.1868,10.9,NA,NA,-63.7894166666667,NA,48.1405,NA,2015-09-07T17:13:11Z,NA
TEL150904,17,NA,NA,NA,7.1,13.1492,7.1,NA,NA,NA,-63.5383611111111,NA,48.0718333333333,NA,2015-09-07T18:13:23Z
TEL150904,18,NA,NA,NA,11.1,20.5572,11.1,NA,NA,-63.4255,NA,48.0385,NA,2015-09-07T19:40:14Z,NA
TEL150904,18,NA,NA,NA,6.2,11.4824,6.2,NA,NA,NA,-63.3931111111111,NA,48.0220833333333,NA,2015-09-07T19:50:46Z
TEL150904,19,NA,NA,NA,9.1,16.8532,9.1,NA,NA,-63.4215,NA,48.0328333333333,NA,2015-09-07T21:20:17Z,NA
TEL150904,20,NA,NA,NA,9.1,16.8532,9.1,NA,NA,-62.7479722222222,NA,48.4788888888889,NA,2015-09-08T11:26:31Z,NA
TEL150904,20,NA,NA,NA,9.2,17.0384,9.2,NA,NA,NA,-62.7011111111111,NA,48.4512777777778,NA,2015-09-08T11:42:21Z
TEL150904,21,NA,NA,NA,9.2,17.0384,9.2,NA,NA,-62.7043888888889,NA,48.4449722222222,NA,2015-09-08T14:02:47Z,NA
TEL150904,21,NA,NA,NA,9.1,16.8532,9.1,NA,NA,NA,-62.42225,NA,48.3143611111111,NA,2015-09-08T15:31:03Z
TEL150904,22,NA,NA,NA,11.4,21.1128,11.4,NA,NA,-62.4054444444444,NA,48.2621944444444,NA,2015-09-08T17:06:16Z,NA
TEL150904,22,NA,NA,NA,8.3,15.371600000000003,8.3,NA,NA,NA,-62.4781111111111,NA,48.2258333333333,NA,2015-09-08T17:26:18Z
TEL150904,23,NA,NA,NA,11.1,20.5572,11.1,NA,NA,-62.5844722222222,NA,48.1791666666667,NA,2015-09-08T18:56:47Z,NA
TEL150904,23,NA,NA,NA,8.7,16.1124,8.7,NA,NA,NA,-62.786,NA,48.0599166666667,NA,2015-09-08T19:56:22Z
TEL150904,24,NA,NA,NA,7,12.964,7,NA,NA,-62.8495277777778,NA,48.0256111111111,NA,2015-09-08T21:20:10Z,NA
TEL150904,24,NA,NA,NA,10.5,19.446,10.5,NA,NA,NA,-62.8405,NA,47.9584722222222,NA,2015-09-08T21:44:16Z
TEL150904,26,NA,NA,NA,8.6,15.927200000000001,8.6,NA,NA,-62.4079166666667,NA,47.9870555555556,NA,2015-09-09T13:32:06Z,NA
TEL150904,26,NA,NA,NA,10.8,20.001600000000003,10.8,NA,NA,NA,-62.1992222222222,NA,47.9628888888889,NA,2015-09-09T14:20:40Z
TEL150904,27,NA,NA,NA,11.3,20.9276,11.3,NA,NA,-62.1323333333333,NA,48.0395833333333,NA,2015-09-09T16:30:03Z,NA
TEL150904,27,NA,NA,NA,6.5,12.038,6.5,NA,NA,NA,-62.1138055555556,NA,48.0609722222222,NA,2015-09-09T16:38:33Z
TEL150904,28,NA,NA,NA,4.9,9.074800000000002,4.9,NA,NA,-62.0908611111111,NA,48.1074444444444,NA,2015-09-09T17:29:26Z,NA
TEL150904,28,NA,NA,NA,9.2,17.0384,9.2,NA,NA,NA,-62.1374722222222,NA,48.1547777777778,NA,2015-09-09T18:07:23Z
TEL150904,29,NA,NA,NA,9.9,18.3348,9.9,NA,NA,-62.1433055555556,NA,48.1594722222222,NA,2015-09-09T18:09:34Z,NA
TEL150904,29,NA,NA,NA,10.3,19.0756,10.3,NA,NA,NA,-62.2616666666667,NA,48.2513055555556,NA,2015-09-09T18:51:57Z
TEL150904,30,NA,NA,NA,5.5,10.186,5.5,NA,NA,-62.3385555555556,NA,48.3130555555556,NA,2015-09-09T21:15:28Z,NA
TEL150904,30,NA,NA,NA,10.8,20.001600000000003,10.8,NA,NA,NA,-62.1771388888889,NA,48.3379722222222,NA,2015-09-09T21:56:00Z
TEL150904,31,NA,NA,NA,10,18.52,10,NA,NA,-61.3180555555556,NA,47.915,NA,2015-09-10T17:18:23Z,NA
TEL150904,31,NA,NA,NA,7,12.964,7,NA,NA,NA,-61.6786388888889,NA,47.8285,NA,2015-09-10T18:52:53Z
TEL150904,32,NA,NA,NA,11.1,20.5572,11.1,NA,NA,-61.6753055555556,NA,47.8098055555556,NA,2015-09-10T20:35:24Z,NA
TEL150904,32,NA,NA,NA,6.4,11.852800000000002,6.4,NA,NA,NA,-61.6582777777778,NA,47.7795,NA,2015-09-10T20:46:58Z
TEL150904,33,NA,NA,NA,10,18.52,10,NA,NA,-61.6546111111111,NA,47.7733888888889,NA,2015-09-10T20:49:27Z,NA
TEL150904,33,NA,NA,NA,10.4,19.260800000000003,10.4,NA,NA,NA,-61.6498333333333,NA,47.7614166666667,NA,2015-09-10T20:53:44Z
TEL150904,34,NA,NA,NA,10.5,19.446,10.5,NA,NA,-61.653,NA,47.7455555555556,NA,2015-09-10T20:59:20Z,NA
TEL150904,34,NA,NA,NA,6.7,12.4084,6.7,NA,NA,NA,-61.6599166666667,NA,47.7106388888889,NA,2015-09-10T21:12:15Z
TEL150904,35,NA,NA,NA,10,18.52,10,NA,NA,-61.6667777777778,NA,47.7452222222222,NA,2015-09-10T22:31:42Z,NA
TEL150904,35,NA,NA,NA,5.4,10.000800000000002,5.4,NA,NA,NA,-61.7896666666667,NA,47.6746111111111,NA,2015-09-10T23:10:20Z
TEL150904,36,NA,NA,NA,10.6,19.6312,10.6,NA,NA,-62.4426666666667,NA,47.3585,NA,2015-09-11T12:14:52Z,NA
TEL150904,36,NA,NA,NA,7.4,13.7048,7.4,NA,NA,NA,-62.4811388888889,NA,47.1944722222222,NA,2015-09-11T13:10:48Z
TEL150904,37,NA,NA,NA,10.9,20.1868,10.9,NA,NA,-62.4618055555556,NA,47.1844166666667,NA,2015-09-11T14:53:44Z,NA
TEL150904,37,NA,NA,NA,7.2,13.3344,7.2,NA,NA,NA,-62.4016666666667,NA,47.1181111111111,NA,2015-09-11T15:20:36Z
TEL150904,38,NA,NA,NA,9.2,17.0384,9.2,NA,NA,-62.4650833333333,NA,47.1403333333333,NA,2015-09-11T16:43:20Z,NA
TEL150904,38,NA,NA,NA,11.4,21.1128,11.4,NA,NA,NA,-62.5676388888889,NA,47.0794722222222,NA,2015-09-11T17:13:07Z
TEL150904,39,NA,NA,NA,8.7,16.1124,8.7,NA,NA,-62.6429444444444,NA,47.08425,NA,2015-09-11T18:57:15Z,NA
TEL150904,40,NA,NA,NA,9.3,17.2236,9.3,NA,NA,-62.6240555555556,NA,46.8373333333333,NA,2015-09-11T21:28:56Z,NA
TEL150904,40,NA,NA,NA,10.1,18.7052,10.1,NA,NA,NA,-62.5525833333333,NA,46.7929444444444,NA,2015-09-11T21:53:29Z
TEL150904,41,NA,NA,NA,10,18.52,10,NA,NA,-62.9170833333333,NA,46.5130833333333,NA,2015-09-12T13:41:24Z,NA
TEL150904,41,NA,NA,NA,9.9,18.3348,9.9,NA,NA,NA,-63.0091666666667,NA,46.4959444444444,NA,2015-09-12T14:05:07Z
TEL150904,42,NA,NA,NA,10.1,18.7052,10.1,NA,NA,-63.0125833333333,NA,46.4958055555556,NA,2015-09-12T14:06:00Z,NA
TEL150904,42,NA,NA,NA,6.3,11.6676,6.3,NA,NA,NA,-63.0418055555556,NA,46.4943611111111,NA,2015-09-12T14:13:47Z
TEL150904,43,NA,NA,NA,9.6,17.7792,9.6,NA,NA,-63.1893055555555,NA,46.5353055555556,NA,2015-09-12T17:05:21Z,NA
TEL150904,43,NA,NA,NA,9,16.668,9,NA,NA,NA,-63.2975555555556,NA,46.5715833333333,NA,2015-09-12T17:36:50Z
TEL150904,44,NA,NA,NA,10.2,18.8904,10.2,NA,NA,-63.633,NA,47.3026944444444,NA,2015-09-13T12:58:36Z,NA
TEL150904,44,NA,NA,NA,6.19,11.463880000000001,6.19,NA,NA,NA,-63.6876944444444,NA,47.4263888888889,NA,2015-09-13T13:44:01Z
TEL150904,45,NA,NA,NA,10,18.52,10,NA,NA,-63.7222777777778,NA,47.4642777777778,NA,2015-09-13T14:57:40Z,NA
TEL150904,45,NA,NA,NA,10.6,19.6312,10.6,NA,NA,NA,-63.9672777777778,NA,47.4227777777778,NA,2015-09-13T15:57:04Z
TEL150904,46,NA,NA,NA,10.6,19.6312,10.6,NA,NA,-64.0508888888889,NA,47.4734444444444,NA,2015-09-13T17:18:52Z,NA
TEL150904,46,NA,NA,NA,8.9,16.4828,8.9,NA,NA,NA,-64.07525,NA,47.6050833333333,NA,2015-09-13T18:04:01Z
TEL150904,47,NA,NA,NA,9.3,17.2236,9.3,NA,NA,-64.0988055555556,NA,47.6523888888889,NA,2015-09-13T19:23:06Z,NA
TEL150904,47,NA,NA,NA,10.8,20.001600000000003,10.8,NA,NA,NA,-63.8408055555556,NA,47.7112222222222,NA,2015-09-13T20:27:51Z
TEL150904,48,NA,NA,NA,10.5,19.446,10.5,NA,NA,-63.8685833333333,NA,47.7378611111111,NA,2015-09-13T22:03:21Z,NA
TEL150904,48,NA,NA,NA,9.1,16.8532,9.1,NA,NA,NA,-64.0151388888889,NA,47.7772777777778,NA,2015-09-13T22:39:50Z
TEL150904,49,NA,NA,NA,10.4,19.260800000000003,10.4,NA,NA,-64.5553333333333,NA,48.0941944444444,NA,2015-09-14T11:31:13Z,NA
TEL150904,49,NA,NA,NA,9.4,17.408800000000003,9.4,NA,NA,NA,-64.8035,NA,47.9614444444444,NA,2015-09-14T12:42:02Z
TEL150904,50,NA,NA,NA,10.5,19.446,10.5,NA,NA,-64.8781944444444,NA,47.9308333333333,NA,2015-09-14T13:57:47Z,NA
TEL150904,50,NA,NA,NA,8.9,16.4828,8.9,NA,NA,NA,-65.2734166666667,NA,47.8996944444444,NA,2015-09-14T15:24:18Z
TEL150904,51,NA,NA,NA,8.8,16.297600000000003,8.8,NA,NA,-65.6833333333333,NA,47.9646666666667,NA,2015-09-14T18:12:47Z,NA
TEL150904,51,NA,NA,NA,8.1,15.0012,8.1,NA,NA,NA,-66.0408611111111,NA,48.0448055555556,NA,2015-09-14T20:03:36Z
TEL150904,52,NA,NA,NA,11,20.372,11,NA,NA,-64.0510277777778,NA,48.0673055555556,NA,2015-09-16T11:36:06Z,NA
TEL150904,52,NA,NA,NA,8.8,16.297600000000003,8.8,NA,NA,NA,-64.2411388888889,NA,47.922,NA,2015-09-16T12:37:51Z
TEL150904,53,NA,NA,NA,11.5,21.298000000000002,11.5,NA,NA,-64.2616944444444,NA,47.9026388888889,NA,2015-09-16T12:50:09Z,NA
TEL150904,53,NA,NA,NA,9.2,17.0384,9.2,NA,NA,NA,-64.4361666666667,NA,47.7814166666667,NA,2015-09-16T13:46:02Z
TEL150904,54,NA,NA,NA,7,12.964,7,NA,NA,-64.415,NA,47.7901111111111,NA,2015-09-16T15:14:41Z,NA
TEL150904,54,NA,NA,NA,8.7,16.1124,8.7,NA,NA,NA,-64.3014166666667,NA,47.7615555555556,NA,2015-09-16T15:45:21Z
TEL150904,55,NA,NA,NA,11,20.372,11,NA,NA,-64.2835,NA,47.7827222222222,NA,2015-09-16T18:08:58Z,NA
TEL150904,55,NA,NA,NA,8.5,15.742,8.5,NA,NA,NA,-64.4691666666667,NA,47.5940833333333,NA,2015-09-16T19:26:26Z
TEL150904,56,NA,NA,NA,10.6,19.6312,10.6,NA,NA,-64.5179444444444,NA,47.5939722222222,NA,2015-09-16T22:23:29Z,NA
TEL150904,56,NA,NA,NA,10.7,19.816399999999998,10.7,NA,NA,NA,-64.5412222222222,NA,47.5224444444444,NA,2015-09-16T22:48:32Z
TEL150904,57,NA,NA,NA,10.8,20.001600000000003,10.8,NA,NA,-64.5568611111111,NA,47.4698888888889,NA,2015-09-16T23:06:36Z,NA
TEL150904,57,NA,NA,NA,8.4,15.5568,8.4,NA,NA,NA,-64.577888888888907,NA,47.3973611111111,NA,2015-09-16T23:31:46Z
TEL150904,58,NA,NA,NA,10.4,19.260800000000003,10.4,NA,NA,-64.4073333333333,NA,47.0567222222222,NA,2015-09-17T11:17:16Z,NA
TEL150904,58,NA,NA,NA,7.6,14.0752,7.6,NA,NA,NA,-64.528,NA,46.9304722222222,NA,2015-09-17T12:09:23Z
TEL150904,59,NA,NA,NA,10.6,19.6312,10.6,NA,NA,-64.49125,NA,46.9286666666667,NA,2015-09-17T13:46:21Z,NA
TEL150904,59,NA,NA,NA,10.4,19.260800000000003,10.4,NA,NA,NA,-64.4440277777778,NA,46.9408611111111,NA,2015-09-17T13:58:05Z
TEL150904,60,NA,NA,NA,10.4,19.260800000000003,10.4,NA,NA,-64.439,NA,46.9428888888889,NA,2015-09-17T13:59:27Z,NA
TEL150904,60,NA,NA,NA,8.3,15.371600000000003,8.3,NA,NA,NA,-64.3305277777778,NA,46.9876666666667,NA,2015-09-17T14:29:20Z
TEL150904,61,NA,NA,NA,10.4,19.260800000000003,10.4,NA,NA,-64.2325833333333,NA,47.0668333333333,NA,2015-09-17T17:36:49Z,NA
TEL150904,61,NA,NA,NA,7.8,14.4456,7.8,NA,NA,NA,-64.1926388888889,NA,47.1981944444444,NA,2015-09-17T18:22:31Z
TEL150904,62,NA,NA,NA,10.3,19.0756,10.3,NA,NA,-64.1928611111111,NA,47.2778888888889,NA,2015-09-17T20:26:52Z,NA
TEL150904,62,NA,NA,NA,6.5,12.038,6.5,NA,NA,NA,-64.2740833333333,NA,47.4237222222222,NA,2015-09-17T21:21:47Z
TEL150904,64,NA,NA,NA,11,20.372,11,NA,NA,-62.7737222222222,NA,47.5854166666667,NA,2015-09-18T11:55:44Z,NA
TEL150904,64,NA,NA,NA,11.4,21.1128,11.4,NA,NA,NA,-62.8045277777778,NA,47.3606111111111,NA,2015-09-18T13:08:17Z
TEL150904,65,NA,NA,NA,10.6,19.6312,10.6,NA,NA,-62.839,NA,47.3612222222222,NA,2015-09-18T14:47:31Z,NA
TEL150904,65,NA,NA,NA,11.3,20.9276,11.3,NA,NA,NA,-63.14475,NA,47.3562777777778,NA,2015-09-18T15:55:25Z
TEL150904,66,NA,NA,NA,11.2,20.7424,11.2,NA,NA,-63.1944444444444,NA,47.3400277777778,NA,2015-09-18T17:39:19Z,NA
TEL150904,66,NA,NA,NA,10.8,20.001600000000003,10.8,NA,NA,NA,-63.2338333333333,NA,47.2473333333333,NA,2015-09-18T18:11:57Z
TEL150904,67,NA,NA,NA,10.1,18.7052,10.1,NA,NA,-63.2186666666667,NA,47.17975,NA,2015-09-18T20:01:20Z,NA
TEL150904,67,NA,NA,NA,10.8,20.001600000000003,10.8,NA,NA,NA,-63.3647222222222,NA,47.0841388888889,NA,2015-09-18T20:47:41Z
TEL150904,68,NA,NA,NA,10.7,19.816399999999998,10.7,NA,NA,-63.3330277777778,NA,47.0694722222222,NA,2015-09-18T22:34:11Z,NA
TEL150904,68,NA,NA,NA,10.5,19.446,10.5,NA,NA,NA,-63.1309722222222,NA,47.0719166666667,NA,2015-09-18T23:21:12Z
TEL150904,69,NA,NA,NA,10.1,18.7052,10.1,NA,NA,-63.0167222222222,NA,46.7744444444444,NA,2015-09-19T12:32:41Z,NA
TEL150904,69,NA,NA,NA,8.1,15.0012,8.1,NA,NA,NA,-62.9056111111111,NA,46.8059444444444,NA,2015-09-19T13:01:00Z
TEL150904,70,NA,NA,NA,10.8,20.001600000000003,10.8,NA,NA,-62.82225,NA,46.8759722222222,NA,2015-09-19T22:02:29Z,NA
TEL150904,70,NA,NA,NA,8.9,16.4828,8.9,NA,NA,NA,-62.5140277777778,NA,46.9066944444444,NA,2015-09-19T23:12:28Z
TEL150904,71,NA,NA,NA,10.1,18.7052,10.1,NA,NA,-61.7380555555556,NA,46.7121666666667,NA,2015-09-20T14:15:44Z,NA
TEL150904,71,NA,NA,NA,6.8,12.5936,6.8,NA,NA,NA,-61.4593611111111,NA,46.5445,NA,2015-09-20T15:47:32Z
TEL150904,72,NA,NA,NA,9.6,17.7792,9.6,NA,NA,-61.4264722222222,NA,46.5358611111111,NA,2015-09-20T18:05:01Z,NA
TEL150904,72,NA,NA,NA,6.8,12.5936,6.8,NA,NA,NA,-61.6858333333333,NA,46.3464444444444,NA,2015-09-20T19:36:44Z
TEL150904,73,NA,NA,NA,10.1,18.7052,10.1,NA,NA,-61.7456388888889,NA,46.3100833333333,NA,2015-09-20T21:01:00Z,NA
TEL150904,73,NA,NA,NA,4.9,9.074800000000002,4.9,NA,NA,NA,-61.8618611111111,NA,46.31225,NA,2015-09-20T21:30:11Z
TEL150904,74,NA,NA,NA,10.9,20.1868,10.9,NA,NA,-61.9590555555556,NA,46.2756944444444,NA,2015-09-20T22:54:44Z,NA
TEL150904,74,NA,NA,NA,6.7,12.4084,6.7,NA,NA,NA,-61.9620277777778,NA,46.2718055555556,NA,2015-09-20T22:57:05Z
TEL150904,75,NA,NA,NA,19,35.188,19,NA,NA,-63.4047222222222,NA,46.0265555555556,NA,2015-09-21T12:47:05Z,NA
TEL150904,75,NA,NA,NA,7.6,14.0752,7.6,NA,NA,NA,-63.3026388888889,NA,45.9603055555556,NA,2015-09-21T13:25:48Z
TEL150904,76,NA,NA,NA,10.9,20.1868,10.9,NA,NA,-63.2820277777778,NA,45.9512777777778,NA,2015-09-21T14:44:44Z,NA
TEL150904,76,NA,NA,NA,8,14.816,8,NA,NA,NA,-63.1445,NA,45.8961944444444,NA,2015-09-21T15:25:41Z
TEL150904,77,NA,NA,NA,10.6,19.6312,10.6,NA,NA,-63.2678333333333,NA,45.9896111111111,NA,2015-09-21T16:44:55Z,NA
TEL150904,77,NA,NA,NA,7.3,13.5196,7.3,NA,NA,NA,-63.3159722222222,NA,46.03225,NA,2015-09-21T17:03:38Z
TEL150904,78,NA,NA,NA,10.3,19.0756,10.3,NA,NA,-63.3428055555556,NA,46.02125,NA,2015-09-21T18:44:01Z,NA
TEL150904,78,NA,NA,NA,9.7,17.9644,9.7,NA,NA,NA,-62.8196944444445,NA,45.8989722222222,NA,2015-09-21T21:00:42Z
TEL150904,79,NA,NA,NA,10.5,19.446,10.5,NA,NA,-62.5810555555556,NA,45.8957222222222,NA,2015-09-21T22:42:58Z,NA
TEL150904,79,NA,NA,NA,10.8,20.001600000000003,10.8,NA,NA,NA,-62.4441388888889,NA,45.8435555555556,NA,2015-09-21T23:19:29Z
TEL150904,80,NA,NA,NA,9.1,16.8532,9.1,NA,NA,-61.6698055555556,NA,45.9038333333333,NA,2015-09-22T12:26:52Z,NA
TEL150904,80,NA,NA,NA,7.8,14.4456,7.8,NA,NA,NA,-61.6298611111111,NA,45.9122777777778,NA,2015-09-22T12:37:11Z
TEL150904,81,NA,NA,NA,10.6,19.6312,10.6,NA,NA,-61.6505833333333,NA,45.9142777777778,NA,2015-09-22T14:03:13Z,NA
TEL150904,81,NA,NA,NA,6.7,12.4084,6.7,NA,NA,NA,-61.6583611111111,NA,45.9176666666667,NA,2015-09-22T14:05:51Z
TEL150904,82,NA,NA,NA,9.1,16.8532,9.1,NA,NA,-61.6994722222222,NA,45.9600833333333,NA,2015-09-22T14:43:26Z,NA
TEL150904,82,NA,NA,NA,5.4,10.000800000000002,5.4,NA,NA,NA,-61.6893055555555,NA,45.9763611111111,NA,2015-09-22T14:50:59Z
TEL150904,83,NA,NA,NA,10.6,19.6312,10.6,NA,NA,-61.8053055555556,NA,46.0056666666667,NA,2015-09-22T18:42:48Z,NA
TEL150904,83,NA,NA,NA,7.7,14.2604,7.7,NA,NA,NA,-61.7862222222222,NA,46.0070833333333,NA,2015-09-22T18:47:51Z
TEL150904,84,NA,NA,NA,9.1,16.8532,9.1,NA,NA,-61.8478333333333,NA,46.0204166666667,NA,2015-09-22T19:57:52Z,NA
TEL150904,84,NA,NA,NA,8.2,15.186399999999999,8.2,NA,NA,NA,-61.65925,NA,46.1635,NA,2015-09-22T21:04:52Z
TEL150904,85,NA,NA,NA,10.6,19.6312,10.6,NA,NA,-61.6142777777778,NA,46.2157222222222,NA,2015-09-22T22:20:43Z,NA
TEL150904,85,NA,NA,NA,10.4,19.260800000000003,10.4,NA,NA,NA,-61.5317777777778,NA,46.3130277777778,NA,2015-09-22T22:59:39Z
TEL150904,86,NA,NA,NA,10.1,18.7052,10.1,NA,NA,-61.6511944444444,NA,46.8999444444444,NA,2015-09-23T11:23:32Z,NA
TEL150904,86,NA,NA,NA,5.7,10.5564,5.7,NA,NA,NA,-61.7322777777778,NA,46.9319166666667,NA,2015-09-23T11:49:28Z
TEL150904,87,NA,NA,NA,10.5,19.446,10.5,NA,NA,-61.5656111111111,NA,46.9786388888889,NA,2015-09-23T17:43:29Z,NA
TEL150904,87,NA,NA,NA,6.8,12.5936,6.8,NA,NA,NA,-61.3284166666667,NA,46.8199166666667,NA,2015-09-23T18:59:58Z
TEL150904,88,NA,NA,NA,6.3,11.6676,6.3,NA,NA,-61.3449722222222,NA,46.8496666666667,NA,2015-09-23T20:20:39Z,NA
TEL150904,88,NA,NA,NA,NA,NA,NA,NA,NA,NA,-61.2602777777778,NA,46.8524166666667,NA,2015-09-23T20:40:38Z
TEL150904,89,NA,NA,NA,9.3,17.2236,9.3,NA,NA,-61.1188888888889,NA,47.1717222222222,NA,2015-09-24T13:43:21Z,NA
TEL150904,89,NA,NA,NA,7.5,13.89,7.5,NA,NA,NA,-61.5566111111111,NA,47.1562777777778,NA,2015-09-24T15:25:13Z
TEL150904,90,NA,NA,NA,9.6,17.7792,9.6,NA,NA,-61.5596388888889,NA,47.1888055555556,NA,2015-09-24T17:02:16Z,NA
TEL150904,90,NA,NA,NA,6.5,12.038,6.5,NA,NA,NA,-61.5603611111111,NA,47.2643611111111,NA,2015-09-24T17:30:20Z
TEL150904,91,NA,NA,NA,10.2,18.8904,10.2,NA,NA,-61.5546944444444,NA,47.2433888888889,NA,2015-09-24T18:49:00Z,NA
TEL150904,91,NA,NA,NA,9.6,17.7792,9.6,NA,NA,NA,-61.2197222222222,NA,47.4094722222222,NA,2015-09-24T20:31:42Z
TEL150904,92,NA,NA,NA,9.4,17.408800000000003,9.4,NA,NA,-60.5329166666667,NA,47.1891111111111,NA,2015-09-25T13:09:01Z,NA
TEL150904,92,NA,NA,NA,8.9,16.4828,8.9,NA,NA,NA,-60.7228888888889,NA,47.3863333333333,NA,2015-09-25T14:43:38Z
TEL150904,93,NA,NA,NA,8.9,16.4828,8.9,NA,NA,-60.7761388888889,NA,47.4285555555556,NA,2015-09-25T16:38:53Z,NA
TEL150904,93,NA,NA,NA,8.7,16.1124,8.7,NA,NA,NA,-60.8503888888889,NA,47.5688055555556,NA,2015-09-25T17:44:03Z
TEL150904,94,NA,NA,NA,9.7,17.9644,9.7,NA,NA,-60.8762777777778,NA,47.5984166666667,NA,2015-09-25T19:24:50Z,NA
TEL150904,94,NA,NA,NA,6,11.112,6,NA,NA,NA,-61.0532777777778,NA,47.6001388888889,NA,2015-09-25T20:11:10Z
TEL150904,95,NA,NA,NA,9.4,17.408800000000003,9.4,NA,NA,-61.1587777777778,NA,47.656,NA,2015-09-25T22:08:58Z,NA
TEL150904,95,NA,NA,NA,6.2,11.4824,6.2,NA,NA,NA,-61.2581666666667,NA,47.68,NA,2015-09-25T22:36:20Z
TEL150904,96,NA,NA,NA,9.8,18.149600000000003,9.8,NA,NA,-60.9186944444444,NA,48.0420555555556,NA,2015-09-26T14:01:16Z,NA
TEL150904,96,NA,NA,NA,10.7,19.816399999999998,10.7,NA,NA,NA,-60.8459722222222,NA,47.9340833333333,NA,2015-09-26T14:42:22Z
TEL150904,97,NA,NA,NA,10.7,19.816399999999998,10.7,NA,NA,-60.84325,NA,47.9319444444444,NA,2015-09-26T14:43:19Z,NA
TEL150904,97,NA,NA,NA,10.5,19.446,10.5,NA,NA,NA,-60.8230833333333,NA,47.9133888888889,NA,2015-09-26T14:51:25Z
TEL150904,98,NA,NA,NA,10,18.52,10,NA,NA,-60.8006388888889,NA,47.8781666666667,NA,2015-09-26T16:41:06Z,NA
TEL150904,98,NA,NA,NA,11.3,20.9276,11.3,NA,NA,NA,-60.5721944444444,NA,47.7879722222222,NA,2015-09-26T17:38:16Z
TEL150904,99,NA,NA,NA,11.1,20.5572,11.1,NA,NA,-60.5565277777778,NA,47.7734166666667,NA,2015-09-26T19:37:39Z,NA
TEL150904,99,NA,NA,NA,9.8,18.149600000000003,9.8,NA,NA,NA,-60.5333888888889,NA,47.64275,NA,2015-09-26T20:19:17Z
TEL150904,100,NA,NA,NA,11.7,21.6684,11.7,NA,NA,-60.4682222222222,NA,47.5880833333333,NA,2015-09-26T22:08:20Z,NA
TEL150904,100,NA,NA,NA,11.6,21.4832,11.6,NA,NA,NA,-60.4546388888889,NA,47.5737222222222,NA,2015-09-26T22:13:51Z
TEL150904,101,NA,NA,NA,11.6,21.4832,11.6,NA,NA,-60.45375,NA,47.5706111111111,NA,2015-09-26T22:14:53Z,NA
TEL150904,101,NA,NA,NA,7.6,14.0752,7.6,NA,NA,NA,-60.4528611111111,NA,47.5662777777778,NA,2015-09-26T22:16:50Z
TEL150904,102,NA,NA,NA,9.2,17.0384,9.2,NA,NA,-60.2721666666667,NA,47.2140277777778,NA,2015-09-27T12:34:17Z,NA
TEL150904,102,NA,NA,NA,7.3,13.5196,7.3,NA,NA,NA,-60.3430277777778,NA,47.1727777777778,NA,2015-09-27T13:09:33Z
TEL160802,1,NA,NA,NA,11.5,21.298000000000002,11.5,NA,NA,-64.1496666666667,NA,48.7258611111111,NA,2016-08-02T13:22:49Z,NA
TEL160802,1,NA,NA,NA,10.1,18.7052,10.1,NA,NA,NA,-64.0609722222222,NA,48.7254722222222,NA,2016-08-02T13:41:57Z
TEL160802,3,NA,NA,NA,9.2,17.0384,9.2,NA,NA,-63.6660555555556,NA,48.8634444444444,NA,2016-08-02T18:24:19Z,NA
TEL160802,3,NA,NA,NA,11,20.372,11,NA,NA,NA,-62.8564722222222,NA,48.8246111111111,NA,2016-08-02T21:29:04Z
TEL160802,4,NA,NA,NA,10.3,19.0756,10.3,NA,NA,-60.8851944444444,NA,48.8173888888889,NA,2016-08-03T10:11:20Z,NA
TEL160802,4,NA,NA,NA,8.6,15.927200000000001,8.6,NA,NA,NA,-60.82175,NA,48.7018055555556,NA,2016-08-03T10:53:52Z
TEL160802,5,NA,NA,NA,11.1,20.5572,11.1,NA,NA,-60.7885833333333,NA,48.6945277777778,NA,2016-08-03T12:40:52Z,NA
TEL160802,5,NA,NA,NA,7.7,14.2604,7.7,NA,NA,NA,-60.3884166666667,NA,48.5980555555556,NA,2016-08-03T14:13:10Z
TEL160802,6,NA,NA,NA,10.5,19.446,10.5,NA,NA,-60.3844166666667,NA,48.6186388888889,NA,2016-08-03T16:32:15Z,NA
TEL160802,6,NA,NA,NA,10.6,19.6312,10.6,NA,NA,NA,-60.3956666666667,NA,48.7634444444444,NA,2016-08-03T17:20:26Z
TEL160802,7,NA,NA,NA,10.3,19.0756,10.3,NA,NA,-60.3855833333333,NA,48.7967777777778,NA,2016-08-03T19:55:39Z,NA
TEL160802,7,NA,NA,NA,8.5,15.742,8.5,NA,NA,NA,-60.4288055555556,NA,48.9600277777778,NA,2016-08-03T20:52:19Z
TEL160802,8,NA,NA,NA,10.3,19.0756,10.3,NA,NA,-60.4525555555556,NA,48.9750555555556,NA,2016-08-03T22:47:25Z,NA
TEL160802,8,NA,NA,NA,10.8,20.001600000000003,10.8,NA,NA,NA,-60.7565555555556,NA,49.1248333333333,NA,2016-08-04T00:26:49Z
TEL160802,10,NA,NA,NA,11.1,20.5572,11.1,NA,NA,-59.7425833333333,NA,49.5265,NA,2016-08-04T12:16:33Z,NA
TEL160802,10,NA,NA,NA,8.8,16.297600000000003,8.8,NA,NA,NA,-59.4020277777778,NA,49.7350555555556,NA,2016-08-04T13:55:32Z
TEL160802,11,NA,NA,NA,7.3,13.5196,7.3,NA,NA,-59.3846944444444,NA,49.7698333333333,NA,2016-08-04T16:03:00Z,NA
TEL160802,11,NA,NA,NA,3.5,6.482,3.5,NA,NA,NA,-59.3436944444444,NA,49.8756388888889,NA,2016-08-04T16:51:18Z
TEL160802,12,NA,NA,NA,10.6,19.6312,10.6,NA,NA,-59.4137777777778,NA,49.8813611111111,NA,2016-08-04T20:06:29Z,NA
TEL160802,12,NA,NA,NA,5.7,10.5564,5.7,NA,NA,NA,-59.5233055555556,NA,49.9403055555556,NA,2016-08-04T20:39:42Z
TEL160802,13,NA,NA,NA,10.6,19.6312,10.6,NA,NA,-59.5241388888889,NA,49.9511944444444,NA,2016-08-04T23:23:42Z,NA
TEL160802,13,NA,NA,NA,11.2,20.7424,11.2,NA,NA,NA,-59.4626944444444,NA,50.0895555555556,NA,2016-08-05T00:15:19Z
TEL160802,14,NA,NA,NA,9.8,18.149600000000003,9.8,NA,NA,-58.4669444444444,NA,50.3220555555556,NA,2016-08-05T13:35:09Z,NA
TEL160802,14,NA,NA,NA,10.8,20.001600000000003,10.8,NA,NA,NA,-58.4016666666667,NA,50.29125,NA,2016-08-05T13:54:15Z
TEL160802,16,NA,NA,NA,10.7,19.816399999999998,10.7,NA,NA,-58.4960277777778,NA,50.4605,NA,2016-08-05T16:55:22Z,NA
TEL160802,16,NA,NA,NA,7.6,14.0752,7.6,NA,NA,NA,-58.5936944444444,NA,50.8175555555556,NA,2016-08-05T18:57:56Z
TEL160802,17,NA,NA,NA,10.1,18.7052,10.1,NA,NA,-58.5674166666667,NA,50.8368055555556,NA,2016-08-05T19:57:56Z,NA
TEL160802,17,NA,NA,NA,10.4,19.260800000000003,10.4,NA,NA,NA,-58.2448055555556,NA,51.0214166666667,NA,2016-08-05T21:33:07Z
TEL160802,18,NA,NA,NA,11.9,22.038800000000002,11.9,NA,NA,-57.3939722222222,NA,51.1365833333333,NA,2016-08-06T10:22:46Z,NA
TEL160802,18,NA,NA,NA,10.9,20.1868,10.9,NA,NA,NA,-57.3568055555556,NA,51.2388611111111,NA,2016-08-06T10:56:40Z
TEL160802,19,NA,NA,NA,8.1,15.0012,8.1,NA,NA,-57.1463888888889,NA,51.3626388888889,NA,2016-08-06T12:57:20Z,NA
TEL160802,19,NA,NA,NA,9.2,17.0384,9.2,NA,NA,NA,-56.92325,NA,51.3932777777778,NA,2016-08-06T13:55:30Z
TEL160802,20,NA,NA,NA,8.6,15.927200000000001,8.6,NA,NA,-56.8275555555556,NA,51.4428888888889,NA,2016-08-06T14:27:02Z,NA
TEL160802,20,NA,NA,NA,9.2,17.0384,9.2,NA,NA,NA,-56.7608611111111,NA,51.48675,NA,2016-08-06T14:51:32Z
TEL160802,21,NA,NA,NA,9.1,16.8532,9.1,NA,NA,-56.6188611111111,NA,51.57225,NA,2016-08-06T16:20:44Z,NA
TEL160802,21,NA,NA,NA,6.3,11.6676,6.3,NA,NA,NA,-56.4971388888889,NA,51.5406944444444,NA,2016-08-06T16:55:28Z
TEL160802,22,NA,NA,NA,10.7,19.816399999999998,10.7,NA,NA,-56.2645277777778,NA,51.6724444444444,NA,2016-08-06T19:03:26Z,NA
TEL160802,22,NA,NA,NA,10,18.52,10,NA,NA,NA,-55.8705,NA,51.8793333333333,NA,2016-08-06T20:56:26Z
TEL160802,23,NA,NA,NA,9.4,17.408800000000003,9.4,NA,NA,-56.4394722222222,NA,51.5533611111111,NA,2016-08-07T11:24:47Z,NA
TEL160802,23,NA,NA,NA,10.1,18.7052,10.1,NA,NA,NA,-56.6011944444444,NA,51.4543333333333,NA,2016-08-07T12:20:33Z
TEL160802,24,NA,NA,NA,9.2,17.0384,9.2,NA,NA,-56.6092222222222,NA,51.4547777777778,NA,2016-08-07T13:38:02Z,NA
TEL160802,24,NA,NA,NA,7,12.964,7,NA,NA,NA,-56.9826666666667,NA,51.3811944444444,NA,2016-08-07T15:09:33Z
TEL160802,25,NA,NA,NA,10.3,19.0756,10.3,NA,NA,-57.0218888888889,NA,51.3455555555556,NA,2016-08-07T16:40:39Z,NA
TEL160802,25,NA,NA,NA,9.5,17.594,9.5,NA,NA,NA,-57.1452777777778,NA,51.18575,NA,2016-08-07T17:47:22Z
TEL160802,26,NA,NA,NA,8.2,15.186399999999999,8.2,NA,NA,-57.3118888888889,NA,50.9626388888889,NA,2016-08-07T19:31:24Z,NA
TEL160802,26,NA,NA,NA,8.3,15.371600000000003,8.3,NA,NA,NA,-57.3860833333333,NA,50.8493888888889,NA,2016-08-07T20:25:44Z
TEL160802,27,NA,NA,NA,9,16.668,9,NA,NA,-57.4580555555556,NA,50.7009166666667,NA,2016-08-07T22:11:56Z,NA
TEL160802,27,NA,NA,NA,5.9,10.926800000000002,5.9,NA,NA,NA,-57.4572222222222,NA,50.6253333333333,NA,2016-08-07T22:44:53Z
TEL160802,28,NA,NA,NA,9.7,17.9644,9.7,NA,NA,-58.2738611111111,NA,49.6980277777778,NA,2016-08-08T10:04:22Z,NA
TEL160802,28,NA,NA,NA,9.3,17.2236,9.3,NA,NA,NA,-58.3736388888889,NA,49.3954722222222,NA,2016-08-08T12:03:53Z
TEL160802,29,NA,NA,NA,9.1,16.8532,9.1,NA,NA,-58.3879444444444,NA,49.352,NA,2016-08-08T12:21:16Z,NA
TEL160802,29,NA,NA,NA,9.7,17.9644,9.7,NA,NA,NA,-58.4253055555556,NA,49.2068333333333,NA,2016-08-08T13:17:40Z
TEL160802,30,NA,NA,NA,10,18.52,10,NA,NA,-58.3531666666667,NA,49.159,NA,2016-08-08T13:43:04Z,NA
TEL160802,30,NA,NA,NA,8,14.816,8,NA,NA,NA,-58.2518055555556,NA,49.0911944444444,NA,2016-08-08T14:25:15Z
TEL160802,31,NA,NA,NA,7.9,14.6308,7.9,NA,NA,-58.1873888888889,NA,49.0763888888889,NA,2016-08-08T14:45:35Z,NA
TEL160802,31,NA,NA,NA,7.7,14.2604,7.7,NA,NA,NA,-58.1533611111111,NA,49.0682222222222,NA,2016-08-08T14:56:35Z
TEL160802,32,NA,NA,NA,7.8,14.4456,7.8,NA,NA,-58.1457777777778,NA,49.0588055555556,NA,2016-08-08T15:01:33Z,NA
TEL160802,32,NA,NA,NA,7.9,14.6308,7.9,NA,NA,NA,-58.1093611111111,NA,49.01525,NA,2016-08-08T15:24:52Z
TEL160802,33,NA,NA,NA,10.5,19.446,10.5,NA,NA,-58.1890555555556,NA,49.6749166666667,NA,2016-08-10T10:53:44Z,NA
TEL160802,33,NA,NA,NA,10.2,18.8904,10.2,NA,NA,NA,-58.1261388888889,NA,50.0048333333333,NA,2016-08-10T12:48:27Z
TEL160802,34,NA,NA,NA,10.6,19.6312,10.6,NA,NA,-58.0670833333333,NA,50.0331111111111,NA,2016-08-10T14:01:47Z,NA
TEL160802,34,NA,NA,NA,7.4,13.7048,7.4,NA,NA,NA,-57.914,NA,50.08075,NA,2016-08-10T14:39:20Z
TEL160802,36,NA,NA,NA,9.8,18.149600000000003,9.8,NA,NA,-58.18575,NA,50.2105833333333,NA,2016-08-10T18:51:25Z,NA
TEL160802,36,NA,NA,NA,6.6,12.2232,6.6,NA,NA,NA,-58.2344722222222,NA,50.0963333333333,NA,2016-08-10T19:35:02Z
TEL160802,37,NA,NA,NA,9.9,18.3348,9.9,NA,NA,-58.3551944444444,NA,50.0363888888889,NA,2016-08-10T21:50:32Z,NA
TEL160802,37,NA,NA,NA,10,18.52,10,NA,NA,NA,-58.5391944444444,NA,49.9230277777778,NA,2016-08-10T22:49:29Z
TEL160802,38,NA,NA,NA,10.2,18.8904,10.2,NA,NA,-58.5717222222222,NA,49.9194166666667,NA,2016-08-10T22:56:59Z,NA
TEL160802,38,NA,NA,NA,6.6,12.2232,6.6,NA,NA,NA,-58.6856666666667,NA,49.9119444444444,NA,2016-08-10T23:23:26Z
TEL160802,39,NA,NA,NA,9.1,16.8532,9.1,NA,NA,-58.98025,NA,49.4730277777778,NA,2016-08-11T10:29:31Z,NA
TEL160802,39,NA,NA,NA,7.3,13.5196,7.3,NA,NA,NA,-59.1604444444444,NA,49.3376944444444,NA,2016-08-11T11:37:33Z
TEL160802,40,NA,NA,NA,10.2,18.8904,10.2,NA,NA,-59.153,NA,49.3297777777778,NA,2016-08-11T13:02:35Z,NA
TEL160802,40,NA,NA,NA,6.5,12.038,6.5,NA,NA,NA,-59.2509444444444,NA,49.1353333333333,NA,2016-08-11T14:15:15Z
TEL160802,41,NA,NA,NA,9.9,18.3348,9.9,NA,NA,-59.2804722222222,NA,49.1195277777778,NA,2016-08-11T15:44:02Z,NA
TEL160802,41,NA,NA,NA,6.6,12.2232,6.6,NA,NA,NA,-59.4018055555556,NA,49.0592222222222,NA,2016-08-11T16:22:27Z
TEL160802,42,NA,NA,NA,10.2,18.8904,10.2,NA,NA,-59.3938055555556,NA,49.0330555555556,NA,2016-08-11T18:31:22Z,NA
TEL160802,42,NA,NA,NA,6.6,12.2232,6.6,NA,NA,NA,-59.17425,NA,48.8825833333333,NA,2016-08-11T19:45:25Z
TEL160802,43,NA,NA,NA,9.9,18.3348,9.9,NA,NA,-59.1641388888889,NA,48.7379444444444,NA,2016-08-11T23:13:53Z,NA
TEL160802,43,NA,NA,NA,9.7,17.9644,9.7,NA,NA,NA,-59.3396666666667,NA,48.8546388888889,NA,2016-08-12T00:14:44Z
TEL160802,44,NA,NA,NA,9.6,17.7792,9.6,NA,NA,-59.8561111111111,NA,48.7569166666667,NA,2016-08-12T10:41:35Z,NA
TEL160802,44,NA,NA,NA,7.3,13.5196,7.3,NA,NA,NA,-59.9716388888889,NA,48.6664444444444,NA,2016-08-12T11:25:44Z
TEL160802,45,NA,NA,NA,10.2,18.8904,10.2,NA,NA,-59.9610277777778,NA,48.6441666666667,NA,2016-08-12T12:31:07Z,NA
TEL160802,45,NA,NA,NA,7.2,13.3344,7.2,NA,NA,NA,-59.9496111111111,NA,48.6238888888889,NA,2016-08-12T12:39:03Z
TEL160802,46,NA,NA,NA,10.6,19.6312,10.6,NA,NA,-59.9188055555556,NA,48.6069166666667,NA,2016-08-12T14:03:58Z,NA
TEL160802,46,NA,NA,NA,10.7,19.816399999999998,10.7,NA,NA,NA,-59.54925,NA,48.5608055555556,NA,2016-08-12T15:30:22Z
TEL160802,47,NA,NA,NA,9.7,17.9644,9.7,NA,NA,-59.4086666666667,NA,48.5184444444444,NA,2016-08-12T17:42:34Z,NA
TEL160802,47,NA,NA,NA,8,14.816,8,NA,NA,NA,-59.61025,NA,48.4176944444444,NA,2016-08-12T18:43:02Z
TEL160802,48,NA,NA,NA,11.2,20.7424,11.2,NA,NA,-59.5239444444444,NA,48.3849166666667,NA,2016-08-12T19:36:05Z,NA
TEL160802,48,NA,NA,NA,10.9,20.1868,10.9,NA,NA,NA,-59.4830833333333,NA,48.3766111111111,NA,2016-08-12T19:45:18Z
TEL160802,49,NA,NA,NA,10.9,20.1868,10.9,NA,NA,-59.4786944444444,NA,48.3766944444444,NA,2016-08-12T19:46:16Z,NA
TEL160802,49,NA,NA,NA,7.1,13.1492,7.1,NA,NA,NA,-59.3679722222222,NA,48.3552222222222,NA,2016-08-12T20:12:25Z
TEL160802,50,NA,NA,NA,10.5,19.446,10.5,NA,NA,-59.2990833333333,NA,48.3374166666667,NA,2016-08-12T21:53:11Z,NA
TEL160802,50,NA,NA,NA,8.4,15.5568,8.4,NA,NA,NA,-59.1188888888889,NA,48.2993888888889,NA,2016-08-12T22:37:47Z
TEL160802,51,NA,NA,NA,10.2,18.8904,10.2,NA,NA,-59.1363888888889,NA,48.2965,NA,2016-08-12T23:55:14Z,NA
TEL160802,51,NA,NA,NA,10.1,18.7052,10.1,NA,NA,NA,-59.2304722222222,NA,48.2916666666667,NA,2016-08-13T00:17:31Z
TEL160802,52,NA,NA,NA,10.1,18.7052,10.1,NA,NA,-60.1643055555556,NA,47.9075,NA,2016-08-13T11:54:38Z,NA
TEL160802,52,NA,NA,NA,6.5,12.038,6.5,NA,NA,NA,-60.1368333333333,NA,47.8354722222222,NA,2016-08-13T12:21:37Z
TEL160802,53,NA,NA,NA,9.4,17.408800000000003,9.4,NA,NA,-60.1336944444444,NA,47.8910277777778,NA,2016-08-13T13:32:56Z,NA
TEL160802,53,NA,NA,NA,10.4,19.260800000000003,10.4,NA,NA,NA,-59.8136388888889,NA,47.9888611111111,NA,2016-08-13T15:02:26Z
TEL160802,54,NA,NA,NA,9.3,17.2236,9.3,NA,NA,-59.8626666666667,NA,47.9610277777778,NA,2016-08-13T16:42:02Z,NA
TEL160802,54,NA,NA,NA,7.1,13.1492,7.1,NA,NA,NA,-59.4269722222222,NA,48.0258333333333,NA,2016-08-13T18:36:15Z
TEL160802,56,NA,NA,NA,9.8,18.149600000000003,9.8,NA,NA,-59.4553611111111,NA,47.8493055555556,NA,2016-08-13T22:37:00Z,NA
TEL160802,56,NA,NA,NA,6.7,12.4084,6.7,NA,NA,NA,-59.5856944444444,NA,47.8316388888889,NA,2016-08-13T23:08:15Z
TEL160802,57,NA,NA,NA,10.3,19.0756,10.3,NA,NA,-60.4293888888889,NA,47.5319166666667,NA,2016-08-14T10:34:01Z,NA
TEL160802,57,NA,NA,NA,8.5,15.742,8.5,NA,NA,NA,-60.4857777777778,NA,47.70925,NA,2016-08-14T11:37:38Z
TEL160802,58,NA,NA,NA,10.8,20.001600000000003,10.8,NA,NA,-60.5217777777778,NA,47.7261388888889,NA,2016-08-14T12:54:40Z,NA
TEL160802,58,NA,NA,NA,9,16.668,9,NA,NA,NA,-60.7008611111111,NA,47.8484722222222,NA,2016-08-14T13:52:29Z
TEL160802,59,NA,NA,NA,10.2,18.8904,10.2,NA,NA,-60.6360833333333,NA,47.9452222222222,NA,2016-08-14T17:59:07Z,NA
TEL160802,59,NA,NA,NA,7.8,14.4456,7.8,NA,NA,NA,-60.7853055555556,NA,48.14,NA,2016-08-14T19:17:37Z
TEL160802,60,NA,NA,NA,10,18.52,10,NA,NA,-60.8521388888889,NA,48.1884166666667,NA,2016-08-14T21:08:10Z,NA
TEL160802,60,NA,NA,NA,10.1,18.7052,10.1,NA,NA,NA,-60.9360277777778,NA,48.1759166666667,NA,2016-08-14T21:28:40Z
TEL160802,61,NA,NA,NA,10,18.52,10,NA,NA,-61.0750833333333,NA,48.156,NA,2016-08-14T22:02:57Z,NA
TEL160802,61,NA,NA,NA,8.7,16.1124,8.7,NA,NA,NA,-61.1334722222222,NA,48.1487777777778,NA,2016-08-14T22:17:25Z
TEL160802,62,NA,NA,NA,9.9,18.3348,9.9,NA,NA,-61.1371944444444,NA,48.1515555555556,NA,2016-08-15T00:05:04Z,NA
TEL160802,62,NA,NA,NA,10.4,19.260800000000003,10.4,NA,NA,NA,-61.2333888888889,NA,48.1958055555556,NA,2016-08-15T00:31:50Z
TEL160802,63,NA,NA,NA,10.4,19.260800000000003,10.4,NA,NA,-61.6860277777778,NA,48.5965,NA,2016-08-15T10:57:01Z,NA
TEL160802,63,NA,NA,NA,7.1,13.1492,7.1,NA,NA,NA,-61.8921388888889,NA,48.4280833333333,NA,2016-08-15T12:12:01Z
TEL160802,64,NA,NA,NA,10.5,19.446,10.5,NA,NA,-61.9702777777778,NA,48.3546111111111,NA,2016-08-15T14:54:41Z,NA
TEL160802,64,NA,NA,NA,8.9,16.4828,8.9,NA,NA,NA,-62.0253055555556,NA,48.3222222222222,NA,2016-08-15T15:11:47Z
TEL160802,65,NA,NA,NA,10.7,19.816399999999998,10.7,NA,NA,-62.076,NA,48.3498888888889,NA,2016-08-15T16:52:27Z,NA
TEL160802,65,NA,NA,NA,7.2,13.3344,7.2,NA,NA,NA,-62.442,NA,48.55825,NA,2016-08-15T18:47:53Z
TEL160802,66,NA,NA,NA,6.8,12.5936,6.8,NA,NA,-62.5149444444444,NA,48.5444166666667,NA,2016-08-15T21:31:12Z,NA
TEL160802,66,NA,NA,NA,6.7,12.4084,6.7,NA,NA,NA,-62.5026388888889,NA,48.4323333333333,NA,2016-08-15T22:29:29Z
TEL160802,67,NA,NA,NA,9.8,18.149600000000003,9.8,NA,NA,-62.5115555555556,NA,48.4245833333333,NA,2016-08-15T23:47:09Z,NA
TEL160802,67,NA,NA,NA,10,18.52,10,NA,NA,NA,-62.6639444444444,NA,48.4503055555556,NA,2016-08-16T00:24:22Z
TEL160802,68,NA,NA,NA,9.5,17.594,9.5,NA,NA,-64.3778888888889,NA,48.8289722222222,NA,2016-08-17T12:32:44Z,NA
TEL160802,68,NA,NA,NA,8.6,15.927200000000001,8.6,NA,NA,NA,-64.2602777777778,NA,48.7619166666667,NA,2016-08-17T13:12:31Z
TEL160802,69,NA,NA,NA,10.6,19.6312,10.6,NA,NA,-64.2318055555556,NA,48.7424166666667,NA,2016-08-17T13:23:10Z,NA
TEL160802,69,NA,NA,NA,10.7,19.816399999999998,10.7,NA,NA,NA,-64.1780555555556,NA,48.70775,NA,2016-08-17T13:39:51Z
TEL160802,70,NA,NA,NA,10.8,20.001600000000003,10.8,NA,NA,-64.1440555555556,NA,48.7083611111111,NA,2016-08-17T13:48:18Z,NA
TEL160802,70,NA,NA,NA,10.2,18.8904,10.2,NA,NA,NA,-64.0446388888889,NA,48.7649166666667,NA,2016-08-17T14:15:06Z
TEL160802,71,NA,NA,NA,10.2,18.8904,10.2,NA,NA,-64.1235555555556,NA,49.0574722222222,NA,2016-08-17T18:34:30Z,NA
TEL160802,71,NA,NA,NA,11.5,21.298000000000002,11.5,NA,NA,NA,-63.9349444444444,NA,48.9766111111111,NA,2016-08-17T19:23:40Z
TEL160802,72,NA,NA,NA,10.4,19.260800000000003,10.4,NA,NA,-63.8256944444444,NA,48.9537222222222,NA,2016-08-17T21:38:49Z,NA
TEL160802,72,NA,NA,NA,8.7,16.1124,8.7,NA,NA,NA,-63.7076388888889,NA,48.9553333333333,NA,2016-08-17T22:05:17Z
TEL160802,73,NA,NA,NA,9.7,17.9644,9.7,NA,NA,-63.5849166666667,NA,49.0962222222222,NA,2016-08-18T11:19:54Z,NA
TEL160802,73,NA,NA,NA,9.4,17.408800000000003,9.4,NA,NA,NA,-63.6049444444444,NA,49.1480277777778,NA,2016-08-18T11:40:14Z
TEL160802,74,NA,NA,NA,10.2,18.8904,10.2,NA,NA,-63.5602222222222,NA,49.2016666666667,NA,2016-08-18T14:30:02Z,NA
TEL160802,74,NA,NA,NA,9.8,18.149600000000003,9.8,NA,NA,NA,-63.4238333333333,NA,49.3072222222222,NA,2016-08-18T15:19:42Z
TEL160802,75,NA,NA,NA,10.1,18.7052,10.1,NA,NA,-63.4955,NA,49.3285833333333,NA,2016-08-18T17:56:28Z,NA
TEL160802,75,NA,NA,NA,7,12.964,7,NA,NA,NA,-63.58975,NA,49.3021388888889,NA,2016-08-18T18:19:41Z
TEL160802,77,NA,NA,NA,9.1,16.8532,9.1,NA,NA,-64.0760833333333,NA,49.2215,NA,2016-08-19T00:00:11Z,NA
TEL160802,77,NA,NA,NA,9.4,17.408800000000003,9.4,NA,NA,NA,-64.0429444444444,NA,49.2849166666667,NA,2016-08-19T00:25:50Z
TEL160802,78,NA,NA,NA,4.6,8.5192,4.6,NA,NA,-64.4299166666667,NA,49.5983888888889,NA,2016-08-19T11:35:19Z,NA
TEL160802,78,NA,NA,NA,0.8,1.4816000000000003,0.8,NA,NA,NA,-64.4387777777778,NA,49.6068888888889,NA,2016-08-19T11:46:29Z
TEL160802,79,NA,NA,NA,7.6,14.0752,7.6,NA,NA,-64.4277777777778,NA,49.58475,NA,2016-08-19T13:45:52Z,NA
TEL160802,79,NA,NA,NA,6.2,11.4824,6.2,NA,NA,NA,-64.4885,NA,49.6113888888889,NA,2016-08-19T14:08:03Z
TEL160802,80,NA,NA,NA,9.8,18.149600000000003,9.8,NA,NA,-64.4681944444444,NA,49.6185277777778,NA,2016-08-19T14:26:36Z,NA
TEL160802,80,NA,NA,NA,9.5,17.594,9.5,NA,NA,NA,-64.5341666666667,NA,49.6586388888889,NA,2016-08-19T14:47:18Z
TEL160802,81,NA,NA,NA,9.3,17.2236,9.3,NA,NA,-64.6041388888889,NA,49.6729166666667,NA,2016-08-19T18:10:54Z,NA
TEL160802,81,NA,NA,NA,8,14.816,8,NA,NA,NA,-64.7798888888889,NA,49.6745277777778,NA,2016-08-19T18:48:58Z
TEL160802,82,NA,NA,NA,10.3,19.0756,10.3,NA,NA,-64.8712777777778,NA,49.6801388888889,NA,2016-08-19T22:10:51Z,NA
TEL160802,82,NA,NA,NA,10.1,18.7052,10.1,NA,NA,NA,-64.8781111111111,NA,49.6741944444444,NA,2016-08-19T22:13:34Z
TEL160802,83,NA,NA,NA,9.8,18.149600000000003,9.8,NA,NA,-64.8777222222222,NA,49.6696944444444,NA,2016-08-19T22:15:13Z,NA
TEL160802,83,NA,NA,NA,10.2,18.8904,10.2,NA,NA,NA,-64.8629166666667,NA,49.4774722222222,NA,2016-08-19T23:23:34Z
TEL160802,84,NA,NA,NA,9.8,18.149600000000003,9.8,NA,NA,-65.0518888888889,NA,49.4513055555556,NA,2016-08-20T10:27:09Z,NA
TEL160802,84,NA,NA,NA,9.9,18.3348,9.9,NA,NA,NA,-65.376,NA,49.4412777777778,NA,2016-08-20T11:44:44Z
TEL160802,85,NA,NA,NA,10.1,18.7052,10.1,NA,NA,-65.8705833333333,NA,49.4452777777778,NA,2016-08-20T18:08:14Z,NA
TEL160802,85,NA,NA,NA,10.6,19.6312,10.6,NA,NA,NA,-65.8925833333333,NA,49.4115,NA,2016-08-20T18:21:20Z
TEL160802,86,NA,NA,NA,10.5,19.446,10.5,NA,NA,-65.9297777777778,NA,49.3415555555556,NA,2016-08-20T18:46:41Z,NA
TEL160802,86,NA,NA,NA,10.4,19.260800000000003,10.4,NA,NA,NA,-65.9337777777778,NA,49.3013611111111,NA,2016-08-20T19:00:24Z
TEL160802,87,NA,NA,NA,10,18.52,10,NA,NA,-66.0301666666667,NA,49.3151666666667,NA,2016-08-20T20:52:05Z,NA
TEL160802,87,NA,NA,NA,9.7,17.9644,9.7,NA,NA,NA,-66.1496388888889,NA,49.3479722222222,NA,2016-08-20T21:22:46Z
TEL160802,88,NA,NA,NA,9.3,17.2236,9.3,NA,NA,-67.6206666666667,NA,48.9471666666667,NA,2016-08-21T10:40:54Z,NA
TEL160802,88,NA,NA,NA,9.8,18.149600000000003,9.8,NA,NA,NA,-67.657,NA,48.9370555555556,NA,2016-08-21T10:50:48Z
TEL160802,89,NA,NA,NA,9.7,17.9644,9.7,NA,NA,-67.6685555555556,NA,48.9384166666667,NA,2016-08-21T10:53:38Z,NA
TEL160802,89,NA,NA,NA,10.5,19.446,10.5,NA,NA,NA,-67.7571388888889,NA,48.9521666666667,NA,2016-08-21T11:14:26Z
TEL160802,90,NA,NA,NA,10.2,18.8904,10.2,NA,NA,-67.8745277777778,NA,48.9671388888889,NA,2016-08-21T12:47:50Z,NA
TEL160802,90,NA,NA,NA,6.7,12.4084,6.7,NA,NA,NA,-67.9470277777778,NA,48.9393333333333,NA,2016-08-21T13:08:02Z
TEL160802,91,NA,NA,NA,10,18.52,10,NA,NA,-68.1105,NA,48.9092777777778,NA,2016-08-21T15:49:18Z,NA
TEL160802,91,NA,NA,NA,7.6,14.0752,7.6,NA,NA,NA,-68.381,NA,48.8168888888889,NA,2016-08-21T17:02:07Z
TEL160802,92,NA,NA,NA,10.5,19.446,10.5,NA,NA,-68.4203333333333,NA,48.7985555555556,NA,2016-08-21T18:13:43Z,NA
TEL160802,92,NA,NA,NA,8.6,15.927200000000001,8.6,NA,NA,NA,-68.6340277777778,NA,48.7356944444444,NA,2016-08-21T19:07:52Z
TEL160802,93,NA,NA,NA,9.4,17.408800000000003,9.4,NA,NA,-68.7120833333333,NA,48.7156388888889,NA,2016-08-21T20:59:13Z,NA
TEL160802,93,NA,NA,NA,8.1,15.0012,8.1,NA,NA,NA,-68.7305833333333,NA,48.7926111111111,NA,2016-08-21T21:28:53Z
TEL160802,94,NA,NA,NA,8.8,16.297600000000003,8.8,NA,NA,-68.7445,NA,48.81325,NA,2016-08-21T22:56:38Z,NA
TEL160802,94,NA,NA,NA,6.9,12.778800000000002,6.9,NA,NA,NA,-68.7586111111111,NA,48.8291944444444,NA,2016-08-21T23:04:30Z
TEL160802,95,NA,NA,NA,9.6,17.7792,9.6,NA,NA,-69.0980833333333,NA,48.4011388888889,NA,2016-08-22T13:17:29Z,NA
TEL160802,95,NA,NA,NA,9,16.668,9,NA,NA,NA,-69.0752777777778,NA,48.3441111111111,NA,2016-08-22T13:39:27Z
TEL160802,96,NA,NA,NA,6.4,11.852800000000002,6.4,NA,NA,-69.1108333333333,NA,48.3143055555555,NA,2016-08-22T16:11:38Z,NA
TEL160802,96,NA,NA,NA,4.8,8.8896,4.8,NA,NA,NA,-69.0841111111111,NA,48.3363611111111,NA,2016-08-22T16:27:20Z
TEL160802,97,NA,NA,NA,10.6,19.6312,10.6,NA,NA,-69.0297222222222,NA,48.41275,NA,2016-08-22T18:09:12Z,NA
TEL160802,97,NA,NA,NA,8.5,15.742,8.5,NA,NA,NA,-68.9380277777778,NA,48.5152222222222,NA,2016-08-22T18:49:19Z
TEL160802,98,NA,NA,NA,10.4,19.260800000000003,10.4,NA,NA,-68.8958611111111,NA,48.5357777777778,NA,2016-08-22T19:57:38Z,NA
TEL160802,98,NA,NA,NA,9,16.668,9,NA,NA,NA,-68.8308888888889,NA,48.5488333333333,NA,2016-08-22T20:13:09Z
TEL160802,99,NA,NA,NA,11.1,20.5572,11.1,NA,NA,-68.8307222222222,NA,48.5241944444444,NA,2016-08-22T22:17:01Z,NA
TEL160802,99,NA,NA,NA,10.8,20.001600000000003,10.8,NA,NA,NA,-68.8076666666667,NA,48.4916111111111,NA,2016-08-22T22:29:05Z
TEL160802,100,NA,NA,NA,10.4,19.260800000000003,10.4,NA,NA,-68.7973611111111,NA,48.4926388888889,NA,2016-08-22T22:31:33Z,NA
TEL160802,100,NA,NA,NA,10.5,19.446,10.5,NA,NA,NA,-68.5730555555556,NA,48.5291944444444,NA,2016-08-22T23:24:49Z
TEL160802,101,NA,NA,NA,11.1,20.5572,11.1,NA,NA,-68.0258611111111,NA,48.7993611111111,NA,2016-08-23T10:31:22Z,NA
TEL160802,101,NA,NA,NA,11.2,20.7424,11.2,NA,NA,NA,-67.9768888888889,NA,48.8175555555556,NA,2016-08-23T10:43:19Z
TEL160802,102,NA,NA,NA,11.2,20.7424,11.2,NA,NA,-67.9394722222222,NA,48.8259166666667,NA,2016-08-23T12:45:46Z,NA
TEL160802,102,NA,NA,NA,9.4,17.408800000000003,9.4,NA,NA,NA,-67.60175,NA,48.8549722222222,NA,2016-08-23T13:54:21Z
TEL160802,104,NA,NA,NA,11.2,20.7424,11.2,NA,NA,-67.5131388888889,NA,48.96875,NA,2016-08-23T15:08:25Z,NA
TEL160802,104,NA,NA,NA,8.3,15.371600000000003,8.3,NA,NA,NA,-67.4712777777778,NA,48.9817222222222,NA,2016-08-23T15:18:20Z
TEL160802,105,NA,NA,NA,11.7,21.6684,11.7,NA,NA,-67.4105,NA,48.9756666666667,NA,2016-08-23T17:09:55Z,NA
TEL160802,105,NA,NA,NA,8.4,15.5568,8.4,NA,NA,NA,-67.2661388888889,NA,48.9604444444444,NA,2016-08-23T17:40:34Z
TEL160802,106,NA,NA,NA,10.5,19.446,10.5,NA,NA,-67.2076111111111,NA,48.9851944444444,NA,2016-08-23T19:26:01Z,NA
TEL160802,106,NA,NA,NA,8.2,15.186399999999999,8.2,NA,NA,NA,-67.0478888888889,NA,49.2126111111111,NA,2016-08-23T20:53:11Z
TEL160802,107,NA,NA,NA,10.5,19.446,10.5,NA,NA,-66.9998888888889,NA,49.2203611111111,NA,2016-08-23T22:47:01Z,NA
TEL160802,107,NA,NA,NA,7.7,14.2604,7.7,NA,NA,NA,-66.7629444444444,NA,49.1595555555556,NA,2016-08-23T23:43:36Z
TEL160802,108,NA,NA,NA,10.1,18.7052,10.1,NA,NA,-66.4610555555556,NA,49.7055833333333,NA,2016-08-24T11:25:12Z,NA
TEL160802,108,NA,NA,NA,8.3,15.371600000000003,8.3,NA,NA,NA,-66.59175,NA,49.6948333333333,NA,2016-08-24T11:55:44Z
TEL160802,109,NA,NA,NA,10.2,18.8904,10.2,NA,NA,-66.6224722222222,NA,49.7067222222222,NA,2016-08-24T13:59:06Z,NA
TEL160802,109,NA,NA,NA,7.4,13.7048,7.4,NA,NA,NA,-66.8707222222222,NA,49.7873888888889,NA,2016-08-24T15:03:29Z
TEL160802,110,NA,NA,NA,10.4,19.260800000000003,10.4,NA,NA,-66.8566944444444,NA,49.8146944444444,NA,2016-08-24T16:55:22Z,NA
TEL160802,110,NA,NA,NA,8.8,16.297600000000003,8.8,NA,NA,NA,-66.5497222222222,NA,49.7722777777778,NA,2016-08-24T18:07:20Z
TEL160802,111,NA,NA,NA,9.8,18.149600000000003,9.8,NA,NA,-66.4745277777778,NA,49.7898611111111,NA,2016-08-24T20:31:23Z,NA
TEL160802,111,NA,NA,NA,9.7,17.9644,9.7,NA,NA,NA,-66.2930277777778,NA,49.9076111111111,NA,2016-08-24T21:31:28Z
TEL160802,112,NA,NA,NA,9.8,18.149600000000003,9.8,NA,NA,-66.2224166666667,NA,49.9573611111111,NA,2016-08-24T21:56:14Z,NA
TEL160802,112,NA,NA,NA,10.3,19.0756,10.3,NA,NA,NA,-66.0459444444444,NA,50.0745277777778,NA,2016-08-24T22:55:18Z
TEL160802,113,NA,NA,NA,9.9,18.3348,9.9,NA,NA,-65.8558888888889,NA,49.7764444444444,NA,2016-08-25T11:02:32Z,NA
TEL160802,113,NA,NA,NA,10.6,19.6312,10.6,NA,NA,NA,-65.8148611111111,NA,49.7976666666667,NA,2016-08-25T11:14:43Z
TEL160802,114,NA,NA,NA,10.7,19.816399999999998,10.7,NA,NA,-65.8101388888889,NA,49.8023888888889,NA,2016-08-25T11:16:35Z,NA
TEL160802,114,NA,NA,NA,8.1,15.0012,8.1,NA,NA,NA,-65.7558611111111,NA,49.8569722222222,NA,2016-08-25T11:39:18Z
TEL160802,115,NA,NA,NA,10.2,18.8904,10.2,NA,NA,-65.6340833333333,NA,49.8245,NA,2016-08-25T13:39:13Z,NA
TEL160802,115,NA,NA,NA,7.5,13.89,7.5,NA,NA,NA,-65.6018888888889,NA,49.7656111111111,NA,2016-08-25T14:00:54Z
TEL160802,116,NA,NA,NA,10,18.52,10,NA,NA,-65.5745,NA,49.7615,NA,2016-08-25T15:56:03Z,NA
TEL160802,116,NA,NA,NA,7.9,14.6308,7.9,NA,NA,NA,-65.4328333333333,NA,49.6691944444444,NA,2016-08-25T16:42:53Z
TEL160802,117,NA,NA,NA,10.5,19.446,10.5,NA,NA,-65.4522222222222,NA,49.6997777777778,NA,2016-08-25T18:24:43Z,NA
TEL160802,117,NA,NA,NA,8.8,16.297600000000003,8.8,NA,NA,NA,-65.4985833333333,NA,49.7984444444444,NA,2016-08-25T18:59:56Z
TEL160802,118,NA,NA,NA,10.5,19.446,10.5,NA,NA,-65.4386944444445,NA,49.8725833333333,NA,2016-08-25T20:58:45Z,NA
TEL160802,118,NA,NA,NA,7.8,14.4456,7.8,NA,NA,NA,-65.4571388888889,NA,49.9498611111111,NA,2016-08-25T21:25:48Z
TEL160802,119,NA,NA,NA,10.4,19.260800000000003,10.4,NA,NA,-64.9308888888889,NA,50.0364444444444,NA,2016-08-26T14:41:59Z,NA
TEL160802,119,NA,NA,NA,11,20.372,11,NA,NA,NA,-64.7429166666667,NA,50.0605,NA,2016-08-26T15:23:59Z
TEL160802,120,NA,NA,NA,10.7,19.816399999999998,10.7,NA,NA,-64.5343333333333,NA,50.0802777777778,NA,2016-08-26T16:08:56Z,NA
TEL160802,120,NA,NA,NA,8.9,16.4828,8.9,NA,NA,NA,-64.4962222222222,NA,50.0818888888889,NA,2016-08-26T16:17:29Z
TEL160802,121,NA,NA,NA,9.8,18.149600000000003,9.8,NA,NA,-64.4915555555555,NA,50.0830555555556,NA,2016-08-26T17:12:12Z,NA
TEL160802,121,NA,NA,NA,7.4,13.7048,7.4,NA,NA,NA,-64.4811111111111,NA,50.0827777777778,NA,2016-08-26T17:14:54Z
TEL160802,122,NA,NA,NA,9.6,17.7792,9.6,NA,NA,-64.4655833333333,NA,50.0739444444445,NA,2016-08-26T17:43:38Z,NA
TEL160802,122,NA,NA,NA,8.2,15.186399999999999,8.2,NA,NA,NA,-64.1381111111111,NA,50.0532777777778,NA,2016-08-26T19:00:49Z
TEL160802,123,NA,NA,NA,10.8,20.001600000000003,10.8,NA,NA,-64.0658055555556,NA,50.0411111111111,NA,2016-08-26T19:50:17Z,NA
TEL160802,123,NA,NA,NA,7.2,13.3344,7.2,NA,NA,NA,-63.9814444444444,NA,50.0088333333333,NA,2016-08-26T20:11:48Z
TEL160802,124,NA,NA,NA,10.2,18.8904,10.2,NA,NA,-63.8324166666667,NA,49.9984722222222,NA,2016-08-26T21:59:10Z,NA
TEL160802,124,NA,NA,NA,9.2,17.0384,9.2,NA,NA,NA,-63.7302777777778,NA,49.995,NA,2016-08-26T22:22:44Z
TEL160802,125,NA,NA,NA,8.8,16.297600000000003,8.8,NA,NA,NA,-63.0092777777778,NA,50.0666388888889,NA,2016-08-27T11:34:14Z
TEL160802,126,NA,NA,NA,10.1,18.7052,10.1,NA,NA,-62.9421388888889,NA,50.0461944444444,NA,2016-08-27T13:34:36Z,NA
TEL160802,126,NA,NA,NA,7.3,13.5196,7.3,NA,NA,NA,-62.7200833333333,NA,50.0799166666667,NA,2016-08-27T14:27:20Z
TEL160802,127,NA,NA,NA,10.7,19.816399999999998,10.7,NA,NA,-62.6241111111111,NA,50.0748611111111,NA,2016-08-27T15:36:17Z,NA
TEL160802,127,NA,NA,NA,10.3,19.0756,10.3,NA,NA,NA,-62.8357222222222,NA,49.7904722222222,NA,2016-08-27T17:26:48Z
TEL160802,128,NA,NA,NA,10.5,19.446,10.5,NA,NA,-62.7269444444444,NA,49.8122222222222,NA,2016-08-27T20:18:17Z,NA
TEL160802,128,NA,NA,NA,8.7,16.1124,8.7,NA,NA,NA,-62.7212777777778,NA,49.8242222222222,NA,2016-08-27T20:22:42Z
TEL160802,129,NA,NA,NA,11,20.372,11,NA,NA,-62.6556666666667,NA,49.8294444444444,NA,2016-08-27T21:43:02Z,NA
TEL160802,129,NA,NA,NA,9.3,17.2236,9.3,NA,NA,NA,-62.5806388888889,NA,49.7985277777778,NA,2016-08-27T22:02:56Z
TEL160802,130,NA,NA,NA,10.4,19.260800000000003,10.4,NA,NA,-61.8823333333333,NA,50.0764722222222,NA,2016-08-28T10:58:50Z,NA
TEL160802,130,NA,NA,NA,10,18.52,10,NA,NA,NA,-61.8082777777778,NA,50.0176111111111,NA,2016-08-28T11:25:23Z
TEL160802,131,NA,NA,NA,10.1,18.7052,10.1,NA,NA,-61.7980833333333,NA,50.0169444444444,NA,2016-08-28T11:27:43Z,NA
TEL160802,131,NA,NA,NA,10.6,19.6312,10.6,NA,NA,NA,-61.4418888888889,NA,49.9706944444444,NA,2016-08-28T12:48:52Z
TEL160802,132,NA,NA,NA,10.7,19.816399999999998,10.7,NA,NA,-61.4381388888889,NA,49.9939444444444,NA,2016-08-28T13:56:15Z,NA
TEL160802,132,NA,NA,NA,10.6,19.6312,10.6,NA,NA,NA,-61.3294444444444,NA,49.91975,NA,2016-08-28T14:30:25Z
TEL160802,133,NA,NA,NA,10.3,19.0756,10.3,NA,NA,-61.2815833333333,NA,49.8471388888889,NA,2016-08-28T16:59:52Z,NA
TEL160802,133,NA,NA,NA,8.8,16.297600000000003,8.8,NA,NA,NA,-61.5773333333333,NA,49.8401388888889,NA,2016-08-28T18:06:07Z
TEL160802,134,NA,NA,NA,10.1,18.7052,10.1,NA,NA,-61.5906666666667,NA,49.8437222222222,NA,2016-08-28T18:58:19Z,NA
TEL160802,134,NA,NA,NA,9,16.668,9,NA,NA,NA,-61.6304444444444,NA,49.7626666666667,NA,2016-08-28T19:27:27Z
TEL160802,135,NA,NA,NA,10.5,19.446,10.5,NA,NA,-61.69875,NA,49.7323888888889,NA,2016-08-28T21:43:46Z,NA
TEL160802,135,NA,NA,NA,7.7,14.2604,7.7,NA,NA,NA,-61.7748333333333,NA,49.5532777777778,NA,2016-08-28T22:47:37Z
TEL160802,136,NA,NA,NA,10.1,18.7052,10.1,NA,NA,-61.0764444444444,NA,49.3967777777778,NA,2016-08-29T11:29:19Z,NA
TEL160802,136,NA,NA,NA,8.5,15.742,8.5,NA,NA,NA,-61.2301666666667,NA,49.5779166666667,NA,2016-08-29T12:39:46Z
TEL160802,137,NA,NA,NA,10.4,19.260800000000003,10.4,NA,NA,-60.95575,NA,49.5572777777778,NA,2016-08-29T17:48:27Z,NA
TEL160802,137,NA,NA,NA,9.4,17.408800000000003,9.4,NA,NA,NA,-60.8145277777778,NA,49.5571111111111,NA,2016-08-29T18:21:02Z
TEL160802,138,NA,NA,NA,9.3,17.2236,9.3,NA,NA,-60.7921111111111,NA,49.5609722222222,NA,2016-08-29T19:54:55Z,NA
TEL160802,138,NA,NA,NA,8.1,15.0012,8.1,NA,NA,NA,-60.7495,NA,49.6306666666667,NA,2016-08-29T20:23:36Z
TEL160802,139,NA,NA,NA,9.3,17.2236,9.3,NA,NA,-60.2521944444444,NA,49.8068611111111,NA,2016-08-30T12:09:58Z,NA
TEL160802,139,NA,NA,NA,8.5,15.742,8.5,NA,NA,NA,-60.3264722222222,NA,49.7973333333333,NA,2016-08-30T12:29:43Z
TEL160802,140,NA,NA,NA,9.9,18.3348,9.9,NA,NA,-60.29675,NA,49.7719444444444,NA,2016-08-30T13:29:06Z,NA
TEL160802,140,NA,NA,NA,9.2,17.0384,9.2,NA,NA,NA,-60.2471111111111,NA,49.6883055555556,NA,2016-08-30T14:01:54Z
TEL160802,141,NA,NA,NA,10.4,19.260800000000003,10.4,NA,NA,-60.3088055555556,NA,49.5923611111111,NA,2016-08-30T15:47:17Z,NA
TEL160802,141,NA,NA,NA,9.7,17.9644,9.7,NA,NA,NA,-60.3844166666667,NA,49.5106666666667,NA,2016-08-30T16:22:24Z
TEL160802,142,NA,NA,NA,8.9,16.4828,8.9,NA,NA,-60.4144444444444,NA,49.4877777777778,NA,2016-08-30T17:34:48Z,NA
TEL160802,142,NA,NA,NA,6.8,12.5936,6.8,NA,NA,NA,-60.3573888888889,NA,49.4933333333333,NA,2016-08-30T17:51:03Z
TEL160802,143,NA,NA,NA,10.2,18.8904,10.2,NA,NA,-60.2700555555556,NA,49.475,NA,2016-08-30T19:10:16Z,NA
TEL160802,143,NA,NA,NA,10.4,19.260800000000003,10.4,NA,NA,NA,-59.7058055555556,NA,49.4176666666667,NA,2016-08-30T21:21:07Z
TEL160802,144,NA,NA,NA,9.1,16.8532,9.1,NA,NA,-59.6318888888889,NA,49.3886666666667,NA,2016-08-30T23:13:10Z,NA
TEL160802,144,NA,NA,NA,10.9,20.1868,10.9,NA,NA,NA,-59.6659166666667,NA,49.3173611111111,NA,2016-08-30T23:38:43Z
TEL160802,145,NA,NA,NA,10,18.52,10,NA,NA,-60.6459722222222,NA,48.7243333333333,NA,2016-08-31T11:26:57Z,NA
TEL160802,145,NA,NA,NA,8.9,16.4828,8.9,NA,NA,NA,-60.5681388888889,NA,48.9769166666667,NA,2016-08-31T13:00:20Z
TEL160802,146,NA,NA,NA,10.5,19.446,10.5,NA,NA,-60.6177222222222,NA,49.0322222222222,NA,2016-08-31T13:47:05Z,NA
TEL160802,146,NA,NA,NA,7.9,14.6308,7.9,NA,NA,NA,-60.9732222222222,NA,49.0396944444444,NA,2016-08-31T15:08:24Z
TEL160802,147,NA,NA,NA,8.2,15.186399999999999,8.2,NA,NA,-61.0170555555556,NA,49.0224444444444,NA,2016-08-31T16:31:19Z,NA
TEL160802,147,NA,NA,NA,7.8,14.4456,7.8,NA,NA,NA,-61.1113055555556,NA,48.9567222222222,NA,2016-08-31T17:05:03Z
TEL160802,148,NA,NA,NA,9.8,18.149600000000003,9.8,NA,NA,-61.2363333333333,NA,48.9478888888889,NA,2016-08-31T18:58:17Z,NA
TEL160802,148,NA,NA,NA,8.5,15.742,8.5,NA,NA,NA,-61.4824722222222,NA,48.6821944444444,NA,2016-08-31T20:54:22Z
TEL160802,149,NA,NA,NA,9.9,18.3348,9.9,NA,NA,-61.5085,NA,48.6997777777778,NA,2016-08-31T22:51:20Z,NA
TEL160802,149,NA,NA,NA,10.4,19.260800000000003,10.4,NA,NA,NA,-61.6368333333333,NA,48.8100277777778,NA,2016-08-31T23:41:05Z
TEL160802,150,NA,NA,NA,10.1,18.7052,10.1,NA,NA,-62.9496666666667,NA,48.5344444444444,NA,2016-09-01T12:40:20Z,NA
TEL160802,150,NA,NA,NA,8.2,15.186399999999999,8.2,NA,NA,NA,-63.3469166666667,NA,48.6569166666667,NA,2016-09-01T14:16:22Z
TEL160802,151,NA,NA,NA,11.5,21.298000000000002,11.5,NA,NA,-63.7083333333333,NA,48.6833611111111,NA,2016-09-01T16:36:48Z,NA
TEL160802,151,NA,NA,NA,10.6,19.6312,10.6,NA,NA,NA,-63.8563055555556,NA,48.6783888888889,NA,2016-09-01T17:09:11Z
TEL160802,152,NA,NA,NA,10.4,19.260800000000003,10.4,NA,NA,-63.8836944444444,NA,48.6771388888889,NA,2016-09-01T17:15:24Z,NA
TEL160802,152,NA,NA,NA,10.6,19.6312,10.6,NA,NA,NA,-64.1004722222222,NA,48.6692777777778,NA,2016-09-01T18:04:36Z
TEL160802,153,NA,NA,NA,10.7,19.816399999999998,10.7,NA,NA,-64.1738333333333,NA,48.7046666666667,NA,2016-09-01T18:24:37Z,NA
TEL160802,153,NA,NA,NA,9,16.668,9,NA,NA,NA,-64.2467222222222,NA,48.7494166666667,NA,2016-09-01T18:47:15Z
TEL160802,154,NA,NA,NA,11,20.372,11,NA,NA,-64.264916666666707,NA,48.7603888888889,NA,2016-09-01T18:54:02Z,NA
TEL160802,154,NA,NA,NA,10.9,20.1868,10.9,NA,NA,NA,-64.3174722222222,NA,48.7956111111111,NA,2016-09-01T19:10:16Z
TEL160802,155,NA,NA,NA,11.1,20.5572,11.1,NA,NA,-64.3376666666667,NA,48.8070277777778,NA,2016-09-01T19:16:01Z,NA
TEL160802,155,NA,NA,NA,10.2,18.8904,10.2,NA,NA,NA,-64.4023055555556,NA,48.84075,NA,2016-09-01T19:34:09Z
TEL160902,1,NA,NA,NA,10.3,19.0756,10.3,NA,NA,-64.3811944444444,NA,48.8301111111111,NA,2016-09-02T18:36:38Z,NA
TEL160902,1,NA,NA,NA,9.6,17.7792,9.6,NA,NA,NA,-64.2083055555556,NA,48.7240833333333,NA,2016-09-02T19:30:15Z
TEL160902,2,NA,NA,NA,10.5,19.446,10.5,NA,NA,-64.1899722222222,NA,48.7105,NA,2016-09-02T19:37:46Z,NA
TEL160902,2,NA,NA,NA,10.6,19.6312,10.6,NA,NA,NA,-63.9956666666667,NA,48.5357222222222,NA,2016-09-02T20:52:16Z
TEL160902,3,NA,NA,NA,11.1,20.5572,11.1,NA,NA,-64.0898611111111,NA,46.3207777777778,NA,2016-09-03T11:06:16Z,NA
TEL160902,3,NA,NA,NA,10.8,20.001600000000003,10.8,NA,NA,NA,-63.8757777777778,NA,46.27325,NA,2016-09-03T11:56:43Z
TEL160902,4,NA,NA,NA,10.9,20.1868,10.9,NA,NA,-63.8613888888889,NA,46.2678055555556,NA,2016-09-03T12:00:26Z,NA
TEL160902,4,NA,NA,NA,8.7,16.1124,8.7,NA,NA,NA,-63.7816111111111,NA,46.2282777777778,NA,2016-09-03T12:22:08Z
TEL160902,5,NA,NA,NA,8.6,15.927200000000001,8.6,NA,NA,-63.7762222222222,NA,46.2249444444444,NA,2016-09-03T12:24:14Z,NA
TEL160902,5,NA,NA,NA,11.9,22.038800000000002,11.9,NA,NA,NA,-63.7375,NA,46.2008333333333,NA,2016-09-03T12:38:13Z
TEL160902,6,NA,NA,NA,11.9,22.038800000000002,11.9,NA,NA,-63.7318888888889,NA,46.1974444444444,NA,2016-09-03T12:39:48Z,NA
TEL160902,6,NA,NA,NA,10.2,18.8904,10.2,NA,NA,NA,-63.3676111111111,NA,46.0319444444444,NA,2016-09-03T14:18:10Z
TEL160902,8,NA,NA,NA,9.8,18.149600000000003,9.8,NA,NA,-63.1742777777778,NA,46.0541944444444,NA,2016-09-03T21:58:09Z,NA
TEL160902,8,NA,NA,NA,9.2,17.0384,9.2,NA,NA,NA,-63.2215833333333,NA,46.0521944444444,NA,2016-09-03T22:10:22Z
TEL160902,9,NA,NA,NA,9.6,17.7792,9.6,NA,NA,-63.2396388888889,NA,46.055,NA,2016-09-03T22:15:12Z,NA
TEL160902,9,NA,NA,NA,9.4,17.408800000000003,9.4,NA,NA,NA,-63.2795277777778,NA,46.0644722222222,NA,2016-09-03T22:26:12Z
TEL160902,10,NA,NA,NA,9.3,17.2236,9.3,NA,NA,-62.3986111111111,NA,45.8193055555556,NA,2016-09-04T12:06:26Z,NA
TEL160902,10,NA,NA,NA,10.4,19.260800000000003,10.4,NA,NA,NA,-62.4947222222222,NA,45.8608333333333,NA,2016-09-04T12:34:15Z
TEL160902,12,NA,NA,NA,10.5,19.446,10.5,NA,NA,-62.6453611111111,NA,45.8716944444444,NA,2016-09-04T13:10:48Z,NA
TEL160902,12,NA,NA,NA,10.7,19.816399999999998,10.7,NA,NA,NA,-62.7633611111111,NA,45.8610833333333,NA,2016-09-04T13:38:40Z
TEL160902,13,NA,NA,NA,11.5,21.298000000000002,11.5,NA,NA,-62.8748333333333,NA,45.8524444444444,NA,2016-09-04T14:25:04Z,NA
TEL160902,13,NA,NA,NA,11.3,20.9276,11.3,NA,NA,NA,-62.9003333333333,NA,45.8467777777778,NA,2016-09-04T14:30:55Z
TEL160902,14,NA,NA,NA,10.6,19.6312,10.6,NA,NA,-63.1029444444444,NA,45.9204166666667,NA,2016-09-04T17:04:13Z,NA
TEL160902,14,NA,NA,NA,8.5,15.742,8.5,NA,NA,NA,-63.11,NA,45.9394722222222,NA,2016-09-04T17:11:13Z
TEL160902,15,NA,NA,NA,10.5,19.446,10.5,NA,NA,-63.1295277777778,NA,45.9934166666667,NA,2016-09-04T17:42:00Z,NA
TEL160902,15,NA,NA,NA,8.9,16.4828,8.9,NA,NA,NA,-63.1426666666667,NA,46.0330277777778,NA,2016-09-04T17:55:56Z
TEL160902,16,NA,NA,NA,10.7,19.816399999999998,10.7,NA,NA,-63.1413611111111,NA,46.0587777777778,NA,2016-09-04T18:06:23Z,NA
TEL160902,16,NA,NA,NA,8.7,16.1124,8.7,NA,NA,NA,-63.1298333333333,NA,46.0825,NA,2016-09-04T18:15:01Z
TEL160902,17,NA,NA,NA,10.4,19.260800000000003,10.4,NA,NA,-63.1016388888889,NA,46.1565,NA,2016-09-04T18:51:04Z,NA
TEL160902,17,NA,NA,NA,8.3,15.371600000000003,8.3,NA,NA,NA,-63.1102777777778,NA,46.1703888888889,NA,2016-09-04T18:56:35Z
TEL160902,18,NA,NA,NA,8.1,15.0012,8.1,NA,NA,-63.1127222222222,NA,46.1748333333333,NA,2016-09-04T18:58:41Z,NA
TEL160902,18,NA,NA,NA,7.3,13.5196,7.3,NA,NA,NA,-63.1288611111111,NA,46.1990555555556,NA,2016-09-04T19:11:28Z
TEL160902,19,NA,NA,NA,8.6,15.927200000000001,8.6,NA,NA,-63.11725,NA,46.1812777777778,NA,2016-09-06T22:33:01Z,NA
TEL160902,19,NA,NA,NA,9.4,17.408800000000003,9.4,NA,NA,NA,-63.0986666666667,NA,46.1473611111111,NA,2016-09-06T22:47:07Z
TEL160902,20,NA,NA,NA,9.4,17.408800000000003,9.4,NA,NA,-63.1009166666667,NA,46.1386388888889,NA,2016-09-06T22:50:32Z,NA
TEL160902,20,NA,NA,NA,10.2,18.8904,10.2,NA,NA,NA,-63.14775,NA,46.0572777777778,NA,2016-09-06T23:20:51Z
TEL160902,21,NA,NA,NA,11.3,20.9276,11.3,NA,NA,-62.9505833333333,NA,45.86975,NA,2016-09-07T10:46:32Z,NA
TEL160902,21,NA,NA,NA,11.5,21.298000000000002,11.5,NA,NA,NA,-62.7143055555556,NA,45.8746111111111,NA,2016-09-07T11:38:44Z
TEL160902,22,NA,NA,NA,11.8,21.853600000000004,11.8,NA,NA,-62.7051111111111,NA,45.87375,NA,2016-09-07T11:40:45Z,NA
TEL160902,22,NA,NA,NA,11.5,21.298000000000002,11.5,NA,NA,NA,-62.6581666666667,NA,45.8720833333333,NA,2016-09-07T11:51:14Z
TEL160902,23,NA,NA,NA,10.5,19.446,10.5,NA,NA,-62.6273333333333,NA,45.8881944444444,NA,2016-09-07T13:26:18Z,NA
TEL160902,23,NA,NA,NA,10.9,20.1868,10.9,NA,NA,NA,-62.4528333333333,NA,45.84775,NA,2016-09-07T14:09:43Z
TEL160902,24,NA,NA,NA,10.8,20.001600000000003,10.8,NA,NA,-62.4429444444444,NA,45.8438333333333,NA,2016-09-07T14:12:22Z,NA
TEL160902,24,NA,NA,NA,9.6,17.7792,9.6,NA,NA,NA,-62.4174166666667,NA,45.8316944444444,NA,2016-09-07T14:19:51Z
TEL160902,25,NA,NA,NA,9.5,17.594,9.5,NA,NA,-62.4044444444444,NA,45.8388333333333,NA,2016-09-07T19:16:30Z,NA
TEL160902,25,NA,NA,NA,8.6,15.927200000000001,8.6,NA,NA,NA,-62.2826388888889,NA,45.8461666666667,NA,2016-09-07T19:47:26Z
TEL160902,26,NA,NA,NA,10.1,18.7052,10.1,NA,NA,-62.2276388888889,NA,45.8699166666667,NA,2016-09-07T22:23:36Z,NA
TEL160902,26,NA,NA,NA,8.8,16.297600000000003,8.8,NA,NA,NA,-62.2203888888889,NA,45.9487777777778,NA,2016-09-07T22:51:39Z
TEL160902,27,NA,NA,NA,9.8,18.149600000000003,9.8,NA,NA,-61.6704722222222,NA,45.9420277777778,NA,2016-09-08T12:52:17Z,NA
TEL160902,27,NA,NA,NA,8.1,15.0012,8.1,NA,NA,NA,-61.6933055555556,NA,46.0752222222222,NA,2016-09-08T13:39:43Z
TEL160902,28,NA,NA,NA,10,18.52,10,NA,NA,-61.6905833333333,NA,46.0990555555556,NA,2016-09-08T15:18:39Z,NA
TEL160902,28,NA,NA,NA,6.8,12.5936,6.8,NA,NA,NA,-61.6391944444444,NA,46.1581388888889,NA,2016-09-08T15:43:37Z
TEL160902,29,NA,NA,NA,9.8,18.149600000000003,9.8,NA,NA,-61.6317777777778,NA,46.1673055555556,NA,2016-09-08T15:48:38Z,NA
TEL160902,29,NA,NA,NA,10.2,18.8904,10.2,NA,NA,NA,-61.6170555555556,NA,46.1904166666667,NA,2016-09-08T15:57:36Z
TEL160902,31,NA,NA,NA,10.4,19.260800000000003,10.4,NA,NA,-61.6985,NA,46.2492222222222,NA,2016-09-08T18:28:14Z,NA
TEL160902,31,NA,NA,NA,8.1,15.0012,8.1,NA,NA,NA,-61.7486111111111,NA,46.2483888888889,NA,2016-09-08T18:40:25Z
TEL160902,32,NA,NA,NA,10.4,19.260800000000003,10.4,NA,NA,-61.7869444444444,NA,46.2472777777778,NA,2016-09-08T18:51:53Z,NA
TEL160902,32,NA,NA,NA,8.1,15.0012,8.1,NA,NA,NA,-61.8679444444444,NA,46.2449444444444,NA,2016-09-08T19:11:45Z
TEL160902,33,NA,NA,NA,10.3,19.0756,10.3,NA,NA,-61.8876944444444,NA,46.2391666666667,NA,2016-09-08T20:47:20Z,NA
TEL160902,33,NA,NA,NA,9.8,18.149600000000003,9.8,NA,NA,NA,-62.0701666666667,NA,46.2518611111111,NA,2016-09-08T21:32:36Z
TEL160902,34,NA,NA,NA,9.9,18.3348,9.9,NA,NA,-62.2057222222222,NA,46.2749444444444,NA,2016-09-08T22:07:50Z,NA
TEL160902,34,NA,NA,NA,9.2,17.0384,9.2,NA,NA,NA,-62.2828055555556,NA,46.2730277777778,NA,2016-09-08T22:27:05Z
TEL160902,36,NA,NA,NA,9.8,18.149600000000003,9.8,NA,NA,-61.8049444444444,NA,46.5985,NA,2016-09-09T13:53:39Z,NA
TEL160902,36,NA,NA,NA,10.3,19.0756,10.3,NA,NA,NA,-61.8096666666667,NA,46.6086666666667,NA,2016-09-09T13:57:25Z
TEL160902,37,NA,NA,NA,9,16.668,9,NA,NA,-61.8054444444444,NA,46.64225,NA,2016-09-09T16:47:46Z,NA
TEL160902,37,NA,NA,NA,8.8,16.297600000000003,8.8,NA,NA,NA,-61.8970277777778,NA,46.7412222222222,NA,2016-09-09T17:30:28Z
TEL160902,38,NA,NA,NA,9.3,17.2236,9.3,NA,NA,-61.9222777777778,NA,46.7570277777778,NA,2016-09-09T19:41:54Z,NA
TEL160902,38,NA,NA,NA,8.1,15.0012,8.1,NA,NA,NA,-62.0424444444444,NA,46.7770555555556,NA,2016-09-09T20:13:42Z
TEL160902,39,NA,NA,NA,9.7,17.9644,9.7,NA,NA,-62.0895833333333,NA,46.7854722222222,NA,2016-09-09T20:29:36Z,NA
TEL160902,39,NA,NA,NA,10.2,18.8904,10.2,NA,NA,NA,-62.3121666666667,NA,46.8188611111111,NA,2016-09-09T21:28:07Z
TEL160902,40,NA,NA,NA,6.5,12.038,6.5,NA,NA,-62.6420277777778,NA,47.0676388888889,NA,2016-09-10T11:59:36Z,NA
TEL160902,40,NA,NA,NA,9.4,17.408800000000003,9.4,NA,NA,NA,-62.6487777777778,NA,47.0653888888889,NA,2016-09-10T12:02:02Z
TEL160902,41,NA,NA,NA,9.6,17.7792,9.6,NA,NA,-62.6565833333333,NA,47.0627777777778,NA,2016-09-10T12:04:20Z,NA
TEL160902,41,NA,NA,NA,8.6,15.927200000000001,8.6,NA,NA,NA,-62.9978333333333,NA,46.9254722222222,NA,2016-09-10T13:45:08Z
TEL160902,42,NA,NA,NA,9.9,18.3348,9.9,NA,NA,-63.1235833333333,NA,46.8705555555556,NA,2016-09-10T17:33:12Z,NA
TEL160902,42,NA,NA,NA,10.3,19.0756,10.3,NA,NA,NA,-63.2572777777778,NA,46.8873611111111,NA,2016-09-10T18:06:22Z
TEL160902,43,NA,NA,NA,10.4,19.260800000000003,10.4,NA,NA,-63.3561666666667,NA,46.8716944444444,NA,2016-09-10T20:02:18Z,NA
TEL160902,43,NA,NA,NA,10.2,18.8904,10.2,NA,NA,NA,-63.5495555555556,NA,46.7884166666667,NA,2016-09-10T20:56:54Z
TEL160902,44,NA,NA,NA,10.3,19.0756,10.3,NA,NA,-63.6613611111111,NA,46.7473055555556,NA,2016-09-10T22:39:09Z,NA
TEL160902,44,NA,NA,NA,8.2,15.186399999999999,8.2,NA,NA,NA,-63.745,NA,46.7320277777778,NA,2016-09-10T23:00:16Z
TEL160902,45,NA,NA,NA,9.5,17.594,9.5,NA,NA,-64.0815277777778,NA,47.2154444444445,NA,2016-09-11T12:19:30Z,NA
TEL160902,45,NA,NA,NA,8.3,15.371600000000003,8.3,NA,NA,NA,-64.2653611111111,NA,47.20125,NA,2016-09-11T13:08:32Z
TEL160902,46,NA,NA,NA,8.9,16.4828,8.9,NA,NA,-64.1984722222222,NA,47.2025555555556,NA,2016-09-11T14:19:13Z,NA
TEL160902,46,NA,NA,NA,9.3,17.2236,9.3,NA,NA,NA,-64.2865555555556,NA,47.0729722222222,NA,2016-09-11T15:15:07Z
TEL160902,47,NA,NA,NA,8.8,16.297600000000003,8.8,NA,NA,-64.3367222222222,NA,46.9975,NA,2016-09-11T17:23:06Z,NA
TEL160902,47,NA,NA,NA,7.9,14.6308,7.9,NA,NA,NA,-64.3336388888889,NA,46.8955277777778,NA,2016-09-11T18:04:38Z
TEL160902,48,NA,NA,NA,9.6,17.7792,9.6,NA,NA,-64.3496944444444,NA,46.93475,NA,2016-09-11T19:20:44Z,NA
TEL160902,48,NA,NA,NA,6.2,11.4824,6.2,NA,NA,NA,-64.46775,NA,46.9284722222222,NA,2016-09-11T19:50:56Z
TEL160902,49,NA,NA,NA,9.6,17.7792,9.6,NA,NA,-64.4867777777778,NA,46.93925,NA,2016-09-11T20:08:42Z,NA
TEL160902,49,NA,NA,NA,7.4,13.7048,7.4,NA,NA,NA,-64.5500833333333,NA,46.9366388888889,NA,2016-09-11T20:25:27Z
TEL160902,50,NA,NA,NA,10.3,19.0756,10.3,NA,NA,-64.5255555555556,NA,46.9485,NA,2016-09-11T20:36:16Z,NA
TEL160902,50,NA,NA,NA,9.7,17.9644,9.7,NA,NA,NA,-64.3663055555556,NA,47.0123611111111,NA,2016-09-11T21:21:22Z
TEL160902,51,NA,NA,NA,10.1,18.7052,10.1,NA,NA,-64.2545,NA,47.0551666666667,NA,2016-09-11T21:53:08Z,NA
TEL160902,51,NA,NA,NA,8.8,16.297600000000003,8.8,NA,NA,NA,-64.1895,NA,47.0798611111111,NA,2016-09-11T22:11:17Z
TEL160902,52,NA,NA,NA,10.4,19.260800000000003,10.4,NA,NA,-64.6321666666667,NA,47.3993333333333,NA,2016-09-12T11:49:13Z,NA
TEL160902,52,NA,NA,NA,10,18.52,10,NA,NA,NA,-64.5962222222222,NA,47.4765277777778,NA,2016-09-12T12:17:38Z
TEL160902,53,NA,NA,NA,9.8,18.149600000000003,9.8,NA,NA,-64.5788888888889,NA,47.4767222222222,NA,2016-09-12T14:09:27Z,NA
TEL160902,53,NA,NA,NA,10.1,18.7052,10.1,NA,NA,NA,-64.49725,NA,47.6107222222222,NA,2016-09-12T15:00:21Z
TEL160902,54,NA,NA,NA,10.4,19.260800000000003,10.4,NA,NA,-64.4457777777778,NA,47.70825,NA,2016-09-12T15:36:35Z,NA
TEL160902,54,NA,NA,NA,8.7,16.1124,8.7,NA,NA,NA,-64.3544166666667,NA,47.8589166666667,NA,2016-09-12T16:33:51Z
TEL160902,55,NA,NA,NA,10.1,18.7052,10.1,NA,NA,-64.2906111111111,NA,47.91975,NA,2016-09-12T18:33:51Z,NA
TEL160902,55,NA,NA,NA,8.2,15.186399999999999,8.2,NA,NA,NA,-64.2079722222222,NA,47.9789722222222,NA,2016-09-12T19:04:50Z
TEL160902,56,NA,NA,NA,8.1,15.0012,8.1,NA,NA,-64.2185555555556,NA,47.9986666666667,NA,2016-09-12T20:30:42Z,NA
TEL160902,56,NA,NA,NA,8.4,15.5568,8.4,NA,NA,NA,-64.2813333333333,NA,48.1105555555556,NA,2016-09-12T21:23:51Z
TEL160902,57,NA,NA,NA,8.9,16.4828,8.9,NA,NA,-64.4184166666667,NA,48.1246666666667,NA,2016-09-12T22:04:47Z,NA
TEL160902,57,NA,NA,NA,9.7,17.9644,9.7,NA,NA,NA,-64.5740277777778,NA,48.1135555555556,NA,2016-09-12T22:44:11Z
TEL160902,58,NA,NA,NA,9.1,16.8532,9.1,NA,NA,-66.2430555555556,NA,48.0523611111111,NA,2016-09-14T11:31:13Z,NA
TEL160902,58,NA,NA,NA,9.3,17.2236,9.3,NA,NA,NA,-65.9039722222222,NA,47.9854444444444,NA,2016-09-14T13:03:54Z
TEL160902,59,NA,NA,NA,8.9,16.4828,8.9,NA,NA,-65.8260833333333,NA,47.9651944444444,NA,2016-09-14T14:50:06Z,NA
TEL160902,59,NA,NA,NA,9.2,17.0384,9.2,NA,NA,NA,-65.6728055555556,NA,47.9226111111111,NA,2016-09-14T15:34:18Z
TEL160902,60,NA,NA,NA,7,12.964,7,NA,NA,-65.5986388888889,NA,47.9171944444444,NA,2016-09-14T18:36:14Z,NA
TEL160902,60,NA,NA,NA,10,18.52,10,NA,NA,NA,-65.5896944444444,NA,47.9176388888889,NA,2016-09-14T18:38:28Z
TEL160902,61,NA,NA,NA,10.1,18.7052,10.1,NA,NA,-65.5822222222222,NA,47.9180277777778,NA,2016-09-14T18:40:18Z,NA
TEL160902,61,NA,NA,NA,9.2,17.0384,9.2,NA,NA,NA,-65.1794444444444,NA,47.9289444444444,NA,2016-09-14T20:09:51Z
TEL160902,62,NA,NA,NA,11,20.372,11,NA,NA,-65.1012777777778,NA,47.9309444444444,NA,2016-09-14T22:08:09Z,NA
TEL160902,62,NA,NA,NA,9.2,17.0384,9.2,NA,NA,NA,-64.8127222222222,NA,47.9564722222222,NA,2016-09-14T23:18:09Z
TEL160902,63,NA,NA,NA,10.9,20.1868,10.9,NA,NA,-64.2095,NA,48.3206944444444,NA,2016-09-15T11:18:56Z,NA
TEL160902,63,NA,NA,NA,8.6,15.927200000000001,8.6,NA,NA,NA,-64.1012222222222,NA,48.3496111111111,NA,2016-09-15T11:45:33Z
TEL160902,64,NA,NA,NA,2.9,5.3708,2.9,NA,NA,-64.0064444444444,NA,48.3416944444444,NA,2016-09-15T14:02:55Z,NA
TEL160902,64,NA,NA,NA,8.7,16.1124,8.7,NA,NA,NA,-63.9891944444444,NA,48.3414166666667,NA,2016-09-15T14:07:40Z
TEL160902,65,NA,NA,NA,11,20.372,11,NA,NA,-63.9080833333333,NA,48.2373055555556,NA,2016-09-15T18:38:21Z,NA
TEL160902,65,NA,NA,NA,9.1,16.8532,9.1,NA,NA,NA,-63.8906111111111,NA,48.1791111111111,NA,2016-09-15T18:58:07Z
TEL160902,66,NA,NA,NA,9.9,18.3348,9.9,NA,NA,-63.8846388888889,NA,48.2123055555556,NA,2016-09-15T20:20:52Z,NA
TEL160902,66,NA,NA,NA,8.2,15.186399999999999,8.2,NA,NA,NA,-63.6674166666667,NA,48.1805277777778,NA,2016-09-15T21:12:53Z
TEL160902,67,NA,NA,NA,10.2,18.8904,10.2,NA,NA,-63.7221666666667,NA,48.2033055555556,NA,2016-09-15T22:45:13Z,NA
TEL160902,67,NA,NA,NA,10.5,19.446,10.5,NA,NA,NA,-63.6131666666667,NA,48.3090277777778,NA,2016-09-15T23:29:36Z
TEL160902,68,NA,NA,NA,8.2,15.186399999999999,8.2,NA,NA,-63.8816944444444,NA,48.7533888888889,NA,2016-09-16T13:44:23Z,NA
TEL160902,68,NA,NA,NA,6.7,12.4084,6.7,NA,NA,NA,-63.8765,NA,48.7664166666667,NA,2016-09-16T13:50:20Z
TEL160902,69,NA,NA,NA,10.6,19.6312,10.6,NA,NA,-63.8986388888889,NA,48.8785833333333,NA,2016-09-16T16:12:15Z,NA
TEL160902,69,NA,NA,NA,11.1,20.5572,11.1,NA,NA,NA,-63.9000555555556,NA,48.9950555555556,NA,2016-09-16T16:51:15Z
TEL160902,70,NA,NA,NA,11.1,20.5572,11.1,NA,NA,-63.9026388888889,NA,49.0038055555556,NA,2016-09-16T16:54:09Z,NA
TEL160902,70,NA,NA,NA,9.3,17.2236,9.3,NA,NA,NA,-63.9179722222222,NA,49.0578888888889,NA,2016-09-16T17:12:04Z
TEL160902,71,NA,NA,NA,9.8,18.149600000000003,9.8,NA,NA,-63.8785555555556,NA,48.9963888888889,NA,2016-09-16T19:15:40Z,NA
TEL160902,71,NA,NA,NA,10.7,19.816399999999998,10.7,NA,NA,NA,-63.8293333333333,NA,48.9483611111111,NA,2016-09-16T19:35:55Z
TEL160902,72,NA,NA,NA,6.5,12.038,6.5,NA,NA,-63.717,NA,48.8913611111111,NA,2016-09-16T22:03:33Z,NA
TEL160902,72,NA,NA,NA,4.1,7.5931999999999995,4.1,NA,NA,NA,-63.6689444444444,NA,48.8592777777778,NA,2016-09-16T22:29:59Z
TEL160902,73,NA,NA,NA,10,18.52,10,NA,NA,-63.2023055555556,NA,48.6584166666667,NA,2016-09-17T12:23:18Z,NA
TEL160902,73,NA,NA,NA,10.3,19.0756,10.3,NA,NA,NA,-62.9296111111111,NA,48.5856111111111,NA,2016-09-17T13:31:00Z
TEL160902,74,NA,NA,NA,9.7,17.9644,9.7,NA,NA,-62.9470277777778,NA,48.4559722222222,NA,2016-09-17T16:03:52Z,NA
TEL160902,74,NA,NA,NA,9.5,17.594,9.5,NA,NA,NA,-62.9574166666667,NA,48.4451666666667,NA,2016-09-17T16:08:56Z
TEL160902,75,NA,NA,NA,8.9,16.4828,8.9,NA,NA,-62.9509444444444,NA,48.4443888888889,NA,2016-09-17T18:01:04Z,NA
TEL160902,75,NA,NA,NA,7.1,13.1492,7.1,NA,NA,NA,-63.0910555555556,NA,48.4332777777778,NA,2016-09-17T18:35:52Z
TEL160902,76,NA,NA,NA,5.1,9.4452,5.1,NA,NA,-62.9989444444444,NA,48.4112222222222,NA,2016-09-17T19:52:54Z,NA
TEL160902,76,NA,NA,NA,3.6,6.6672,3.6,NA,NA,NA,-62.9739444444444,NA,48.3877222222222,NA,2016-09-17T20:15:26Z
TEL160902,77,NA,NA,NA,9.2,17.0384,9.2,NA,NA,-63.10625,NA,48.3895555555556,NA,2016-09-17T21:34:08Z,NA
TEL160902,77,NA,NA,NA,7.4,13.7048,7.4,NA,NA,NA,-63.2893888888889,NA,48.3494722222222,NA,2016-09-17T22:23:52Z
TEL160902,78,NA,NA,NA,8,14.816,8,NA,NA,-62.5336111111111,NA,48.3581944444444,NA,2016-09-18T13:43:08Z,NA
TEL160902,78,NA,NA,NA,8.1,15.0012,8.1,NA,NA,NA,-62.5452777777778,NA,48.3353888888889,NA,2016-09-18T13:54:15Z
TEL160902,79,NA,NA,NA,7.8,14.4456,7.8,NA,NA,-62.5469722222222,NA,48.3334444444444,NA,2016-09-18T13:55:19Z,NA
TEL160902,79,NA,NA,NA,8.9,16.4828,8.9,NA,NA,NA,-62.6463888888889,NA,48.2240555555556,NA,2016-09-18T14:48:55Z
TEL160902,80,NA,NA,NA,9,16.668,9,NA,NA,-62.5878888888889,NA,48.1469722222222,NA,2016-09-18T19:00:55Z,NA
TEL160902,80,NA,NA,NA,8,14.816,8,NA,NA,NA,-62.5254166666667,NA,48.0323611111111,NA,2016-09-18T19:47:41Z
TEL160902,81,NA,NA,NA,10.9,20.1868,10.9,NA,NA,-62.2903055555556,NA,48.0266388888889,NA,2016-09-18T22:21:00Z,NA
TEL160902,81,NA,NA,NA,11,20.372,11,NA,NA,NA,-62.0638055555556,NA,47.9786666666667,NA,2016-09-18T23:14:23Z
TEL160902,82,NA,NA,NA,8.6,15.927200000000001,8.6,NA,NA,-61.3346944444444,NA,48.1415555555556,NA,2016-09-19T17:11:46Z,NA
TEL160902,82,NA,NA,NA,9.2,17.0384,9.2,NA,NA,NA,-61.1795,NA,48.1268055555556,NA,2016-09-19T17:55:20Z
TEL160902,83,NA,NA,NA,8.7,16.1124,8.7,NA,NA,-61.1728055555556,NA,48.1234166666667,NA,2016-09-19T17:57:38Z,NA
TEL160902,83,NA,NA,NA,8.5,15.742,8.5,NA,NA,NA,-61.1291388888889,NA,48.1013611111111,NA,2016-09-19T18:12:49Z
TEL160902,86,NA,NA,NA,9.8,18.149600000000003,9.8,NA,NA,-61.9770277777778,NA,47.6389444444444,NA,2016-09-20T12:19:07Z,NA
TEL160902,86,NA,NA,NA,6.9,12.778800000000002,6.9,NA,NA,NA,-62.3566666666667,NA,47.6871666666667,NA,2016-09-20T13:53:50Z
TEL160902,87,NA,NA,NA,10.1,18.7052,10.1,NA,NA,-62.4153888888889,NA,47.6258611111111,NA,2016-09-20T15:46:14Z,NA
TEL160902,87,NA,NA,NA,8.2,15.186399999999999,8.2,NA,NA,NA,-62.6136111111111,NA,47.5288611111111,NA,2016-09-20T16:44:13Z
TEL160902,88,NA,NA,NA,10.8,20.001600000000003,10.8,NA,NA,-62.7208333333333,NA,47.5259722222222,NA,2016-09-20T18:06:38Z,NA
TEL160902,88,NA,NA,NA,8.6,15.927200000000001,8.6,NA,NA,NA,-62.9533055555556,NA,47.6254444444444,NA,2016-09-20T19:10:50Z
TEL160902,89,NA,NA,NA,10.2,18.8904,10.2,NA,NA,-62.9918055555556,NA,47.6611666666667,NA,2016-09-20T20:25:06Z,NA
TEL160902,89,NA,NA,NA,10.8,20.001600000000003,10.8,NA,NA,NA,-62.7731388888889,NA,47.7276111111111,NA,2016-09-20T21:19:56Z
TEL160902,90,NA,NA,NA,10.6,19.6312,10.6,NA,NA,-62.6375,NA,47.7696111111111,NA,2016-09-20T21:54:11Z,NA
TEL160902,90,NA,NA,NA,8.7,16.1124,8.7,NA,NA,NA,-62.5551111111111,NA,47.7969444444444,NA,2016-09-20T22:15:30Z
TEL160902,91,NA,NA,NA,10.9,20.1868,10.9,NA,NA,-63.399,NA,47.9118055555556,NA,2016-09-21T11:36:42Z,NA
TEL160902,91,NA,NA,NA,8.9,16.4828,8.9,NA,NA,NA,-63.3887222222222,NA,47.8691388888889,NA,2016-09-21T11:51:00Z
TEL160902,92,NA,NA,NA,9.3,17.2236,9.3,NA,NA,-63.3871388888889,NA,47.8206388888889,NA,2016-09-21T13:06:02Z,NA
TEL160902,92,NA,NA,NA,9.2,17.0384,9.2,NA,NA,NA,-63.5021111111111,NA,47.8946388888889,NA,2016-09-21T13:47:08Z
TEL160902,93,NA,NA,NA,9.9,18.3348,9.9,NA,NA,-63.6602777777778,NA,47.9571388888889,NA,2016-09-21T15:30:54Z,NA
TEL160902,93,NA,NA,NA,8.7,16.1124,8.7,NA,NA,NA,-63.75225,NA,47.9741111111111,NA,2016-09-21T15:54:08Z
TEL160902,94,NA,NA,NA,10.2,18.8904,10.2,NA,NA,-63.79925,NA,47.9545555555556,NA,2016-09-21T17:36:56Z,NA
TEL160902,94,NA,NA,NA,8.3,15.371600000000003,8.3,NA,NA,NA,-63.8770555555556,NA,47.9329166666667,NA,2016-09-21T17:57:06Z
TEL160902,96,NA,NA,NA,10.3,19.0756,10.3,NA,NA,-63.8777777777778,NA,47.8189166666667,NA,2016-09-21T21:47:21Z,NA
TEL160902,96,NA,NA,NA,9.7,17.9644,9.7,NA,NA,NA,-64.0176944444444,NA,47.7818888888889,NA,2016-09-21T22:22:23Z
TEL160902,97,NA,NA,NA,10.2,18.8904,10.2,NA,NA,-63.7589444444444,NA,47.5671944444444,NA,2016-09-22T12:33:34Z,NA
TEL160902,97,NA,NA,NA,9.4,17.408800000000003,9.4,NA,NA,NA,-63.6381944444444,NA,47.5959444444444,NA,2016-09-22T13:02:37Z
TEL160902,98,NA,NA,NA,7.9,14.6308,7.9,NA,NA,-63.5728611111111,NA,47.5456388888889,NA,2016-09-22T14:46:29Z,NA
TEL160902,98,NA,NA,NA,5.8,10.7416,5.8,NA,NA,NA,-63.6649166666667,NA,47.4695277777778,NA,2016-09-22T15:35:22Z
TEL160902,99,NA,NA,NA,10.8,20.001600000000003,10.8,NA,NA,-63.5919722222222,NA,47.4849444444444,NA,2016-09-22T17:18:10Z,NA
TEL160902,99,NA,NA,NA,8.6,15.927200000000001,8.6,NA,NA,NA,-63.3699722222222,NA,47.4076666666667,NA,2016-09-22T18:15:05Z
TEL160902,100,NA,NA,NA,10.2,18.8904,10.2,NA,NA,-63.3866388888889,NA,47.3654722222222,NA,2016-09-22T20:21:44Z,NA
TEL160902,100,NA,NA,NA,8.7,16.1124,8.7,NA,NA,NA,-63.4871111111111,NA,47.2350833333333,NA,2016-09-22T21:13:43Z
TEL160902,101,NA,NA,NA,10.2,18.8904,10.2,NA,NA,-63.4855555555556,NA,47.2455833333333,NA,2016-09-22T22:39:38Z,NA
TEL160902,101,NA,NA,NA,10.5,19.446,10.5,NA,NA,NA,-63.5385833333333,NA,47.1794444444444,NA,2016-09-22T23:05:56Z
TEL160902,102,NA,NA,NA,10.5,19.446,10.5,NA,NA,-63.0051944444444,NA,47.2859722222222,NA,2016-09-23T14:10:16Z,NA
TEL160902,102,NA,NA,NA,10.8,20.001600000000003,10.8,NA,NA,NA,-62.9085833333333,NA,47.2295277777778,NA,2016-09-23T14:39:18Z
TEL160902,103,NA,NA,NA,10.9,20.1868,10.9,NA,NA,-62.9056944444444,NA,47.2273611111111,NA,2016-09-23T14:40:16Z,NA
TEL160902,103,NA,NA,NA,8.9,16.4828,8.9,NA,NA,NA,-62.8639444444444,NA,47.19575,NA,2016-09-23T14:54:27Z
TEL160902,104,NA,NA,NA,10.4,19.260800000000003,10.4,NA,NA,-62.8713055555556,NA,47.2178611111111,NA,2016-09-23T17:00:23Z,NA
TEL160902,104,NA,NA,NA,7.7,14.2604,7.7,NA,NA,NA,-62.7234722222222,NA,47.1871111111111,NA,2016-09-23T17:37:11Z
TEL160902,105,NA,NA,NA,9.2,17.0384,9.2,NA,NA,-62.7754722222222,NA,47.1992222222222,NA,2016-09-23T19:13:07Z,NA
TEL160902,105,NA,NA,NA,9.7,17.9644,9.7,NA,NA,NA,-62.4765277777778,NA,47.2991944444444,NA,2016-09-23T20:37:50Z
TEL160902,106,NA,NA,NA,9.7,17.9644,9.7,NA,NA,-62.4677777777778,NA,47.3005833333333,NA,2016-09-23T20:40:06Z,NA
TEL160902,106,NA,NA,NA,7.7,14.2604,7.7,NA,NA,NA,-62.4181944444444,NA,47.3088055555556,NA,2016-09-23T20:53:09Z
TEL160902,107,NA,NA,NA,10.7,19.816399999999998,10.7,NA,NA,-62.4992777777778,NA,47.2108611111111,NA,2016-09-23T22:37:59Z,NA
TEL160902,107,NA,NA,NA,10.5,19.446,10.5,NA,NA,NA,-62.5151388888889,NA,47.1363611111111,NA,2016-09-23T23:03:37Z
TEL160902,108,NA,NA,NA,8.7,16.1124,8.7,NA,NA,-63.2001666666667,NA,46.5218333333333,NA,2016-09-24T12:18:38Z,NA
TEL160902,108,NA,NA,NA,8.3,15.371600000000003,8.3,NA,NA,NA,-63.0231388888889,NA,46.5015277777778,NA,2016-09-24T13:04:10Z
TEL160902,109,NA,NA,NA,8,14.816,8,NA,NA,-62.9831666666667,NA,46.4876944444444,NA,2016-09-24T14:43:34Z,NA
TEL160902,109,NA,NA,NA,9.3,17.2236,9.3,NA,NA,NA,-62.93175,NA,46.4913055555556,NA,2016-09-24T14:59:22Z
TEL160902,110,NA,NA,NA,10.5,19.446,10.5,NA,NA,-62.9228333333333,NA,46.4915,NA,2016-09-24T15:01:30Z,NA
TEL160902,110,NA,NA,NA,10.6,19.6312,10.6,NA,NA,NA,-62.7693888888889,NA,46.4936111111111,NA,2016-09-24T15:37:48Z
TEL160902,111,NA,NA,NA,10.3,19.0756,10.3,NA,NA,-62.7126666666667,NA,46.5136111111111,NA,2016-09-24T16:48:40Z,NA
TEL160902,111,NA,NA,NA,10.1,18.7052,10.1,NA,NA,NA,-62.6678888888889,NA,46.5873333333333,NA,2016-09-24T17:16:46Z
TEL160902,112,NA,NA,NA,10.6,19.6312,10.6,NA,NA,-62.6040277777778,NA,46.6310277777778,NA,2016-09-24T19:07:38Z,NA
TEL160902,112,NA,NA,NA,7.3,13.5196,7.3,NA,NA,NA,-62.5831111111111,NA,46.6625555555556,NA,2016-09-24T19:20:00Z
TEL160902,113,NA,NA,NA,10.4,19.260800000000003,10.4,NA,NA,-62.4904166666667,NA,46.5749444444444,NA,2016-09-24T20:53:08Z,NA
TEL160902,113,NA,NA,NA,10.5,19.446,10.5,NA,NA,NA,-62.4758888888889,NA,46.5676388888889,NA,2016-09-24T20:57:28Z
TEL160902,114,NA,NA,NA,10.2,18.8904,10.2,NA,NA,-62.4513888888889,NA,46.5676388888889,NA,2016-09-24T21:03:28Z,NA
TEL160902,114,NA,NA,NA,8.6,15.927200000000001,8.6,NA,NA,NA,-62.4217777777778,NA,46.5676666666667,NA,2016-09-24T21:11:04Z
TEL160902,115,NA,NA,NA,9.8,18.149600000000003,9.8,NA,NA,-62.4848611111111,NA,46.5895833333333,NA,2016-09-24T22:35:43Z,NA
TEL160902,115,NA,NA,NA,9.9,18.3348,9.9,NA,NA,NA,-62.4636111111111,NA,46.6640555555556,NA,2016-09-24T23:03:50Z
TEL160902,116,NA,NA,NA,10.4,19.260800000000003,10.4,NA,NA,-61.6922222222222,NA,47.0946666666667,NA,2016-09-25T12:01:47Z,NA
TEL160902,116,NA,NA,NA,9.1,16.8532,9.1,NA,NA,NA,-61.5075833333333,NA,46.9941388888889,NA,2016-09-25T12:56:53Z
TEL160902,117,NA,NA,NA,10.1,18.7052,10.1,NA,NA,-61.4406666666667,NA,46.9365555555556,NA,2016-09-25T14:14:33Z,NA
TEL160902,117,NA,NA,NA,8.1,15.0012,8.1,NA,NA,NA,-61.4072777777778,NA,46.8817222222222,NA,2016-09-25T14:35:40Z
TEL160902,118,NA,NA,NA,9.9,18.3348,9.9,NA,NA,-61.441,NA,46.8317777777778,NA,2016-09-25T16:56:29Z,NA
TEL160902,118,NA,NA,NA,5.6,10.3712,5.6,NA,NA,NA,-61.4416666666667,NA,46.7151111111111,NA,2016-09-25T17:38:47Z
TEL160902,119,NA,NA,NA,10.1,18.7052,10.1,NA,NA,-61.3840833333333,NA,46.6623055555556,NA,2016-09-25T19:02:58Z,NA
TEL160902,119,NA,NA,NA,9.1,16.8532,9.1,NA,NA,NA,-61.2233055555556,NA,46.6468611111111,NA,2016-09-25T19:43:06Z
TEL160902,120,NA,NA,NA,9.7,17.9644,9.7,NA,NA,-61.2651944444444,NA,46.6636111111111,NA,2016-09-25T20:58:00Z,NA
TEL160902,120,NA,NA,NA,10.6,19.6312,10.6,NA,NA,NA,-61.1510555555556,NA,46.7465,NA,2016-09-25T21:37:51Z
TEL160902,121,NA,NA,NA,9.7,17.9644,9.7,NA,NA,-61.38225,NA,47.3001944444444,NA,2016-09-26T12:00:58Z,NA
TEL160902,121,NA,NA,NA,9,16.668,9,NA,NA,NA,-61.2998888888889,NA,47.3770277777778,NA,2016-09-26T12:37:43Z
TEL160902,122,NA,NA,NA,10.6,19.6312,10.6,NA,NA,-61.2262222222222,NA,47.3887222222222,NA,2016-09-26T13:56:18Z,NA
TEL160902,122,NA,NA,NA,7.9,14.6308,7.9,NA,NA,NA,-61.1855277777778,NA,47.3436666666667,NA,2016-09-26T14:15:11Z
TEL160902,123,NA,NA,NA,9.9,18.3348,9.9,NA,NA,-61.0721944444444,NA,47.304,NA,2016-09-26T15:46:35Z,NA
TEL160902,123,NA,NA,NA,7.7,14.2604,7.7,NA,NA,NA,-60.9415833333333,NA,47.3079444444444,NA,2016-09-26T16:20:12Z
TEL160902,124,NA,NA,NA,10.7,19.816399999999998,10.7,NA,NA,-60.8545833333333,NA,47.2798055555556,NA,2016-09-26T17:34:46Z,NA
TEL160902,124,NA,NA,NA,9.1,16.8532,9.1,NA,NA,NA,-60.7008333333333,NA,47.1401111111111,NA,2016-09-26T18:33:37Z
TEL160902,125,NA,NA,NA,9.1,16.8532,9.1,NA,NA,-60.6141388888889,NA,47.1752222222222,NA,2016-09-26T20:30:54Z,NA
TEL160902,125,NA,NA,NA,6.7,12.4084,6.7,NA,NA,NA,-60.5821111111111,NA,47.2452222222222,NA,2016-09-26T21:00:10Z
TEL160902,126,NA,NA,NA,9.7,17.9644,9.7,NA,NA,-60.5582222222222,NA,47.2809166666667,NA,2016-09-26T22:29:47Z,NA
TEL160902,126,NA,NA,NA,10,18.52,10,NA,NA,NA,-60.6294722222222,NA,47.3141666666667,NA,2016-09-26T22:51:51Z
TEL160902,127,NA,NA,NA,10,18.52,10,NA,NA,-60.8078333333333,NA,47.88875,NA,2016-09-27T13:25:43Z,NA
TEL160902,127,NA,NA,NA,7.5,13.89,7.5,NA,NA,NA,-60.7887222222222,NA,47.8708333333333,NA,2016-09-27T13:34:08Z
TEL160902,128,NA,NA,NA,10.8,20.001600000000003,10.8,NA,NA,-60.8301666666667,NA,47.7791388888889,NA,2016-09-27T16:11:12Z,NA
TEL160902,128,NA,NA,NA,11.1,20.5572,11.1,NA,NA,NA,-60.8549722222222,NA,47.7483055555556,NA,2016-09-27T16:22:54Z
TEL160902,129,NA,NA,NA,10.1,18.7052,10.1,NA,NA,-60.8297777777778,NA,47.7307777777778,NA,2016-09-27T18:03:49Z,NA
TEL160902,129,NA,NA,NA,10.5,19.446,10.5,NA,NA,NA,-60.5862777777778,NA,47.6510833333333,NA,2016-09-27T19:08:49Z
TEL160902,130,NA,NA,NA,9.8,18.149600000000003,9.8,NA,NA,-60.4946944444444,NA,47.5835833333333,NA,2016-09-27T20:46:24Z,NA
TEL160902,130,NA,NA,NA,9.7,17.9644,9.7,NA,NA,NA,-60.4716388888889,NA,47.5808055555556,NA,2016-09-27T20:52:16Z
TEL160902,131,NA,NA,NA,9.8,18.149600000000003,9.8,NA,NA,-60.4826944444444,NA,47.5801111111111,NA,2016-09-27T22:34:41Z,NA
TEL160902,131,NA,NA,NA,10.1,18.7052,10.1,NA,NA,NA,-60.4655277777778,NA,47.5040277777778,NA,2016-09-27T23:01:54Z
TEL160902,132,NA,NA,NA,9.8,18.149600000000003,9.8,NA,NA,-60.1761944444444,NA,46.3488055555556,NA,2016-09-28T11:54:21Z,NA
TEL160902,132,NA,NA,NA,10.2,18.8904,10.2,NA,NA,NA,-60.1797222222222,NA,46.2614722222222,NA,2016-09-28T12:25:36Z
TEL160902,133,NA,NA,NA,10,18.52,10,NA,NA,-60.2001944444444,NA,46.2345,NA,2016-09-28T12:36:25Z,NA
TEL160902,133,NA,NA,NA,7.6,14.0752,7.6,NA,NA,NA,-60.2123333333333,NA,46.2209166666667,NA,2016-09-28T12:42:29Z
TEL170529,1,NA,NA,NA,12.7,23.5204,12.7,NA,NA,-64.0961666666667,NA,48.7735,NA,2017-05-29T16:19:54Z,NA
TEL170529,1,NA,NA,NA,11.5,21.298000000000002,11.5,NA,NA,NA,-64.10675,NA,49.1786944444444,NA,2017-05-29T18:26:54Z
TEL170529,2,NA,NA,NA,11.4,21.1128,11.4,NA,NA,-64.1573611111111,NA,49.24,NA,2017-05-29T18:49:00Z,NA
TEL170529,2,NA,NA,NA,12,22.224,12,NA,NA,NA,-64.2785277777778,NA,49.3438333333333,NA,2017-05-29T19:29:18Z
TEL170529,3,NA,NA,NA,12.2,22.5944,12.2,NA,NA,-64.2919166666667,NA,49.3516666666667,NA,2017-05-29T19:32:48Z,NA
TEL170529,3,NA,NA,NA,12.3,22.779600000000002,12.3,NA,NA,NA,-64.3616666666667,NA,49.3875277777778,NA,2017-05-29T19:49:51Z
TEL170529,4,NA,NA,NA,12.4,22.9648,12.4,NA,NA,-64.3841388888889,NA,49.3885277777778,NA,2017-05-29T19:54:07Z,NA
TEL170529,4,NA,NA,NA,11.5,21.298000000000002,11.5,NA,NA,NA,-65.0003055555556,NA,49.4204722222222,NA,2017-05-29T21:54:31Z
TEL170529,5,NA,NA,NA,11,20.372,11,NA,NA,-65.1725,NA,49.4481111111111,NA,2017-05-29T22:31:18Z,NA
TEL170529,5,NA,NA,NA,10.1,18.7052,10.1,NA,NA,NA,-65.8395,NA,49.4653333333333,NA,2017-05-30T00:59:24Z
TEL170529,6,NA,NA,NA,12.1,22.409200000000002,12.1,NA,NA,-68.2059444444444,NA,48.8592777777778,NA,2017-05-30T10:00:39Z,NA
TEL170529,6,NA,NA,NA,7.8,14.4456,7.8,NA,NA,NA,-68.6208055555555,NA,48.6804444444444,NA,2017-05-30T11:39:46Z
TEL170529,7,NA,NA,NA,11.2,20.7424,11.2,NA,NA,-68.6149444444444,NA,48.6653888888889,NA,2017-05-30T11:46:09Z,NA
TEL170529,7,NA,NA,NA,9.3,17.2236,9.3,NA,NA,NA,-68.53725,NA,48.5288888888889,NA,2017-05-30T12:32:37Z
TEL170529,8,NA,NA,NA,11.5,21.298000000000002,11.5,NA,NA,-68.5489722222222,NA,48.5191111111111,NA,2017-05-30T13:17:43Z,NA
TEL170529,8,NA,NA,NA,10.8,20.001600000000003,10.8,NA,NA,NA,-68.7638611111111,NA,48.5924722222222,NA,2017-05-30T14:07:35Z
TEL170529,9,NA,NA,NA,10.5,19.446,10.5,NA,NA,-68.7829722222222,NA,48.5927777777778,NA,2017-05-30T14:11:53Z,NA
TEL170529,9,NA,NA,NA,10.2,18.8904,10.2,NA,NA,NA,-68.8296666666667,NA,48.5912222222222,NA,2017-05-30T14:22:45Z
TEL170529,10,NA,NA,NA,10.2,18.8904,10.2,NA,NA,-68.839,NA,48.5888055555556,NA,2017-05-30T14:25:04Z,NA
TEL170529,10,NA,NA,NA,10.6,19.6312,10.6,NA,NA,NA,-69.0724166666667,NA,48.4985833333333,NA,2017-05-30T15:20:20Z
TEL170529,11,NA,NA,NA,10.8,20.001600000000003,10.8,NA,NA,-69.1818888888889,NA,48.4364166666667,NA,2017-05-30T15:54:21Z,NA
TEL170529,11,NA,NA,NA,8.9,16.4828,8.9,NA,NA,NA,-69.2720277777778,NA,48.3959722222222,NA,2017-05-30T16:21:21Z
TEL170529,12,NA,NA,NA,10.1,18.7052,10.1,NA,NA,-69.3239166666667,NA,48.3717222222222,NA,2017-05-30T16:53:16Z,NA
TEL170529,12,NA,NA,NA,7.4,13.7048,7.4,NA,NA,NA,-69.3660555555555,NA,48.26975,NA,2017-05-30T17:32:51Z
TEL170529,13,NA,NA,NA,8.3,15.371600000000003,8.3,NA,NA,-69.3655555555555,NA,48.2785833333333,NA,2017-05-30T19:22:35Z,NA
TEL170529,13,NA,NA,NA,10.9,20.1868,10.9,NA,NA,NA,-69.2186666666667,NA,48.3480555555556,NA,2017-05-30T20:04:27Z
TEL170529,14,NA,NA,NA,10.7,19.816399999999998,10.7,NA,NA,-69.2094722222222,NA,48.353,NA,2017-05-30T20:07:05Z,NA
TEL170529,14,NA,NA,NA,9.3,17.2236,9.3,NA,NA,NA,-68.9967777777778,NA,48.4815277777778,NA,2017-05-30T21:08:54Z
TEL170529,15,NA,NA,NA,9.5,17.594,9.5,NA,NA,-68.9912777777778,NA,48.4883611111111,NA,2017-05-30T21:47:59Z,NA
TEL170529,15,NA,NA,NA,6.3,11.6676,6.3,NA,NA,NA,-68.4978055555556,NA,48.5740833333333,NA,2017-05-31T00:00:49Z
TEL170529,16,NA,NA,NA,9.6,17.7792,9.6,NA,NA,-68.7229166666667,NA,48.7980555555556,NA,2017-05-31T13:20:23Z,NA
TEL170529,16,NA,NA,NA,9.2,17.0384,9.2,NA,NA,NA,-68.74925,NA,48.8255,NA,2017-05-31T13:31:48Z
TEL170529,17,NA,NA,NA,10.9,20.1868,10.9,NA,NA,-68.7296388888889,NA,48.8296666666667,NA,2017-05-31T14:18:51Z,NA
TEL170529,17,NA,NA,NA,9.5,17.594,9.5,NA,NA,NA,-68.1815,NA,48.9023055555556,NA,2017-05-31T16:20:57Z
TEL170529,18,NA,NA,NA,11.8,21.853600000000004,11.8,NA,NA,-68.1484444444445,NA,48.9085833333333,NA,2017-05-31T17:05:02Z,NA
TEL170529,18,NA,NA,NA,12.1,22.409200000000002,12.1,NA,NA,NA,-68.1228611111111,NA,48.913,NA,2017-05-31T17:10:10Z
TEL170529,19,NA,NA,NA,12.3,22.779600000000002,12.3,NA,NA,-68.1126388888889,NA,48.9136388888889,NA,2017-05-31T17:12:09Z,NA
TEL170529,19,NA,NA,NA,12,22.224,12,NA,NA,NA,-67.98725,NA,48.9237777777778,NA,2017-05-31T17:36:18Z
TEL170529,20,NA,NA,NA,12.2,22.5944,12.2,NA,NA,-67.9776944444445,NA,48.9281666666667,NA,2017-05-31T17:38:31Z,NA
TEL170529,20,NA,NA,NA,9.5,17.594,9.5,NA,NA,NA,-67.8196944444444,NA,48.9916111111111,NA,2017-05-31T18:14:07Z
TEL170529,21,NA,NA,NA,11.4,21.1128,11.4,NA,NA,-67.6562777777778,NA,48.9995277777778,NA,2017-05-31T21:56:57Z,NA
TEL170529,21,NA,NA,NA,9.2,17.0384,9.2,NA,NA,NA,-67.26575,NA,49.1501666666667,NA,2017-05-31T23:38:05Z
TEL170529,22,NA,NA,NA,11.1,20.5572,11.1,NA,NA,-67.2486666666667,NA,49.1491111111111,NA,2017-06-01T01:09:21Z,NA
TEL170529,22,NA,NA,NA,13.3,24.631600000000002,13.3,NA,NA,NA,-66.4103888888889,NA,49.2331944444444,NA,2017-06-01T04:00:49Z
TEL170529,23,NA,NA,NA,11.3,20.9276,11.3,NA,NA,-66.28,NA,49.8985833333333,NA,2017-06-01T10:59:49Z,NA
TEL170529,23,NA,NA,NA,8.41,15.575320000000001,8.41,NA,NA,NA,-66.2862222222222,NA,50.0365555555556,NA,2017-06-01T11:45:24Z
TEL170529,24,NA,NA,NA,10.6,19.6312,10.6,NA,NA,-66.2913055555556,NA,50.0409444444444,NA,2017-06-01T12:33:26Z,NA
TEL170529,24,NA,NA,NA,10.4,19.260800000000003,10.4,NA,NA,NA,-65.7406666666667,NA,49.6752222222222,NA,2017-06-01T15:18:48Z
TEL170529,25,NA,NA,NA,10.5,19.446,10.5,NA,NA,-65.6458055555556,NA,49.6085555555556,NA,2017-06-01T15:49:32Z,NA
TEL170529,25,NA,NA,NA,8.6,15.927200000000001,8.6,NA,NA,NA,-65.5198888888889,NA,49.5080833333333,NA,2017-06-01T16:32:19Z
TEL170529,26,NA,NA,NA,11.9,22.038800000000002,11.9,NA,NA,-65.4423888888889,NA,49.4970833333333,NA,2017-06-01T17:31:59Z,NA
TEL170529,26,NA,NA,NA,11.4,21.1128,11.4,NA,NA,NA,-65.0256666666667,NA,49.57125,NA,2017-06-01T18:57:40Z
TEL170529,27,NA,NA,NA,11.8,21.853600000000004,11.8,NA,NA,-63.9850277777778,NA,48.8929444444444,NA,2017-06-02T09:59:29Z,NA
TEL170529,27,NA,NA,NA,11.6,21.4832,11.6,NA,NA,NA,-63.94,NA,48.82625,NA,2017-06-02T10:22:03Z
TEL170529,28,NA,NA,NA,10.6,19.6312,10.6,NA,NA,-63.7754722222222,NA,48.5551111111111,NA,2017-06-02T11:59:18Z,NA
TEL170529,28,NA,NA,NA,11.4,21.1128,11.4,NA,NA,NA,-63.70125,NA,48.42625,NA,2017-06-02T12:45:00Z
TEL170529,29,NA,NA,NA,7.9,14.6308,7.9,NA,NA,-64.2377777777778,NA,47.8283055555556,NA,2017-06-02T17:52:29Z,NA
TEL170529,29,NA,NA,NA,9.7,17.9644,9.7,NA,NA,NA,-64.0365,NA,47.78275,NA,2017-06-02T18:40:45Z
TEL170529,30,NA,NA,NA,11.6,21.4832,11.6,NA,NA,-64.0221111111111,NA,47.7737222222222,NA,2017-06-02T19:30:40Z,NA
TEL170529,30,NA,NA,NA,10.7,19.816399999999998,10.7,NA,NA,NA,-63.7558055555556,NA,47.6686666666667,NA,2017-06-02T20:32:32Z
TEL170529,31,NA,NA,NA,11.8,21.853600000000004,11.8,NA,NA,-63.5036944444444,NA,47.5883611111111,NA,2017-06-02T22:00:15Z,NA
TEL170529,31,NA,NA,NA,9.5,17.594,9.5,NA,NA,NA,-63.2495277777778,NA,47.5009444444444,NA,2017-06-02T23:00:38Z
TEL170529,32,NA,NA,NA,10.7,19.816399999999998,10.7,NA,NA,-63.2301666666667,NA,47.4950277777778,NA,2017-06-02T23:50:30Z,NA
TEL170529,32,NA,NA,NA,11,20.372,11,NA,NA,NA,-62.9261388888889,NA,47.3914722222222,NA,2017-06-03T01:04:01Z
TEL170529,33,NA,NA,NA,11.5,21.298000000000002,11.5,NA,NA,-61.22975,NA,46.8318333333333,NA,2017-06-03T16:14:29Z,NA
TEL170529,33,NA,NA,NA,11.7,21.6684,11.7,NA,NA,NA,-61.2031944444444,NA,46.8222222222222,NA,2017-06-03T16:20:47Z
TEL170529,34,NA,NA,NA,11.8,21.853600000000004,11.8,NA,NA,-61.1686388888889,NA,46.8098055555556,NA,2017-06-03T16:28:59Z,NA
TEL170529,34,NA,NA,NA,8.3,15.371600000000003,8.3,NA,NA,NA,-61.0168888888889,NA,46.7508611111111,NA,2017-06-03T17:06:22Z
TEL170529,35,NA,NA,NA,12.3,22.779600000000002,12.3,NA,NA,-60.9791666666667,NA,46.7635277777778,NA,2017-06-03T17:46:23Z,NA
TEL170529,35,NA,NA,NA,12.4,22.9648,12.4,NA,NA,NA,-60.6542222222222,NA,47.0391388888889,NA,2017-06-03T19:27:51Z
TEL170529,36,NA,NA,NA,12.2,22.5944,12.2,NA,NA,-60.5609444444444,NA,47.0810833333333,NA,2017-06-03T19:53:02Z,NA
TEL170529,36,NA,NA,NA,11.2,20.7424,11.2,NA,NA,NA,-60.3941388888889,NA,47.0595833333333,NA,2017-06-03T20:28:33Z
TEL170529,37,NA,NA,NA,11.3,20.9276,11.3,NA,NA,-60.3820555555556,NA,47.0546666666667,NA,2017-06-03T20:31:34Z,NA
TEL170529,37,NA,NA,NA,11.9,22.038800000000002,11.9,NA,NA,NA,-60.2424166666667,NA,46.9714166666667,NA,2017-06-03T21:10:01Z
TEL170529,38,NA,NA,NA,11.5,21.298000000000002,11.5,NA,NA,-60.1763888888889,NA,46.9858055555556,NA,2017-06-03T22:07:20Z,NA
TEL170529,38,NA,NA,NA,11.6,21.4832,11.6,NA,NA,NA,-60.1544722222222,NA,47.004,NA,2017-06-03T22:14:38Z
TEL170529,39,NA,NA,NA,11.4,21.1128,11.4,NA,NA,-59.8921111111111,NA,47.6872222222222,NA,2017-06-04T12:22:54Z,NA
TEL170529,39,NA,NA,NA,10.1,18.7052,10.1,NA,NA,NA,-60.4813055555556,NA,47.9916666666667,NA,2017-06-04T14:58:43Z
TEL170529,40,NA,NA,NA,10.8,20.001600000000003,10.8,NA,NA,-60.5163055555556,NA,48.0112777777778,NA,2017-06-04T17:05:25Z,NA
TEL170529,40,NA,NA,NA,6.1,11.2972,6.1,NA,NA,NA,-61.1464722222222,NA,48.0396388888889,NA,2017-06-04T19:23:57Z
TEL170529,42,NA,NA,NA,10.8,20.001600000000003,10.8,NA,NA,-61.59275,NA,48.2245,NA,2017-06-04T22:56:41Z,NA
TEL170529,42,NA,NA,NA,7,12.964,7,NA,NA,NA,-61.45575,NA,48.3465277777778,NA,2017-06-04T23:48:00Z
TEL170529,43,NA,NA,NA,10.9,20.1868,10.9,NA,NA,-60.9399722222222,NA,48.7726944444444,NA,2017-06-05T10:58:19Z,NA
TEL170529,43,NA,NA,NA,11.1,20.5572,11.1,NA,NA,NA,-60.1223333333333,NA,48.1631944444444,NA,2017-06-05T15:25:02Z
TEL170529,44,NA,NA,NA,8.2,15.186399999999999,8.2,NA,NA,-60.10325,NA,48.1595,NA,2017-06-05T16:20:31Z,NA
TEL170529,44,NA,NA,NA,8.4,15.5568,8.4,NA,NA,NA,-60.1177777777778,NA,48.3709444444444,NA,2017-06-05T17:46:29Z
TEL170529,45,NA,NA,NA,8.3,15.371600000000003,8.3,NA,NA,-60.1226944444444,NA,48.4316666666667,NA,2017-06-05T18:11:40Z,NA
TEL170529,45,NA,NA,NA,5.4,10.000800000000002,5.4,NA,NA,NA,-60.1221388888889,NA,48.5878333333333,NA,2017-06-05T19:22:38Z
TEL170529,46,NA,NA,NA,9.4,17.408800000000003,9.4,NA,NA,-60.1273888888889,NA,48.618,NA,2017-06-05T20:15:29Z,NA
TEL170529,46,NA,NA,NA,9.9,18.3348,9.9,NA,NA,NA,-60.1756666666667,NA,48.8213333333333,NA,2017-06-05T21:30:39Z
TEL170529,47,NA,NA,NA,10.4,19.260800000000003,10.4,NA,NA,-60.2058333333333,NA,48.9260833333333,NA,2017-06-05T22:08:24Z,NA
TEL170529,47,NA,NA,NA,10.7,19.816399999999998,10.7,NA,NA,NA,-60.2649444444444,NA,49.1803055555556,NA,2017-06-05T23:37:44Z
TEL170529,53,NA,NA,NA,11.5,21.298000000000002,11.5,NA,NA,-59.8863055555556,NA,50.0999444444444,NA,2017-06-06T19:11:07Z,NA
TEL170529,53,NA,NA,NA,11.6,21.4832,11.6,NA,NA,NA,-59.6104166666667,NA,50.1453333333333,NA,2017-06-06T20:09:13Z
TEL170529,54,NA,NA,NA,11.6,21.4832,11.6,NA,NA,-59.5905,NA,50.1539444444444,NA,2017-06-06T20:14:01Z,NA
TEL170529,54,NA,NA,NA,11.5,21.298000000000002,11.5,NA,NA,NA,-59.5030833333333,NA,50.1970555555556,NA,2017-06-06T20:36:00Z
TEL170529,55,NA,NA,NA,11.5,21.298000000000002,11.5,NA,NA,-59.4959166666667,NA,50.2029166666667,NA,2017-06-06T20:38:21Z,NA
TEL170529,55,NA,NA,NA,11.7,21.6684,11.7,NA,NA,NA,-59.3521666666667,NA,50.3345,NA,2017-06-06T21:27:51Z
TEL170529,57,NA,NA,NA,11.6,21.4832,11.6,NA,NA,-58.687,NA,50.6251944444444,NA,2017-06-07T00:37:53Z,NA
TEL170529,57,NA,NA,NA,11.8,21.853600000000004,11.8,NA,NA,NA,-58.6308333333333,NA,50.6248888888889,NA,2017-06-07T00:48:48Z
TEL170529,58,NA,NA,NA,11.5,21.298000000000002,11.5,NA,NA,-57.5594722222222,NA,50.71325,NA,2017-06-07T10:18:52Z,NA
TEL170529,58,NA,NA,NA,11,20.372,11,NA,NA,NA,-57.5815555555556,NA,50.8939444444444,NA,2017-06-07T11:16:03Z
TEL170529,59,NA,NA,NA,11.1,20.5572,11.1,NA,NA,-57.5853888888889,NA,50.90175,NA,2017-06-07T11:18:42Z,NA
TEL170529,59,NA,NA,NA,11.6,21.4832,11.6,NA,NA,NA,-57.7742222222222,NA,51.1790833333333,NA,2017-06-07T12:55:42Z
TEL170529,60,NA,NA,NA,12.2,22.5944,12.2,NA,NA,-57.9074444444444,NA,51.1483888888889,NA,2017-06-07T13:48:50Z,NA
TEL170529,60,NA,NA,NA,12.8,23.705600000000004,12.8,NA,NA,NA,-58.1103055555556,NA,51.0484166666667,NA,2017-06-07T14:36:24Z
TEL170529,61,NA,NA,NA,11.4,21.1128,11.4,NA,NA,-58.1112777777778,NA,51.0413888888889,NA,2017-06-07T14:38:40Z,NA
TEL170529,61,NA,NA,NA,10.8,20.001600000000003,10.8,NA,NA,NA,-58.10875,NA,51.0186111111111,NA,2017-06-07T14:46:03Z
TEL170529,62,NA,NA,NA,10.8,20.001600000000003,10.8,NA,NA,-58.08175,NA,50.9837777777778,NA,2017-06-07T14:59:00Z,NA
TEL170529,62,NA,NA,NA,10.6,19.6312,10.6,NA,NA,NA,-58.0592777777778,NA,50.9616666666667,NA,2017-06-07T15:07:40Z
TEL170529,63,NA,NA,NA,10.8,20.001600000000003,10.8,NA,NA,-58.0492777777778,NA,50.9543888888889,NA,2017-06-07T15:10:53Z,NA
TEL170529,63,NA,NA,NA,5.8,10.7416,5.8,NA,NA,NA,-58.0395277777778,NA,50.9460277777778,NA,2017-06-07T15:15:15Z
TEL170529,64,NA,NA,NA,10.6,19.6312,10.6,NA,NA,-58.1304722222222,NA,50.8358611111111,NA,2017-06-07T16:08:14Z,NA
TEL170529,64,NA,NA,NA,10.5,19.446,10.5,NA,NA,NA,-58.3730555555556,NA,50.8223055555556,NA,2017-06-07T16:54:48Z
TEL170529,67,NA,NA,NA,11.6,21.4832,11.6,NA,NA,-59.4203055555556,NA,50.1475277777778,NA,2017-06-07T22:13:54Z,NA
TEL170529,67,NA,NA,NA,11.2,20.7424,11.2,NA,NA,NA,-59.7607222222222,NA,50.0582222222222,NA,2017-06-07T23:27:50Z
TEL170529,68,NA,NA,NA,11.2,20.7424,11.2,NA,NA,-59.77525,NA,50.0497777777778,NA,2017-06-07T23:31:51Z,NA
TEL170529,68,NA,NA,NA,11.1,20.5572,11.1,NA,NA,NA,-60.0215833333333,NA,49.8980555555556,NA,2017-06-08T00:41:10Z
TEL170529,69,NA,NA,NA,11.8,21.853600000000004,11.8,NA,NA,-62.0953055555556,NA,49.6958611111111,NA,2017-06-08T10:41:34Z,NA
TEL170529,69,NA,NA,NA,7.1,13.1492,7.1,NA,NA,NA,-62.9491944444444,NA,49.8336111111111,NA,2017-06-08T13:36:54Z
TEL170529,70,NA,NA,NA,11.1,20.5572,11.1,NA,NA,-63.1626388888889,NA,49.8698611111111,NA,2017-06-08T15:45:42Z,NA
TEL170529,70,NA,NA,NA,9.2,17.0384,9.2,NA,NA,NA,-64.0621111111111,NA,50.0410833333333,NA,2017-06-08T18:57:22Z
TEL170529,71,NA,NA,NA,11.2,20.7424,11.2,NA,NA,-64.082,NA,50.0395277777778,NA,2017-06-08T20:03:12Z,NA
TEL170529,71,NA,NA,NA,11.1,20.5572,11.1,NA,NA,NA,-64.5338888888889,NA,50.0456111111111,NA,2017-06-08T21:37:00Z
TEL170529,73,NA,NA,NA,10.7,19.816399999999998,10.7,NA,NA,-64.7025,NA,49.9270555555556,NA,2017-06-08T22:31:58Z,NA
TEL170529,73,NA,NA,NA,10.8,20.001600000000003,10.8,NA,NA,NA,-64.7346944444444,NA,49.8151388888889,NA,2017-06-08T23:10:00Z
TEL170529,74,NA,NA,NA,10.7,19.816399999999998,10.7,NA,NA,-64.6854166666667,NA,49.7766944444444,NA,2017-06-08T23:26:37Z,NA
TEL170529,74,NA,NA,NA,11,20.372,11,NA,NA,NA,-64.5159444444444,NA,49.6408055555556,NA,2017-06-09T00:24:00Z
TEL170529,75,NA,NA,NA,11.1,20.5572,11.1,NA,NA,-64.4986944444444,NA,49.6276666666667,NA,2017-06-09T00:29:39Z,NA
TEL170529,75,NA,NA,NA,10.9,20.1868,10.9,NA,NA,NA,-64.3803888888889,NA,49.5358333333333,NA,2017-06-09T01:08:26Z
TEL170529,76,NA,NA,NA,9.2,17.0384,9.2,NA,NA,-64.4003055555556,NA,48.8402777777778,NA,2017-06-09T21:02:36Z,NA
TEL170529,76,NA,NA,NA,10.4,19.260800000000003,10.4,NA,NA,NA,-64.3308888888889,NA,48.8042777777778,NA,2017-06-09T21:21:38Z
TEL170529,77,NA,NA,NA,11.4,21.1128,11.4,NA,NA,-64.2313333333333,NA,48.7435277777778,NA,2017-06-09T21:51:19Z,NA
TEL170529,77,NA,NA,NA,12,22.224,12,NA,NA,NA,-64.1236111111111,NA,48.6718055555556,NA,2017-06-09T22:23:19Z
TEL170529,79,NA,NA,NA,10.7,19.816399999999998,10.7,NA,NA,-65.0798888888889,NA,48.0231111111111,NA,2017-06-10T09:54:29Z,NA
TEL170529,79,NA,NA,NA,10.5,19.446,10.5,NA,NA,NA,-65.2684722222222,NA,47.9489166666667,NA,2017-06-10T10:45:16Z
TEL170529,80,NA,NA,NA,10.6,19.6312,10.6,NA,NA,-65.2783333333333,NA,47.9498333333333,NA,2017-06-10T10:47:32Z,NA
TEL170529,80,NA,NA,NA,10.2,18.8904,10.2,NA,NA,NA,-66.1184444444444,NA,48.0482777777778,NA,2017-06-10T14:06:28Z
TEL170529,81,NA,NA,NA,11.9,22.038800000000002,11.9,NA,NA,-66.1109166666667,NA,48.0472777777778,NA,2017-06-10T14:56:12Z,NA
TEL170529,81,NA,NA,NA,12.1,22.409200000000002,12.1,NA,NA,NA,-65.88,NA,48.0233333333333,NA,2017-06-10T15:42:48Z
TEL170529,82,NA,NA,NA,11.2,20.7424,11.2,NA,NA,-65.7325555555556,NA,47.9944444444444,NA,2017-06-10T17:01:22Z,NA
TEL170529,82,NA,NA,NA,10.6,19.6312,10.6,NA,NA,NA,-65.2438333333333,NA,47.9314722222222,NA,2017-06-10T18:46:45Z
TEL170529,83,NA,NA,NA,11.7,21.6684,11.7,NA,NA,-65.2225833333333,NA,47.9326666666667,NA,2017-06-10T19:43:37Z,NA
TEL170529,83,NA,NA,NA,11.4,21.1128,11.4,NA,NA,NA,-64.7471666666667,NA,47.9361388888889,NA,2017-06-10T21:21:49Z
TEL170529,84,NA,NA,NA,11.4,21.1128,11.4,NA,NA,-64.7369166666667,NA,47.9581111111111,NA,2017-06-10T22:09:41Z,NA
TEL170529,84,NA,NA,NA,12.1,22.409200000000002,12.1,NA,NA,NA,-64.6035,NA,48.121,NA,2017-06-10T23:07:46Z
TEL170529,85,NA,NA,NA,12.8,23.705600000000004,12.8,NA,NA,-64.5433888888889,NA,48.1386388888889,NA,2017-06-10T23:20:46Z,NA
TEL170529,85,NA,NA,NA,11.8,21.853600000000004,11.8,NA,NA,NA,-64.2566388888889,NA,48.1635277777778,NA,2017-06-11T00:17:19Z
TEL170529,86,NA,NA,NA,11.8,21.853600000000004,11.8,NA,NA,-64.2079722222222,NA,48.1585555555556,NA,2017-06-11T01:08:52Z,NA
TEL170529,86,NA,NA,NA,12.1,22.409200000000002,12.1,NA,NA,NA,-64.1126388888889,NA,48.1545277777778,NA,2017-06-11T01:27:47Z
TEL170529,87,NA,NA,NA,11.2,20.7424,11.2,NA,NA,-64.6715833333333,NA,47.4851944444444,NA,2017-06-11T11:21:28Z,NA
TEL170529,87,NA,NA,NA,10,18.52,10,NA,NA,NA,-64.7464722222222,NA,47.2035,NA,2017-06-11T12:52:47Z
TEL170529,88,NA,NA,NA,11.4,21.1128,11.4,NA,NA,-64.7234166666667,NA,47.1644444444444,NA,2017-06-11T13:43:27Z,NA
TEL170529,88,NA,NA,NA,11.8,21.853600000000004,11.8,NA,NA,NA,-64.6221111111111,NA,47.0526111111111,NA,2017-06-11T14:25:45Z
TEL170529,89,NA,NA,NA,10.6,19.6312,10.6,NA,NA,-64.6233055555555,NA,47.0456944444444,NA,2017-06-11T14:28:05Z,NA
TEL170529,89,NA,NA,NA,8.8,16.297600000000003,8.8,NA,NA,NA,-64.6646388888889,NA,46.8460833333333,NA,2017-06-11T15:34:38Z
TEL170529,90,NA,NA,NA,11.6,21.4832,11.6,NA,NA,-64.6451388888889,NA,46.8372777777778,NA,2017-06-11T16:21:30Z,NA
TEL170529,90,NA,NA,NA,11.1,20.5572,11.1,NA,NA,NA,-64.3659722222222,NA,46.8508888888889,NA,2017-06-11T17:21:05Z
TEL170529,91,NA,NA,NA,12,22.224,12,NA,NA,-64.3163888888889,NA,46.9789444444444,NA,2017-06-11T18:38:59Z,NA
TEL170529,91,NA,NA,NA,11.4,21.1128,11.4,NA,NA,NA,-64.2391111111111,NA,47.1511944444444,NA,2017-06-11T19:33:28Z
TEL170529,92,NA,NA,NA,10.8,20.001600000000003,10.8,NA,NA,-64.2409722222222,NA,47.1849166666667,NA,2017-06-11T20:29:02Z,NA
TEL170529,92,NA,NA,NA,11,20.372,11,NA,NA,NA,-64.25175,NA,47.3939722222222,NA,2017-06-11T21:37:55Z
TEL170529,93,NA,NA,NA,11.3,20.9276,11.3,NA,NA,-64.2309166666667,NA,47.5009166666667,NA,2017-06-11T22:45:23Z,NA
TEL170529,93,NA,NA,NA,10.9,20.1868,10.9,NA,NA,NA,-63.7901666666667,NA,47.5059722222222,NA,2017-06-12T00:19:42Z
TEL170529,94,NA,NA,NA,11.6,21.4832,11.6,NA,NA,-63.2482777777778,NA,46.6943611111111,NA,2017-06-12T10:00:24Z,NA
TEL170529,94,NA,NA,NA,10.4,19.260800000000003,10.4,NA,NA,NA,-63.2522222222222,NA,46.8229722222222,NA,2017-06-12T10:40:44Z
TEL170529,95,NA,NA,NA,10.8,20.001600000000003,10.8,NA,NA,-63.2458055555556,NA,46.8468055555556,NA,2017-06-12T11:20:31Z,NA
TEL170529,95,NA,NA,NA,11.4,21.1128,11.4,NA,NA,NA,-63.2471944444444,NA,47.155,NA,2017-06-12T12:57:11Z
TEL170529,97,NA,NA,NA,11.2,20.7424,11.2,NA,NA,-63.2198611111111,NA,47.4955,NA,2017-06-12T16:11:40Z,NA
TEL170529,97,NA,NA,NA,11.6,21.4832,11.6,NA,NA,NA,-62.7956944444444,NA,47.5003611111111,NA,2017-06-12T17:40:21Z
TEL170529,98,NA,NA,NA,11.6,21.4832,11.6,NA,NA,-62.7508333333333,NA,47.4811666666667,NA,2017-06-12T18:27:41Z,NA
TEL170529,98,NA,NA,NA,10.2,18.8904,10.2,NA,NA,NA,-62.7543888888889,NA,47.1757222222222,NA,2017-06-12T20:02:36Z
TEL170529,99,NA,NA,NA,11.8,21.853600000000004,11.8,NA,NA,-62.7616944444444,NA,47.1435555555556,NA,2017-06-12T20:45:42Z,NA
TEL170529,99,NA,NA,NA,11.7,21.6684,11.7,NA,NA,NA,-62.7581666666667,NA,46.9546944444444,NA,2017-06-12T21:43:21Z
TEL170529,100,NA,NA,NA,11.4,21.1128,11.4,NA,NA,-62.7495277777778,NA,46.8181388888889,NA,2017-06-12T23:11:24Z,NA
TEL170529,100,NA,NA,NA,9.9,18.3348,9.9,NA,NA,NA,-62.7475833333333,NA,46.5168611111111,NA,2017-06-13T00:50:12Z
TEL170529,101,NA,NA,NA,10.7,19.816399999999998,10.7,NA,NA,-61.7478611111111,NA,47.12,NA,2017-06-13T10:41:53Z,NA
TEL170529,101,NA,NA,NA,11,20.372,11,NA,NA,NA,-61.7393333333333,NA,46.8709722222222,NA,2017-06-13T12:04:40Z
TEL170529,102,NA,NA,NA,10.8,20.001600000000003,10.8,NA,NA,-61.74875,NA,46.8230833333333,NA,2017-06-13T12:55:31Z,NA
TEL170529,102,NA,NA,NA,8.8,16.297600000000003,8.8,NA,NA,NA,-61.7473611111111,NA,46.5075277777778,NA,2017-06-13T14:36:50Z
TEL170529,103,NA,NA,NA,11.2,20.7424,11.2,NA,NA,-61.7748611111111,NA,46.4149166666667,NA,2017-06-13T15:35:03Z,NA
TEL170529,103,NA,NA,NA,10.9,20.1868,10.9,NA,NA,NA,-61.8176944444444,NA,46.3408333333333,NA,2017-06-13T16:00:51Z
TEL170529,104,NA,NA,NA,10.7,19.816399999999998,10.7,NA,NA,-61.8266111111111,NA,46.3367222222222,NA,2017-06-13T16:03:20Z,NA
TEL170529,104,NA,NA,NA,10.8,20.001600000000003,10.8,NA,NA,NA,-62.2192777777778,NA,46.1736111111111,NA,2017-06-13T17:46:16Z
TEL170529,105,NA,NA,NA,11.2,20.7424,11.2,NA,NA,-62.2290555555556,NA,46.1319444444444,NA,2017-06-13T18:38:15Z,NA
TEL170529,105,NA,NA,NA,11,20.372,11,NA,NA,NA,-62.1806111111111,NA,45.9948055555556,NA,2017-06-13T19:23:49Z
TEL170529,106,NA,NA,NA,11.2,20.7424,11.2,NA,NA,-62.1826111111111,NA,45.98825,NA,2017-06-13T19:25:58Z,NA
TEL170529,106,NA,NA,NA,11.1,20.5572,11.1,NA,NA,NA,-62.2278611111111,NA,45.8505277777778,NA,2017-06-13T20:12:15Z
TEL170529,107,NA,NA,NA,11.7,21.6684,11.7,NA,NA,-62.2269444444444,NA,45.8429166666667,NA,2017-06-13T21:00:00Z,NA
TEL170529,107,NA,NA,NA,11.9,22.038800000000002,11.9,NA,NA,NA,-62.0653888888889,NA,45.8855555555556,NA,2017-06-13T21:36:34Z
TEL170529,108,NA,NA,NA,12,22.224,12,NA,NA,-61.9050555555556,NA,45.9138888888889,NA,2017-06-13T22:11:45Z,NA
TEL170529,108,NA,NA,NA,9.9,18.3348,9.9,NA,NA,NA,-61.7604166666667,NA,45.8423888888889,NA,2017-06-13T22:50:15Z
TEL170529,109,NA,NA,NA,11,20.372,11,NA,NA,-61.7451944444444,NA,45.8508611111111,NA,2017-06-13T23:31:13Z,NA
TEL170529,109,NA,NA,NA,11.2,20.7424,11.2,NA,NA,NA,-61.7655,NA,46.1141666666667,NA,2017-06-14T00:59:08Z
TEL170529,110,NA,NA,NA,11.5,21.298000000000002,11.5,NA,NA,-60.9988333333333,NA,47.1687777777778,NA,2017-06-14T10:47:04Z,NA
TEL170529,110,NA,NA,NA,7.3,13.5196,7.3,NA,NA,NA,-60.7423055555556,NA,47.1666666666667,NA,2017-06-14T11:42:39Z
TEL170529,111,NA,NA,NA,10.2,18.8904,10.2,NA,NA,-60.7370555555556,NA,47.1781666666667,NA,2017-06-14T12:31:46Z,NA
TEL170529,111,NA,NA,NA,9.7,17.9644,9.7,NA,NA,NA,-60.7601944444444,NA,47.4579444444445,NA,2017-06-14T14:16:01Z
TEL170529,112,NA,NA,NA,11.4,21.1128,11.4,NA,NA,-60.9628333333333,NA,47.4918611111111,NA,2017-06-14T15:49:57Z,NA
TEL170529,112,NA,NA,NA,11.1,20.5572,11.1,NA,NA,NA,-61.0139166666667,NA,47.4919444444444,NA,2017-06-14T16:00:54Z
TEL170529,113,NA,NA,NA,11.4,21.1128,11.4,NA,NA,-61.0717777777778,NA,47.4923888888889,NA,2017-06-14T16:13:22Z,NA
TEL170529,113,NA,NA,NA,9,16.668,9,NA,NA,NA,-61.2257222222222,NA,47.4913055555556,NA,2017-06-14T16:46:54Z
TEL170529,114,NA,NA,NA,9,16.668,9,NA,NA,-61.231,NA,47.5269722222222,NA,2017-06-14T17:47:33Z,NA
TEL170529,114,NA,NA,NA,8.4,15.5568,8.4,NA,NA,NA,-61.1985277777778,NA,47.5643611111111,NA,2017-06-14T18:04:19Z
TEL170529,115,NA,NA,NA,10.1,18.7052,10.1,NA,NA,-61.1945277777778,NA,47.5782222222222,NA,2017-06-14T18:18:44Z,NA
TEL170529,115,NA,NA,NA,6.7,12.4084,6.7,NA,NA,NA,-61.2523611111111,NA,47.8281944444444,NA,2017-06-14T19:46:53Z
TEL170529,116,NA,NA,NA,10.2,18.8904,10.2,NA,NA,-61.23025,NA,47.8489722222222,NA,2017-06-14T20:26:46Z,NA
TEL170529,116,NA,NA,NA,10,18.52,10,NA,NA,NA,-61.0413055555556,NA,47.9103055555556,NA,2017-06-14T21:17:31Z
TEL170529,117,NA,NA,NA,10.6,19.6312,10.6,NA,NA,-60.8136666666667,NA,47.8557777777778,NA,2017-06-14T22:13:08Z,NA
TEL170529,117,NA,NA,NA,8.9,16.4828,8.9,NA,NA,NA,-60.7390555555556,NA,47.835,NA,2017-06-14T22:32:18Z
TEL170529,118,NA,NA,NA,9.5,17.594,9.5,NA,NA,-60.7418888888889,NA,47.8508055555556,NA,2017-06-14T23:09:22Z,NA
TEL170529,118,NA,NA,NA,10.3,19.0756,10.3,NA,NA,NA,-60.7495277777778,NA,48.1088055555556,NA,2017-06-15T00:39:26Z
TEL170529,120,NA,NA,NA,11.4,21.1128,11.4,NA,NA,-61.7573055555556,NA,47.8082222222222,NA,2017-06-15T11:23:53Z,NA
TEL170529,120,NA,NA,NA,7.9,14.6308,7.9,NA,NA,NA,-61.7421388888889,NA,47.6103055555556,NA,2017-06-15T12:27:27Z
TEL170529,121,NA,NA,NA,10.6,19.6312,10.6,NA,NA,-61.7576388888889,NA,47.5954166666667,NA,2017-06-15T12:47:22Z,NA
TEL170529,121,NA,NA,NA,9.1,16.8532,9.1,NA,NA,NA,-61.81325,NA,47.5857777777778,NA,2017-06-15T13:00:18Z
TEL170529,122,NA,NA,NA,11,20.372,11,NA,NA,-61.8479444444444,NA,47.5809166666667,NA,2017-06-15T13:38:58Z,NA
TEL170529,122,NA,NA,NA,10.3,19.0756,10.3,NA,NA,NA,-62.233,NA,47.5017222222222,NA,2017-06-15T15:07:19Z
TEL170529,123,NA,NA,NA,11.4,21.1128,11.4,NA,NA,-62.2428055555556,NA,47.5344444444444,NA,2017-06-15T16:31:06Z,NA
TEL170529,123,NA,NA,NA,9.8,18.149600000000003,9.8,NA,NA,NA,-62.2418611111111,NA,47.8076388888889,NA,2017-06-15T17:58:55Z
TEL170529,124,NA,NA,NA,10.9,20.1868,10.9,NA,NA,-62.2429166666667,NA,47.8475833333333,NA,2017-06-15T18:48:45Z,NA
TEL170529,124,NA,NA,NA,10.2,18.8904,10.2,NA,NA,NA,-62.2270555555556,NA,48.1516111111111,NA,2017-06-15T20:32:26Z
TEL170529,126,NA,NA,NA,10.9,20.1868,10.9,NA,NA,-62.2646944444444,NA,48.4662222222222,NA,2017-06-15T23:39:57Z,NA
TEL170529,126,NA,NA,NA,7.8,14.4456,7.8,NA,NA,NA,-62.3192222222222,NA,48.6821388888889,NA,2017-06-16T00:51:36Z
TEL170529,127,NA,NA,NA,11.2,20.7424,11.2,NA,NA,-62.944,NA,47.8402777777778,NA,2017-06-16T10:03:32Z,NA
TEL170529,127,NA,NA,NA,10.8,20.001600000000003,10.8,NA,NA,NA,-63.2385555555556,NA,47.8320277777778,NA,2017-06-16T11:07:35Z
TEL170529,128,NA,NA,NA,11.6,21.4832,11.6,NA,NA,-63.2931111111111,NA,47.8312222222222,NA,2017-06-16T11:53:52Z,NA
TEL170529,128,NA,NA,NA,11.2,20.7424,11.2,NA,NA,NA,-63.9494722222222,NA,47.7836944444444,NA,2017-06-16T14:19:50Z
TEL170529,129,NA,NA,NA,11.3,20.9276,11.3,NA,NA,-63.9039444444444,NA,47.8476111111111,NA,2017-06-16T16:01:47Z,NA
TEL170529,129,NA,NA,NA,11,20.372,11,NA,NA,NA,-63.42025,NA,48.0807777777778,NA,2017-06-16T18:06:03Z
TEL170529,130,NA,NA,NA,11.8,21.853600000000004,11.8,NA,NA,-63.3821388888889,NA,48.1065,NA,2017-06-16T18:17:14Z,NA
TEL170529,130,NA,NA,NA,9.9,18.3348,9.9,NA,NA,NA,-63.2969722222222,NA,48.16125,NA,2017-06-16T18:41:16Z
TEL170529,131,NA,NA,NA,11.6,21.4832,11.6,NA,NA,-63.2418888888889,NA,48.1821944444444,NA,2017-06-16T19:29:03Z,NA
TEL170529,131,NA,NA,NA,11.2,20.7424,11.2,NA,NA,NA,-63.2515,NA,48.48875,NA,2017-06-16T21:02:34Z
TEL170529,132,NA,NA,NA,11.7,21.6684,11.7,NA,NA,-63.2489166666667,NA,48.5440555555556,NA,2017-06-16T21:56:02Z,NA
TEL170529,132,NA,NA,NA,11.3,20.9276,11.3,NA,NA,NA,-63.2503611111111,NA,48.6958055555556,NA,2017-06-16T22:43:41Z
TEL170529,133,NA,NA,NA,11.4,21.1128,11.4,NA,NA,-63.2375277777778,NA,48.7204722222222,NA,2017-06-16T23:30:45Z,NA
TEL170529,133,NA,NA,NA,9.5,17.594,9.5,NA,NA,NA,-63.1691388888889,NA,48.8026944444444,NA,2017-06-17T00:00:06Z
TEL170529,134,NA,NA,NA,11.3,20.9276,11.3,NA,NA,-63.1271111111111,NA,48.8470277777778,NA,2017-06-17T00:32:57Z,NA
TEL170529,134,NA,NA,NA,11.2,20.7424,11.2,NA,NA,NA,-63.0739444444445,NA,48.9248611111111,NA,2017-06-17T00:59:55Z
TEL170529,135,NA,NA,NA,12.5,23.150000000000002,12.5,NA,NA,-64.0709166666667,NA,48.7760277777778,NA,2017-06-17T11:06:16Z,NA
TEL170529,135,NA,NA,NA,11.5,21.298000000000002,11.5,NA,NA,NA,-63.8623055555556,NA,49.1543888888889,NA,2017-06-17T13:08:31Z
TEL170529,136,NA,NA,NA,9.6,17.7792,9.6,NA,NA,-63.8750277777778,NA,49.1793055555556,NA,2017-06-17T14:05:00Z,NA
TEL170529,136,NA,NA,NA,10.6,19.6312,10.6,NA,NA,NA,-64.0015555555556,NA,49.3241388888889,NA,2017-06-17T15:01:10Z
TEL170529,137,NA,NA,NA,10.4,19.260800000000003,10.4,NA,NA,-64.1610555555556,NA,49.3766944444444,NA,2017-06-17T15:41:57Z,NA
TEL170529,137,NA,NA,NA,6.4,11.852800000000002,6.4,NA,NA,NA,-65.0234722222222,NA,49.4205555555556,NA,2017-06-17T18:58:09Z
TEL170529,138,NA,NA,NA,10.7,19.816399999999998,10.7,NA,NA,-65.1177222222222,NA,49.4253055555556,NA,2017-06-17T19:19:02Z,NA
TEL170529,138,NA,NA,NA,11.2,20.7424,11.2,NA,NA,NA,-65.7044166666667,NA,49.4628888888889,NA,2017-06-17T21:28:42Z
TEL170529,139,NA,NA,NA,11.3,20.9276,11.3,NA,NA,-65.9562777777778,NA,49.4479444444444,NA,2017-06-17T22:21:48Z,NA
TEL170529,139,NA,NA,NA,11.5,21.298000000000002,11.5,NA,NA,NA,-66.7919722222222,NA,49.3155,NA,2017-06-18T01:20:19Z
TEL170529,140,NA,NA,NA,10.9,20.1868,10.9,NA,NA,-68.6262222222222,NA,48.6505555555556,NA,2017-06-18T10:26:20Z,NA
TEL170529,140,NA,NA,NA,11.7,21.6684,11.7,NA,NA,NA,-68.8128888888889,NA,48.6029444444444,NA,2017-06-18T11:08:31Z
TEL170529,141,NA,NA,NA,11.8,21.853600000000004,11.8,NA,NA,-68.8542777777778,NA,48.5830833333333,NA,2017-06-18T11:18:56Z,NA
TEL170529,141,NA,NA,NA,12.1,22.409200000000002,12.1,NA,NA,NA,-69.2231666666667,NA,48.3938055555556,NA,2017-06-18T12:50:52Z
TEL170529,142,NA,NA,NA,11.9,22.038800000000002,11.9,NA,NA,-69.25675,NA,48.3713055555556,NA,2017-06-18T13:00:25Z,NA
TEL170529,142,NA,NA,NA,12.5,23.150000000000002,12.5,NA,NA,NA,-69.4900833333333,NA,48.1824722222222,NA,2017-06-18T14:14:03Z
TEL170529,143,NA,NA,NA,12.5,23.150000000000002,12.5,NA,NA,-69.4958611111111,NA,48.1757777777778,NA,2017-06-18T14:16:18Z,NA
TEL170529,143,NA,NA,NA,6.5,12.038,6.5,NA,NA,NA,-69.5661944444444,NA,48.1102222222222,NA,2017-06-18T14:42:43Z
TEL170529,144,NA,NA,NA,9.5,17.594,9.5,NA,NA,-69.8695833333333,NA,48.1830277777778,NA,2017-06-18T17:53:16Z,NA
TEL170529,144,NA,NA,NA,9.4,17.408800000000003,9.4,NA,NA,NA,-69.8927222222222,NA,48.2215277777778,NA,2017-06-18T18:08:31Z
TEL170529,145,NA,NA,NA,10.2,18.8904,10.2,NA,NA,-69.9201111111111,NA,48.2306944444444,NA,2017-06-18T18:16:37Z,NA
TEL170529,145,NA,NA,NA,8.7,16.1124,8.7,NA,NA,NA,-69.97625,NA,48.2440555555556,NA,2017-06-18T18:30:47Z
TEL170529,146,NA,NA,NA,10,18.52,10,NA,NA,-70.0528888888889,NA,48.2545555555556,NA,2017-06-18T18:52:15Z,NA
TEL170529,146,NA,NA,NA,10.5,19.446,10.5,NA,NA,NA,-70.11175,NA,48.25125,NA,2017-06-18T19:06:07Z
TEL170529,147,NA,NA,NA,10.5,19.446,10.5,NA,NA,-70.1233055555555,NA,48.2531944444444,NA,2017-06-18T19:08:50Z,NA
TEL170529,147,NA,NA,NA,10.1,18.7052,10.1,NA,NA,NA,-70.3256666666667,NA,48.3350555555556,NA,2017-06-18T20:01:28Z
TEL170529,148,NA,NA,NA,11.3,20.9276,11.3,NA,NA,-70.3162777777778,NA,48.3316944444444,NA,2017-06-18T20:39:07Z,NA
TEL170529,148,NA,NA,NA,12.1,22.409200000000002,12.1,NA,NA,NA,-70.1125,NA,48.2512777777778,NA,2017-06-18T21:26:52Z
TEL170529,149,NA,NA,NA,11.2,20.7424,11.2,NA,NA,-69.8886111111111,NA,48.2170555555556,NA,2017-06-18T22:36:13Z,NA
TEL170529,149,NA,NA,NA,11.9,22.038800000000002,11.9,NA,NA,NA,-69.8638055555555,NA,48.1736944444444,NA,2017-06-18T22:50:14Z
TEL170529,150,NA,NA,NA,11.8,21.853600000000004,11.8,NA,NA,-69.8154444444444,NA,48.1475833333333,NA,2017-06-18T23:03:21Z,NA
TEL170529,150,NA,NA,NA,11.4,21.1128,11.4,NA,NA,NA,-69.6945833333333,NA,48.1250833333333,NA,2017-06-18T23:29:52Z
TEL170803,1,39.51365619128764,1.93,20.473396990304476,NA,NA,NA,NA,NA,-62.996,-62.5051111111111,48.5128333333333,48.3715833333333,2017-08-03T10:51:18Z,2017-08-03T12:47:06Z
TEL170803,2,1.8386503102296377,0.09666666666666666,19.020520450651425,NA,NA,NA,NA,NA,-62.3080833333333,-62.2834166666667,48.3628611111111,48.3649166666667,2017-08-03T14:41:17Z,2017-08-03T14:47:05Z
TEL170803,3,1.0207762112863485,0.07555555555555556,13.51027338467226,NA,NA,NA,NA,NA,-62.2655277777778,-62.2518611111111,48.36325,48.3619722222222,2017-08-03T14:52:33Z,2017-08-03T14:57:05Z
TEL170803,4,16.89151634397058,0.835,20.22936089098273,NA,NA,NA,NA,NA,-62.2671944444444,-62.0411944444444,48.3865833333333,48.3644722222222,2017-08-03T18:00:00Z,2017-08-03T18:50:06Z
TEL170803,5,4.24778001693314,0.26,16.337615449742845,NA,NA,NA,NA,NA,-62.0206388888889,-61.9837222222222,48.3556666666667,48.3264444444444,2017-08-03T18:57:38Z,2017-08-03T19:13:14Z
TEL170803,6,11.348782024701409,0.58,19.566865559830017,NA,NA,NA,NA,NA,-61.8062222222222,-61.6543888888889,48.3260555555556,48.3119444444444,2017-08-03T20:48:14Z,2017-08-03T21:23:02Z
TEL170803,7,31.621270126247676,1.5694444444444444,20.148065921148962,NA,NA,NA,NA,NA,-60.4787777777778,-60.0751111111111,48.4620555555556,48.5578333333333,2017-08-04T11:00:56Z,2017-08-04T12:35:06Z
TEL170803,8,18.265235611503563,0.9058333333333334,20.16401355455775,NA,NA,NA,NA,NA,-59.9275833333333,-59.7854166666667,48.7030833333333,48.8377777777778,2017-08-04T15:56:21Z,2017-08-04T16:50:42Z
TEL170803,9,12.212645670296682,0.6027777777777777,20.26061032860279,NA,NA,NA,NA,NA,-59.7875277777778,-59.7921111111111,48.8361944444444,48.9458611111111,2017-08-04T18:57:20Z,2017-08-04T19:33:30Z
TEL170803,10,3.5376028468993193,0.17555555555555555,20.150902292464476,NA,NA,NA,NA,NA,-59.7797222222222,-59.78325,48.9866944444444,49.0183888888889,2017-08-04T19:46:59Z,2017-08-04T19:57:31Z
TEL170803,11,8.08465918184236,0.4083333333333333,19.799165343287413,NA,NA,NA,NA,NA,-59.7854722222222,-59.8523888888889,49.0220833333333,49.0799722222222,2017-08-04T19:58:49Z,2017-08-04T20:23:19Z
TEL170803,12,19.30739105351969,0.9280555555555555,20.804132832287006,NA,NA,NA,NA,NA,-59.4015833333333,-59.2406944444444,49.489,49.6275277777778,2017-08-05T10:04:42Z,2017-08-05T11:00:23Z
TEL170803,13,19.709901417625794,0.9558333333333333,20.620646644421058,NA,NA,NA,NA,NA,-59.159,-58.9571666666667,49.6864444444444,49.8061944444444,2017-08-05T11:42:24Z,2017-08-05T12:39:45Z
TEL170803,14,1.5491255888869162,0.11555555555555555,13.405894519213698,NA,NA,NA,NA,NA,-58.9800277777778,-58.99575,49.9541666666667,49.9446111111111,2017-08-05T15:26:25Z,2017-08-05T15:33:21Z
TEL170803,15,20.586067025424718,1.1169444444444445,18.4306991523325,NA,NA,NA,NA,NA,-58.9706666666667,-59.2505277777778,49.9629444444444,49.921,2017-08-05T17:18:41Z,2017-08-05T18:25:42Z
TEL170803,16,11.300742960848435,0.56,20.179898144372203,NA,NA,NA,NA,NA,-58.5839722222222,-58.4973333333333,50.11925,50.20425,2017-08-06T09:45:38Z,2017-08-06T10:19:14Z
TEL170803,17,28.67773924182696,1.3627777777777779,21.04359177957135,NA,NA,NA,NA,NA,-58.4617222222222,-58.2101666666667,50.2299444444444,50.4313888888889,2017-08-06T12:36:55Z,2017-08-06T13:58:41Z
TEL170803,18,5.8017800290269586,0.2797222222222222,20.741219567524382,NA,NA,NA,NA,NA,-58.1583888888889,-58.1320833333333,50.4902777777778,50.5396388888889,2017-08-06T15:50:51Z,2017-08-06T16:07:38Z
TEL170803,19,10.307103311954483,0.4913888888888889,20.97545049351958,NA,NA,NA,NA,NA,-58.1092777777778,-57.9635833333333,50.5499722222222,50.55175,2017-08-06T17:45:42Z,2017-08-06T18:15:11Z
TEL170803,20,1.7885405639597745,0.09388888888888888,19.049544468210616,NA,NA,NA,NA,NA,-58.0345277777778,-58.0425,50.6184166666667,50.6336666666667,2017-08-06T20:35:06Z,2017-08-06T20:40:44Z
TEL170803,21,17.65385394029609,0.9533333333333334,18.518028608702192,NA,NA,NA,NA,NA,-58.0932222222222,-58.3093888888889,50.6494444444444,50.7294166666667,2017-08-06T21:04:51Z,2017-08-06T22:02:03Z
TEL170803,22,14.572858754465747,0.7213888888888889,20.2011134062675,NA,NA,NA,NA,NA,-57.5403611111111,-57.387,50.9918055555556,51.0803333333333,2017-08-07T12:00:08Z,2017-08-07T12:43:25Z
TEL170803,23,21.12485983258528,1.0663888888888888,19.809714872963536,NA,NA,NA,NA,NA,-57.3314722222222,-57.1101111111111,51.0808611111111,51.2101944444444,2017-08-07T15:13:01Z,2017-08-07T16:17:00Z
TEL170803,24,4.599460442627848,0.23166666666666666,19.853786083285673,NA,NA,NA,NA,NA,-57.045,-57.0172222222222,51.3378333333333,51.3753333333333,2017-08-07T19:00:19Z,2017-08-07T19:14:13Z
TEL170803,25,5.925100587624038,0.32083333333333336,18.467845987399595,NA,NA,NA,NA,NA,-56.6915,-56.6446111111111,51.5233611111111,51.5678888888889,2017-08-07T22:51:26Z,2017-08-07T23:10:41Z
TEL170803,26,11.49161962511532,0.6025,19.073227593552396,NA,NA,NA,NA,NA,-58.5833888888889,-58.5425,49.5015277777778,49.4017777777778,2017-08-09T10:56:21Z,2017-08-09T11:32:30Z
TEL170803,27,16.226335281725152,0.8747222222222222,18.550272154401572,NA,NA,NA,NA,NA,-58.55225,-58.7745277777778,49.3731111111111,49.3906388888889,2017-08-09T13:19:46Z,2017-08-09T14:12:15Z
TEL170803,28,18.257535988975974,1.0141666666666667,18.002500564314847,NA,NA,NA,NA,NA,-58.8750555555556,-59.1268611111111,49.3748611111111,49.3795,2017-08-09T15:24:56Z,2017-08-09T16:25:47Z
TEL170803,29,4.967908889987999,0.2688888888888889,18.475694218963632,NA,NA,NA,NA,NA,-59.1681944444444,-59.1979166666667,49.2961944444444,49.256,2017-08-09T18:30:28Z,2017-08-09T18:46:36Z
TEL170803,30,45.00768449734102,2.1683333333333334,20.75681068286288,NA,NA,NA,NA,NA,-59.1138888888889,-58.5041388888889,49.2465,49.1771944444444,2017-08-09T20:52:53Z,2017-08-09T23:02:59Z
TEL170803,31,5.603188609791818,0.2786111111111111,20.111145558574822,NA,NA,NA,NA,NA,-59.3548055555556,-59.2940555555556,48.7829722222222,48.7524722222222,2017-08-10T10:23:24Z,2017-08-10T10:40:07Z
TEL170803,32,14.92217389102978,0.7941666666666667,18.78972578093991,NA,NA,NA,NA,NA,-59.3053055555556,-59.5053055555556,48.7492777777778,48.7253888888889,2017-08-10T11:55:15Z,2017-08-10T12:42:54Z
TEL170803,33,14.41063162079325,0.7452777777777778,19.335920176986843,NA,NA,NA,NA,NA,-59.6722222222222,-59.5744166666667,48.7347777777778,48.6225833333333,2017-08-10T17:11:35Z,2017-08-10T17:56:18Z
TEL170803,34,8.241150421054636,0.4186111111111111,19.6868888625061,NA,NA,NA,NA,NA,-59.5321111111111,-59.4658055555556,48.571,48.5113888888889,2017-08-10T19:35:52Z,2017-08-10T20:00:59Z
TEL170803,35,10.292302385027254,0.5116666666666667,20.115248960965314,NA,NA,NA,NA,NA,-59.5914166666667,-59.5395555555556,48.33625,48.2504722222222,2017-08-11T10:14:51Z,2017-08-11T10:45:33Z
TEL170803,36,7.21242768764612,0.3813888888888889,18.910953878751663,NA,NA,NA,NA,NA,-59.5438611111111,-59.6400833333333,48.2345833333333,48.2441111111111,2017-08-11T12:32:19Z,2017-08-11T12:55:12Z
TEL170803,37,7.202991974233155,0.3561111111111111,20.226810536068143,NA,NA,NA,NA,NA,-59.5343888888889,-59.4551111111111,48.23,48.1926388888889,2017-08-11T14:37:38Z,2017-08-11T14:59:00Z
TEL170803,38,17.407211703374845,0.8886111111111111,19.589234802172378,NA,NA,NA,NA,NA,-59.4533055555556,-59.3309722222222,48.1770277777778,48.3105,2017-08-11T16:30:41Z,2017-08-11T17:24:00Z
TEL170803,39,13.755024880214021,0.7013888888888888,19.61112458169128,NA,NA,NA,NA,NA,-59.2655277777778,-59.1092222222222,48.3525555555556,48.4195833333333,2017-08-11T19:15:06Z,2017-08-11T19:57:11Z
TEL170803,40,11.487115234193759,0.5702777777777778,20.143017458888227,NA,NA,NA,NA,NA,-59.0523888888889,-58.90125,48.4239722222222,48.4483333333333,2017-08-11T21:24:02Z,2017-08-11T21:58:15Z
TEL170803,41,10.979838725642647,0.5680555555555555,19.328811448564075,NA,NA,NA,NA,NA,-59.7543055555556,-59.8686388888889,47.7396944444444,47.6779722222222,2017-08-12T11:09:09Z,2017-08-12T11:43:14Z
TEL170803,42,6.292361413906196,0.3219444444444444,19.544867204540385,NA,NA,NA,NA,NA,-59.8693611111111,-59.873,47.69925,47.7557222222222,2017-08-12T13:06:24Z,2017-08-12T13:25:43Z
TEL170803,43,8.37798626954451,0.45555555555555555,18.390701567292826,NA,NA,NA,NA,NA,-60.5779166666667,-60.5202777777778,47.8691388888889,47.9337222222222,2017-08-13T11:53:03Z,2017-08-13T12:20:23Z
TEL170803,44,19.975466220979552,1.0461111111111112,19.094975675923095,NA,NA,NA,NA,NA,-60.4920833333333,-60.4063611111111,47.9879444444444,48.158,2017-08-13T14:48:23Z,2017-08-13T15:51:09Z
TEL170803,46,7.78306966697142,0.5130555555555556,15.170032918839798,NA,NA,NA,NA,NA,-62.1241944444444,-62.2012777777778,48.5077222222222,48.5555,2017-08-14T10:08:11Z,2017-08-14T10:38:58Z
TEL170803,47,2.457914690107869,0.13444444444444445,18.28201009171142,NA,NA,NA,NA,NA,-62.9977777777778,-63.02875,48.7194444444444,48.7110833333333,2017-08-14T21:04:02Z,2017-08-14T21:12:06Z
TEL170803,48,4.074346184967205,0.22194444444444444,18.35750471324398,NA,NA,NA,NA,NA,-64.1730555555556,-64.1201944444444,48.7275555555556,48.7164444444444,2017-08-16T16:25:48Z,2017-08-16T16:39:07Z
TEL170803,49,16.51735867775127,0.9413888888888889,17.545733620508873,NA,NA,NA,NA,NA,-64.1190833333333,-63.9544444444444,48.7169722222222,48.8181666666667,2017-08-16T16:39:28Z,2017-08-16T17:35:57Z
TEL170803,50,6.430015598176021,0.5211111111111111,12.3390491222994,NA,NA,NA,NA,NA,-64.5887222222222,-64.6619722222222,49.27975,49.3122222222222,2017-08-18T09:29:29Z,2017-08-18T10:00:45Z
TEL170803,51,18.611512302651843,1.1558333333333333,16.102245683620918,NA,NA,NA,NA,NA,-64.6005555555555,-64.8289444444444,49.3041388888889,49.3803611111111,2017-08-18T11:38:53Z,2017-08-18T12:48:14Z
TEL170803,52,20.962948034583725,1.1541666666666666,18.162843062455213,NA,NA,NA,NA,NA,-64.6067222222222,-64.3727777777778,49.4430555555556,49.5543055555556,2017-08-18T14:51:20Z,2017-08-18T16:00:35Z
TEL170803,53,10.698640127924223,0.6036111111111111,17.72439229660709,NA,NA,NA,NA,NA,-64.3196666666667,-64.2335833333333,49.5885555555556,49.6668333333333,2017-08-18T17:58:04Z,2017-08-18T18:34:17Z
TEL170803,54,19.474490668669336,1.1352777777777778,17.153943334281774,NA,NA,NA,NA,NA,-64.9816111111111,-65.0761944444444,49.7045555555556,49.5406944444444,2017-08-19T10:22:49Z,2017-08-19T11:30:56Z
TEL170803,55,6.392195629879322,0.34833333333333333,18.3508008513282,NA,NA,NA,NA,NA,-65.0804722222222,-65.0952777777778,49.5231111111111,49.4665,2017-08-19T11:38:12Z,2017-08-19T11:59:06Z
TEL170803,56,8.080772423072622,0.5930555555555556,13.625658418295755,NA,NA,NA,NA,NA,-65.10975,-65.0969444444444,49.4479722222222,49.3758611111111,2017-08-19T13:37:20Z,2017-08-19T14:12:55Z
TEL170803,57,25.195604681490778,1.5130555555555556,16.652134542567797,NA,NA,NA,NA,NA,-65.135,-65.4482777777778,49.396,49.4946944444444,2017-08-19T16:33:49Z,2017-08-19T18:04:36Z
TEL170803,58,12.662110278937988,0.7430555555555556,17.0405970109072,NA,NA,NA,NA,NA,-65.4376944444444,-65.6051388888889,49.4923611111111,49.5257777777778,2017-08-19T19:24:20Z,2017-08-19T20:08:55Z
TEL170803,59,33.043636648491805,1.908611111111111,17.312922709150126,NA,NA,NA,NA,NA,-66.7024444444445,-67.1265,49.1889444444444,49.2960277777778,2017-08-20T10:10:20Z,2017-08-20T12:04:51Z
TEL170803,60,5.910273361514282,0.3372222222222222,17.526346047324065,NA,NA,NA,NA,NA,-67.1745277777778,-67.2521388888889,49.3109722222222,49.2949166666667,2017-08-20T13:55:03Z,2017-08-20T14:15:17Z
TEL170803,61,5.88531311154002,0.41888888888888887,14.049819099167157,NA,NA,NA,NA,NA,-67.4221666666667,-67.49925,49.2655,49.24925,2017-08-20T14:57:33Z,2017-08-20T15:22:41Z
TEL170803,62,10.255838415057305,0.6391666666666667,16.045640284313905,NA,NA,NA,NA,NA,-68.3918055555556,-68.4661111111111,48.8096944444444,48.8877777777778,2017-08-21T10:37:51Z,2017-08-21T11:16:12Z
TEL170803,63,27.12158011907524,26.246944444444445,1.0333233331781568,NA,NA,NA,NA,NA,-68.487,-68.5770277777778,48.9016666666667,48.6653611111111,2017-08-21T13:27:09Z,2017-08-22T15:41:58Z
TEL170803,64,5.493025354019084,0.3211111111111111,17.106307330855277,NA,NA,NA,NA,NA,-68.54425,-68.4698611111111,48.6588888888889,48.6543888888889,2017-08-22T17:03:27Z,2017-08-22T17:22:43Z
TEL170803,65,16.50087978530979,1.0005555555555556,16.49171771990984,NA,NA,NA,NA,NA,-68.3793333333333,-68.1580555555556,48.67725,48.7024444444444,2017-08-22T19:30:27Z,2017-08-22T20:30:29Z
TEL170803,66,19.76039947685833,1.1147222222222222,17.726747599474205,NA,NA,NA,NA,NA,-68.1359722222222,-67.8957222222222,48.70625,48.7863333333333,2017-08-22T21:41:59Z,2017-08-22T22:48:52Z
TEL170803,67,13.419263924956391,0.7555555555555555,17.76079048891287,NA,NA,NA,NA,NA,-66.7889444444444,-66.7049722222222,49.3375833333333,49.4450277777778,2017-08-23T11:49:26Z,2017-08-23T12:34:46Z
TEL170803,68,18.912682823364474,1.2569444444444444,15.046554290411516,NA,NA,NA,NA,NA,-66.7906111111111,-66.9925555555556,49.4807222222222,49.5888333333333,2017-08-23T15:12:13Z,2017-08-23T16:27:38Z
TEL170803,69,10.390538613920459,0.6238888888888889,16.654469728456657,NA,NA,NA,NA,NA,-66.9756666666667,-66.83575,49.5924166666667,49.6145555555556,2017-08-23T18:20:42Z,2017-08-23T18:58:08Z
TEL170803,70,14.578548806460397,0.8316666666666667,17.52931720215679,NA,NA,NA,NA,NA,-66.8511111111111,-66.9371388888889,49.6451388888889,49.7636944444444,2017-08-23T21:20:26Z,2017-08-23T22:10:20Z
TEL170803,71,31.50173680934883,1.75,18.000992462485048,NA,NA,NA,NA,NA,-66.3365277777778,-65.9175833333333,49.7113055555556,49.7938611111111,2017-08-24T12:12:30Z,2017-08-24T13:57:30Z
TEL170803,72,26.750284296656492,1.5286111111111111,17.499731685982805,NA,NA,NA,NA,NA,-65.8409166666667,-65.8109722222222,49.8177222222222,50.05725,2017-08-24T15:30:38Z,2017-08-24T17:02:21Z
TEL170803,73,25.41951845686756,1.4091666666666667,18.038688437753443,NA,NA,NA,NA,NA,-65.7570277777778,-65.46125,50.0438611111111,49.9175,2017-08-24T19:17:54Z,2017-08-24T20:42:27Z
TEL170803,74,9.199933424878859,0.5188888888888888,17.730064416254763,NA,NA,NA,NA,NA,-65.2389444444444,-65.152,50.1662222222222,50.1051944444444,2017-08-25T12:28:24Z,2017-08-25T12:59:32Z
TEL170803,75,23.946523419917106,1.3683333333333334,17.5005043263706,NA,NA,NA,NA,NA,-64.9993888888889,-64.6660833333333,50.10425,50.1286666666667,2017-08-25T14:56:23Z,2017-08-25T16:18:29Z
TEL170803,76,13.135019775375007,0.9502777777777778,13.822294998933067,NA,NA,NA,NA,NA,-64.4818333333333,-64.5152222222222,50.0842222222222,49.9681944444444,2017-08-25T18:56:40Z,2017-08-25T19:53:41Z
TEL170803,77,19.609711561129952,1.4169444444444443,13.839435722420669,NA,NA,NA,NA,NA,-63.3296944444444,-63.0620555555556,49.8688888888889,49.9048888888889,2017-08-26T10:28:45Z,2017-08-26T11:53:46Z
TEL170803,78,14.08973310575266,0.8375,16.82356191731661,NA,NA,NA,NA,NA,-62.9926666666667,-63.0891388888889,49.8990277777778,50.0093333333333,2017-08-26T13:42:42Z,2017-08-26T14:32:57Z
TEL170803,79,7.450067486416083,0.4305555555555556,17.303382549095417,NA,NA,NA,NA,NA,-63.1119722222222,-63.0176944444444,50.0646388888889,50.09325,2017-08-26T17:57:47Z,2017-08-26T18:23:37Z
TEL170803,80,20.06759962480124,0.9163888888888889,21.898562791538183,NA,NA,NA,NA,NA,-63.0467222222222,-63.3221111111111,50.1042777777778,50.1406388888889,2017-08-26T18:32:56Z,2017-08-26T19:27:55Z
TEL170803,81,10.750027114204308,0.5294444444444445,20.304353416125657,NA,NA,NA,NA,NA,-63.4004444444444,-63.5445,50.1520833333333,50.1805555555556,2017-08-26T19:44:23Z,2017-08-26T20:16:09Z
TEL170803,82,17.901209341412535,1.045,17.130343867380418,NA,NA,NA,NA,NA,-62.6205,-62.7245833333333,49.97175,49.8255833333333,2017-08-27T11:48:00Z,2017-08-27T12:50:42Z
TEL170803,83,8.383128159652344,0.4683333333333333,17.899917778617105,NA,NA,NA,NA,NA,-62.5690833333333,-62.5053333333333,49.7531666666667,49.6901388888889,2017-08-27T17:03:56Z,2017-08-27T17:32:02Z
TEL170803,84,20.904151585933946,1.1755555555555555,17.78235957215553,NA,NA,NA,NA,NA,-62.4468611111111,-62.1613888888889,49.6949722222222,49.7294444444444,2017-08-27T19:48:25Z,2017-08-27T20:58:57Z
TEL170803,85,21.26910750413684,1.2569444444444444,16.921278898318814,NA,NA,NA,NA,NA,-61.5473888888889,-61.4932777777778,49.6246388888889,49.8124722222222,2017-08-28T09:55:07Z,2017-08-28T11:10:32Z
TEL170803,86,25.877299055500444,3.986388888888889,6.491413601825768,NA,NA,NA,NA,NA,-61.4841944444444,-61.1243611111111,49.8397222222222,49.82675,2017-08-28T12:55:05Z,2017-08-28T16:54:16Z
TEL170803,87,23.972234290974338,1.4227777777777777,16.848895635983528,NA,NA,NA,NA,NA,-61.1365,-60.9698055555556,49.8179166666667,49.6314722222222,2017-08-28T19:07:08Z,2017-08-28T20:32:30Z
TEL170803,88,14.5032481685795,0.9163888888888889,15.82652119032622,NA,NA,NA,NA,NA,-60.9405277777778,-60.9254444444444,49.6018611111111,49.4719444444444,2017-08-28T21:43:36Z,2017-08-28T22:38:35Z
TEL170803,89,0.773990479355586,0.05,15.479809587111719,NA,NA,NA,NA,NA,-60.8155,-60.8185555555556,49.7448611111111,49.7515277777778,2017-08-29T12:26:05Z,2017-08-29T12:29:05Z
TEL170803,90,8.859766780088304,0.6119444444444444,14.478057380080752,NA,NA,NA,NA,NA,-60.8218888888889,-60.8529166666667,49.7622222222222,49.83925,2017-08-29T12:37:38Z,2017-08-29T13:14:21Z
TEL170803,91,12.162894053831371,0.8483333333333334,14.337399670528137,NA,NA,NA,NA,NA,-60.7857777777778,-60.6182777777778,49.92125,49.9389166666667,2017-08-29T14:51:27Z,2017-08-29T15:42:21Z
TEL170803,92,28.4652299925133,2.667222222222222,10.67223786430409,NA,NA,NA,NA,NA,-60.57725,-60.2121666666667,49.92675,49.8265833333333,2017-08-29T17:41:13Z,2017-08-29T20:21:15Z
TEL170803,93,13.548351698524895,0.77,17.595261946136226,NA,NA,NA,NA,NA,-60.2029166666667,-60.2502222222222,49.8039444444444,49.6861388888889,2017-08-29T21:39:22Z,2017-08-29T22:25:34Z
TEL170803,94,32.30914669516169,1.8602777777777777,17.367915201221752,NA,NA,NA,NA,NA,-59.9658333333333,-60.1776388888889,49.3608888888889,49.1057222222222,2017-08-30T09:29:49Z,2017-08-30T11:21:26Z
TEL170803,95,18.500321550876798,1.1127777777777779,16.625351368736013,NA,NA,NA,NA,NA,-60.1868055555556,-60.2455,49.0703611111111,48.9086944444444,2017-08-30T12:36:05Z,2017-08-30T13:42:51Z
TEL170803,96,2.715649296647724,0.15944444444444444,17.031946808243568,NA,NA,NA,NA,NA,-60.2749166666667,-60.2986944444444,48.8626944444444,48.8814166666667,2017-08-30T15:13:17Z,2017-08-30T15:22:51Z
TEL170803,97,13.7688721801934,0.8255555555555556,16.678310850839917,NA,NA,NA,NA,NA,-60.2928055555556,-60.4206388888889,48.8855277777778,48.9763333333333,2017-08-30T15:27:16Z,2017-08-30T16:16:48Z
TEL170803,98,22.61130965591652,1.1822222222222223,19.12610779165871,NA,NA,NA,NA,NA,-60.4286666666667,-60.4697222222222,48.9856666666667,49.187,2017-08-30T18:05:29Z,2017-08-30T19:16:25Z
TEL170803,99,15.995614665170494,0.9466666666666667,16.896776054757566,NA,NA,NA,NA,NA,-61.1729444444444,-61.3517777777778,48.8298055555556,48.7475555555556,2017-08-31T09:34:29Z,2017-08-31T10:31:17Z
TEL170803,100,15.497148684141141,0.8661111111111112,17.892795145255967,NA,NA,NA,NA,NA,-61.4728888888889,-61.6221666666667,48.7538055555556,48.8523611111111,2017-08-31T12:19:47Z,2017-08-31T13:11:45Z
TEL170803,101,6.580296497808357,0.46305555555555555,14.21059831560293,NA,NA,NA,NA,NA,-62.0009444444444,-62.0873611111111,48.9344166666667,48.9179722222222,2017-08-31T17:24:19Z,2017-08-31T17:52:06Z
TEL170803,102,13.894866272249352,0.8102777777777778,17.14827513887476,NA,NA,NA,NA,NA,-62.1007777777778,-62.13425,48.9129166666667,48.7900555555556,2017-08-31T19:36:44Z,2017-08-31T20:25:21Z
TEL170803,103,33.303995918029635,2.131666666666667,15.623453909943533,NA,NA,NA,NA,NA,-63.73325,-64.1866388888889,48.7408888888889,48.7313333333333,2017-09-01T16:56:08Z,2017-09-01T19:04:02Z
TEL170803,104,21.353113758231952,1.1794444444444445,18.104382837879186,NA,NA,NA,NA,NA,-64.2879444444444,-64.1158055555556,48.7788333333333,48.6242777777778,2017-09-02T20:51:05Z,2017-09-02T22:01:51Z
TEL170803,105,12.256843310174593,0.7463888888888889,16.4215243456005,NA,NA,NA,NA,NA,-64.1288888888889,-64.1939444444445,48.5988611111111,48.4975277777778,2017-09-02T22:11:24Z,2017-09-02T22:56:11Z
TEL170803,106,8.424827383128859,0.4625,18.215842990548882,NA,NA,NA,NA,NA,-63.1900555555556,-63.0821388888889,45.9416388888889,45.9318888888889,2017-09-06T09:54:43Z,2017-09-06T10:22:28Z
TEL170803,107,8.126099200594057,0.46166666666666667,17.601658918254273,NA,NA,NA,NA,NA,-62.7437777777778,-62.6431666666667,45.90675,45.9274722222222,2017-09-06T13:49:02Z,2017-09-06T14:16:44Z
TEL170803,108,3.55343875728527,0.19805555555555557,17.941626263992948,NA,NA,NA,NA,NA,-62.5727222222222,-62.527,45.9053055555556,45.9027222222222,2017-09-06T18:21:46Z,2017-09-06T18:33:39Z
TEL170803,109,10.595269751839322,0.5980555555555556,17.71619651956412,NA,NA,NA,NA,NA,-62.5241666666667,-62.4435,45.9004444444444,45.8236111111111,2017-09-06T18:34:52Z,2017-09-06T19:10:45Z
TEL170803,110,13.878214960316075,0.7913888888888889,17.53652996038535,NA,NA,NA,NA,NA,-62.0800833333333,-61.9089444444444,45.9433333333333,45.9063055555556,2017-09-07T11:16:59Z,2017-09-07T12:04:28Z
TEL170803,111,15.132180202284882,0.8363888888888888,18.09227789047678,NA,NA,NA,NA,NA,-61.8945277777778,-61.7106111111111,45.9035555555556,45.8578888888889,2017-09-07T12:08:21Z,2017-09-07T12:58:32Z
TEL170803,112,10.154567563368841,0.7313888888888889,13.883951093098302,NA,NA,NA,NA,NA,-61.7681666666667,-61.7851944444444,45.8507222222222,45.7602777777778,2017-09-07T14:41:08Z,2017-09-07T15:25:01Z
TEL170803,113,7.224964436733835,0.37777777777777777,19.124905861942505,NA,NA,NA,NA,NA,-61.2891111111111,-61.2149722222222,46.4667222222222,46.5068055555556,2017-09-08T13:32:36Z,2017-09-08T13:55:16Z
TEL170803,114,22.36932937364141,1.3,17.20717644126262,NA,NA,NA,NA,NA,-61.17075,-61.3957222222222,46.533,46.6613888888889,2017-09-08T15:18:00Z,2017-09-08T16:36:00Z
TEL170803,115,13.04801698767251,0.735,17.752404064860556,NA,NA,NA,NA,NA,-61.3079166666667,-61.2338333333333,46.6708611111111,46.7765,2017-09-08T18:05:31Z,2017-09-08T18:49:37Z
TEL170803,116,12.854015361581611,0.7111111111111111,18.07595910222414,NA,NA,NA,NA,NA,-60.9265,-60.9698611111111,47.2721944444444,47.3838611111111,2017-09-09T12:13:01Z,2017-09-09T12:55:41Z
TEL170803,117,7.0708052194013895,0.4513888888888889,15.664553101443078,NA,NA,NA,NA,NA,-60.9232222222222,-60.8333888888889,47.4307222222222,47.4122777777778,2017-09-09T14:08:01Z,2017-09-09T14:35:06Z
TEL170803,118,14.272343912934323,0.7938888888888889,17.97776000229656,NA,NA,NA,NA,NA,-60.7662777777778,-60.7324166666667,47.3810555555556,47.2549166666667,2017-09-09T16:04:34Z,2017-09-09T16:52:12Z
TEL170803,119,14.274989576042955,0.8,17.843736970053694,NA,NA,NA,NA,NA,-60.6991388888889,-60.6842222222222,47.2676388888889,47.1398055555556,2017-09-09T18:51:57Z,2017-09-09T19:39:57Z
TEL170803,120,10.969869248307656,0.6111111111111112,17.950695133594344,NA,NA,NA,NA,NA,-60.509,-60.45275,47.5293611111111,47.6203055555556,2017-09-10T10:41:14Z,2017-09-10T11:17:54Z
TEL170803,124,11.731059926972604,0.6994444444444444,16.771968124345264,NA,NA,NA,NA,NA,-60.9121666666667,-61.0193055555556,48.0343055555556,48.1116388888889,2017-09-11T11:42:07Z,2017-09-11T12:24:05Z
TEL170803,125,15.078372776325047,0.8736111111111111,17.25982257385379,NA,NA,NA,NA,NA,-60.9876666666667,-61.1872222222222,48.07975,48.056,2017-09-11T14:05:54Z,2017-09-11T14:58:19Z
TEL170803,126,0.8194346877757354,0.07277777777777777,11.25940792363606,NA,NA,NA,NA,NA,-61.3546388888889,-61.3651666666667,48.0680277777778,48.0701944444444,2017-09-11T17:33:44Z,2017-09-11T17:38:06Z
TEL170803,127,10.598722970485287,0.5975,17.738448486167844,NA,NA,NA,NA,NA,-64.2889444444444,-64.1870277777778,48.7805555555556,48.7131111111111,2017-09-13T10:25:17Z,2017-09-13T11:01:08Z
TEL170803,128,21.43686563654481,1.1966666666666668,17.91381529516279,NA,NA,NA,NA,NA,-64.1343888888889,-64.0083888888889,48.6903055555556,48.8640555555556,2017-09-13T12:16:14Z,2017-09-13T13:28:02Z
TEL170803,129,10.580011223232683,0.7008333333333333,15.096329926134626,NA,NA,NA,NA,NA,-64.0122222222222,-63.9205277777778,48.871,48.7975833333333,2017-09-13T17:23:54Z,2017-09-13T18:05:57Z
TEL170803,130,2.4183489792106005,0.15055555555555555,16.06283454826229,NA,NA,NA,NA,NA,-63.1554166666667,-63.1494166666667,48.7576388888889,48.7362777777778,2017-09-14T18:46:16Z,2017-09-14T18:55:18Z
TEL170803,131,6.378432961209287,0.52,12.266217233094784,NA,NA,NA,NA,NA,-63.1420833333333,-63.1269166666667,48.7105833333333,48.6541666666667,2017-09-14T19:08:32Z,2017-09-14T19:39:44Z
TEL170803,132,8.290280691309297,0.5494444444444444,15.08847850794412,NA,NA,NA,NA,NA,-63.6192777777778,-63.6835833333333,48.5250833333333,48.5861944444444,2017-09-15T11:08:23Z,2017-09-15T11:41:21Z
TEL170803,133,15.49534669791548,0.9313888888888889,16.636817212196757,NA,NA,NA,NA,NA,-63.7673611111111,-63.9265555555556,48.5961111111111,48.5051666666667,2017-09-15T14:01:21Z,2017-09-15T14:57:14Z
TEL170803,134,11.533036621787982,0.7288888888888889,15.822763657940829,NA,NA,NA,NA,NA,-63.9746944444444,-64.0816388888889,48.4786944444444,48.4031944444444,2017-09-15T16:48:31Z,2017-09-15T17:32:15Z
TEL170803,135,1.6130734096693358,0.11277777777777778,14.303113977363568,NA,NA,NA,NA,NA,-64.0625555555555,-64.0843333333333,48.3523611111111,48.3516388888889,2017-09-15T19:21:56Z,2017-09-15T19:28:42Z
TEL170803,136,13.440345469493066,0.8597222222222223,15.633358219765762,NA,NA,NA,NA,NA,-66.2216111111111,-66.0447222222222,48.0468611111111,48.0226388888889,2017-09-18T16:41:51Z,2017-09-18T17:33:26Z
TEL170803,137,9.156771373240744,0.5686111111111111,16.103750338869897,NA,NA,NA,NA,NA,-66.0339444444444,-65.9218888888889,48.0192222222222,47.9853888888889,2017-09-18T17:37:49Z,2017-09-18T18:11:56Z
TEL170803,138,15.92322864465209,0.9988888888888889,15.940940801097753,NA,NA,NA,NA,NA,-65.8384166666667,-65.6298888888889,47.98075,48.0121944444444,2017-09-18T19:27:04Z,2017-09-18T20:27:00Z
TEL170803,139,6.466312819630698,0.4033333333333333,16.03218054453892,NA,NA,NA,NA,NA,-64.5638611111111,-64.4795,48.2076111111111,48.22225,2017-09-19T11:22:21Z,2017-09-19T11:46:33Z
TEL170803,140,7.879099035956438,0.4988888888888889,15.793294281427158,NA,NA,NA,NA,NA,-63.9589166666667,-63.8528055555556,48.2293888888889,48.2258055555556,2017-09-19T15:48:15Z,2017-09-19T16:18:11Z
TEL170803,141,12.503129672814776,0.7763888888888889,16.10420995425159,NA,NA,NA,NA,NA,-63.8443055555556,-63.8603611111111,48.2064444444445,48.0946388888889,2017-09-19T18:06:46Z,2017-09-19T18:53:21Z
TEL170803,142,4.3025760005160985,0.2916666666666667,14.751689144626623,NA,NA,NA,NA,NA,-63.8620833333333,-63.911,48.0933333333333,48.0726944444445,2017-09-19T18:54:05Z,2017-09-19T19:11:35Z
TEL170803,143,21.727034738945584,1.3425,16.184010978730416,NA,NA,NA,NA,NA,-63.7945277777778,-63.5098055555556,48.0871944444444,48.0437222222222,2017-09-19T20:46:52Z,2017-09-19T22:07:25Z
TEL170803,144,2.92002888674616,0.18305555555555555,15.951599381314379,NA,NA,NA,NA,NA,-62.6521666666667,-62.6455833333333,48.1901111111111,48.16425,2017-09-20T15:31:57Z,2017-09-20T15:42:56Z
TEL170803,145,9.494396951006062,0.6430555555555556,14.764504977806402,NA,NA,NA,NA,NA,-61.31875,-61.1950555555556,47.9720277777778,47.9925,2017-09-21T14:47:37Z,2017-09-21T15:26:12Z
TEL170803,146,12.999528323265872,0.6663888888888889,19.50742057680581,NA,NA,NA,NA,NA,-61.1345833333333,-61.0881666666667,47.9651666666667,47.8526111111111,2017-09-21T18:28:56Z,2017-09-21T19:08:55Z
TEL170803,147,7.605362123266021,0.3875,19.62674096326715,NA,NA,NA,NA,NA,-61.0882222222222,-61.1083333333333,47.8523611111111,47.7853888888889,2017-09-21T19:09:00Z,2017-09-21T19:32:15Z
TEL170803,148,11.352959494654677,0.5655555555555556,20.073995177189015,NA,NA,NA,NA,NA,-61.1466944444444,-61.27125,47.7638888888889,47.7057222222222,2017-09-21T21:11:13Z,2017-09-21T21:45:09Z
TEL170803,149,11.704921609153875,0.7108333333333333,16.466478230931592,NA,NA,NA,NA,NA,-62.1495277777778,-62.2624166666667,47.4311111111111,47.3588888888889,2017-09-22T10:26:00Z,2017-09-22T11:08:39Z
TEL170803,150,12.390808178276988,0.7422222222222222,16.694202635403126,NA,NA,NA,NA,NA,-62.2626388888889,-62.4089166666667,47.3588055555556,47.3081944444444,2017-09-22T11:08:43Z,2017-09-22T11:53:15Z
TEL170803,151,19.828666923795495,1.2238888888888888,16.201361989483384,NA,NA,NA,NA,NA,-62.4836111111111,-62.6140277777778,47.3052222222222,47.4599166666667,2017-09-22T13:04:45Z,2017-09-22T14:18:11Z
TEL170803,152,20.706610701996265,1.263611111111111,16.38685392991571,NA,NA,NA,NA,NA,-62.6449166666667,-62.7881666666667,47.5276388888889,47.6866111111111,2017-09-22T15:43:24Z,2017-09-22T16:59:13Z
TEL170803,153,15.86719492358807,0.9866666666666667,16.08161647660953,NA,NA,NA,NA,NA,-62.8102777777778,-62.9519444444445,47.7585,47.8646388888889,2017-09-22T19:34:53Z,2017-09-22T20:34:05Z
TEL170803,154,19.240744896350567,1.2347222222222223,15.583055484108444,NA,NA,NA,NA,NA,-64.1825,-64.3684444444444,47.6956666666667,47.8150277777778,2017-09-23T11:57:31Z,2017-09-23T13:11:36Z
TEL170803,155,10.464835979547411,0.6541666666666667,15.997201497397317,NA,NA,NA,NA,NA,-64.609611111111093,-64.49,47.4139444444444,47.3661944444444,2017-09-23T20:56:19Z,2017-09-23T21:35:34Z
TEL170803,156,14.844911066209773,0.9369444444444445,15.843960817775033,NA,NA,NA,NA,NA,-64.52025,-64.3351666666667,46.9011388888889,46.9436111111111,2017-09-24T11:55:38Z,2017-09-24T12:51:51Z
TEL170803,157,11.851662435326475,0.7680555555555556,15.430735901329225,NA,NA,NA,NA,NA,-64.3186666666667,-64.2004722222222,47.0003888888889,47.07,2017-09-24T14:51:48Z,2017-09-24T15:37:53Z
TEL170803,158,25.426938952628774,1.4225,17.874825274255727,NA,NA,NA,NA,NA,-64.2241111111111,-63.9241111111111,47.0545555555556,47.1569166666667,2017-09-24T16:55:38Z,2017-09-24T18:20:59Z
TEL170803,160,15.76746514044103,0.9497222222222222,16.60218616717979,NA,NA,NA,NA,NA,-63.3836666666667,-63.2254722222222,47.3790555555556,47.4718333333333,2017-09-25T11:30:29Z,2017-09-25T12:27:28Z
TEL170803,161,12.900814275931621,0.7861111111111111,16.410929820973088,NA,NA,NA,NA,NA,-63.1138611111111,-62.9576944444444,47.3996944444444,47.4473055555556,2017-09-25T16:45:19Z,2017-09-25T17:32:29Z
TEL170803,162,4.529417342441639,0.2841666666666667,15.939298565777028,NA,NA,NA,NA,NA,-62.8395,-62.8168055555556,47.3293333333333,47.2916666666667,2017-09-25T20:44:10Z,2017-09-25T21:01:13Z
TEL170803,163,10.401424433564012,0.6613888888888889,15.72663921076457,NA,NA,NA,NA,NA,-63.51275,-63.6378888888889,46.9395,46.9773888888889,2017-09-26T11:13:34Z,2017-09-26T11:53:15Z
TEL170803,164,11.631515379105798,0.585,19.882932271975722,NA,NA,NA,NA,NA,-63.6041944444444,-63.5527222222222,46.9405,46.8421111111111,2017-09-26T12:57:55Z,2017-09-26T13:33:01Z
TEL170803,165,1.7812855381607893,0.13805555555555554,12.902671906194852,NA,NA,NA,NA,NA,-63.4131944444444,-63.39925,46.7366111111111,46.7237777777778,2017-09-26T15:26:18Z,2017-09-26T15:34:35Z
TEL170803,166,23.22475014364326,1.3002777777777779,17.861375884878388,NA,NA,NA,NA,NA,-63.3221944444444,-63.0465555555556,46.6789722222222,46.7674166666667,2017-09-26T17:38:24Z,2017-09-26T18:56:25Z
TEL170803,167,5.584228673688714,0.28055555555555556,19.904181411167695,NA,NA,NA,NA,NA,-63.0765833333333,-63.1190833333333,46.7363055555556,46.6954722222222,2017-09-26T21:09:18Z,2017-09-26T21:26:08Z
TEL170803,168,6.258083277417737,0.32666666666666666,19.15739778801348,NA,NA,NA,NA,NA,-62.5609722222222,-62.566,46.5801388888889,46.63625,2017-09-27T10:52:47Z,2017-09-27T11:12:23Z
TEL170803,173,26.050764814935714,1.2938888888888889,20.13369543447157,NA,NA,NA,NA,NA,-61.3664722222222,-61.0508611111111,47.3581111111111,47.2633888888889,2017-09-28T11:59:54Z,2017-09-28T13:17:32Z
TEL170803,174,NA,NA,NA,NA,NA,NA,NA,NA,-61.0320833333333,NA,47.2577222222222,NA,2017-09-28T13:22:14Z,NA
TEL170803,175,22.66161546021738,1.0863888888888888,20.859579559392117,NA,NA,NA,NA,NA,-60.6939722222222,-60.4181944444444,47.1603055555556,47.0813888888889,2017-09-28T14:48:19Z,2017-09-28T15:53:30Z
TEL170803,176,20.249565094970116,1.0152777777777777,19.944852077125148,NA,NA,NA,NA,NA,-60.3338055555556,-60.2497222222222,47.03425,46.8616388888889,2017-09-28T16:18:33Z,2017-09-28T17:19:28Z
TEL170803,177,50.28049822313284,2.556111111111111,19.67070132615499,NA,NA,NA,NA,NA,-60.244,-60.1658055555556,46.8366666666667,46.3881944444444,2017-09-28T17:28:06Z,2017-09-28T20:01:28Z
TEL180803,2,NA,NA,NA,9.7,17.9644,9.7,NA,NA,-64.5970555555556,NA,49.3471111111111,NA,2018-08-04T11:04:02Z,NA
TEL180803,2,NA,NA,NA,9.4,17.408800000000003,9.4,NA,NA,NA,-64.6795833333333,NA,49.3588333333333,NA,2018-08-04T11:38:49Z
TEL180803,24,NA,NA,NA,7.1,13.1492,7.1,NA,NA,-68.77,NA,48.54975,NA,2018-08-07T23:47:13Z,NA
TEL180803,24,NA,NA,NA,6.7,12.4084,6.7,NA,NA,NA,-68.6764444444444,NA,48.56,NA,2018-08-08T00:17:38Z
TEL180803,26,NA,NA,NA,6.2,11.4824,6.2,NA,NA,-67.2296388888889,NA,49.2171944444444,NA,2018-08-08T21:30:42Z,NA
TEL180803,26,NA,NA,NA,9.7,17.9644,9.7,NA,NA,NA,-67.1661666666667,NA,49.2427777777778,NA,2018-08-08T21:54:56Z
TEL180803,40,NA,NA,NA,8.5,15.742,8.5,NA,NA,-62.4351111111111,NA,49.0091388888889,NA,2018-08-12T22:09:50Z,NA
TEL180803,40,NA,NA,NA,7.8,14.4456,7.8,NA,NA,NA,-62.3155833333333,NA,48.9675833333333,NA,2018-08-12T22:47:21Z
TEL180803,46,NA,NA,NA,9.7,17.9644,9.7,NA,NA,-63.2603055555556,NA,48.8344722222222,NA,2018-08-13T14:52:21Z,NA
TEL180803,46,NA,NA,NA,9.8,18.149600000000003,9.8,NA,NA,NA,-63.2850555555556,NA,48.8444444444444,NA,2018-08-13T15:13:08Z
TEL180803,62,NA,NA,NA,9.4,17.408800000000003,9.4,NA,NA,-65.2446944444444,NA,47.9275555555555,NA,2018-08-15T17:55:58Z,NA
TEL180803,62,NA,NA,NA,9.2,17.0384,9.2,NA,NA,NA,-64.3568333333333,NA,48.2321111111111,NA,2018-08-15T22:26:26Z
TEL180803,68,NA,NA,NA,10.3,19.0756,10.3,NA,NA,-60.2510277777778,NA,48.8154444444444,NA,2018-08-17T19:48:40Z,NA
TEL180803,68,NA,NA,NA,8,14.816,8,NA,NA,NA,-60.1278333333333,NA,48.8738333333333,NA,2018-08-17T20:24:08Z
TEL180803,69,NA,NA,NA,6.2,11.4824,6.2,NA,NA,-60.1205833333333,NA,48.8881666666667,NA,2018-08-17T22:29:43Z,NA
TEL180803,69,NA,NA,NA,9.2,17.0384,9.2,NA,NA,NA,-60.3123055555556,NA,48.9370555555556,NA,2018-08-17T23:30:07Z
TEL180803,71,NA,NA,NA,8,14.816,8,NA,NA,-57.9716111111111,NA,48.9673055555556,NA,2018-08-18T20:26:03Z,NA
TEL180803,71,NA,NA,NA,11.2,20.7424,11.2,NA,NA,NA,-58.0671666666667,NA,48.9866666666667,NA,2018-08-18T20:50:06Z
TEL180803,84,NA,NA,NA,7.1,13.1492,7.1,NA,NA,-57.7133333333333,NA,50.2741388888889,NA,2018-08-19T17:51:18Z,NA
TEL180803,84,NA,NA,NA,7.5,13.89,7.5,NA,NA,NA,-57.67425,NA,50.3236111111111,NA,2018-08-19T18:16:30Z
TEL180803,96,NA,NA,NA,10.4,19.260800000000003,10.4,NA,NA,-57.9202222222222,NA,50.9468888888889,NA,2018-08-21T12:37:01Z,NA
TEL180803,96,NA,NA,NA,5.3,9.8156,5.3,NA,NA,NA,-58.0678333333333,NA,51.1191944444444,NA,2018-08-21T13:47:02Z
TEL180803,98,NA,NA,NA,10,18.52,10,NA,NA,-58.3780277777778,NA,50.9417777777778,NA,2018-08-21T15:57:29Z,NA
TEL180803,98,NA,NA,NA,6.9,12.778800000000002,6.9,NA,NA,NA,-58.5856944444444,NA,50.8233333333333,NA,2018-08-21T17:00:58Z
TEL180803,106,NA,NA,NA,10.4,19.260800000000003,10.4,NA,NA,-58.8381944444444,NA,50.0630833333333,NA,2018-08-22T18:48:56Z,NA
TEL180803,106,NA,NA,NA,7,12.964,7,NA,NA,NA,-58.8715277777778,NA,50.0414722222222,NA,2018-08-22T19:01:51Z
TEL180803,107,NA,NA,NA,6.3,11.6676,6.3,NA,NA,-59.48825,NA,49.8078333333333,NA,2018-08-23T13:31:31Z,NA
TEL180803,107,NA,NA,NA,10.3,19.0756,10.3,NA,NA,NA,-59.3189722222222,NA,49.7747777777778,NA,2018-08-23T14:12:50Z
TEL180803,108,NA,NA,NA,8.8,16.297600000000003,8.8,NA,NA,-59.3659166666667,NA,49.6026111111111,NA,2018-08-23T17:50:23Z,NA
TEL180803,108,NA,NA,NA,9.8,18.149600000000003,9.8,NA,NA,NA,-59.4231944444444,NA,49.4034166666667,NA,2018-08-23T19:12:08Z
TEL180803,113,NA,NA,NA,10.8,20.001600000000003,10.8,NA,NA,-60.3259166666667,NA,49.6544444444444,NA,2018-08-24T15:35:42Z,NA
TEL180803,113,NA,NA,NA,6,11.112,6,NA,NA,NA,-60.1714166666667,NA,49.6703611111111,NA,2018-08-24T16:13:07Z
TEL180803,115,NA,NA,NA,4,7.408,4,NA,NA,-60.0828888888889,NA,49.816,NA,2018-08-24T18:45:09Z,NA
TEL180803,115,NA,NA,NA,7.9,14.6308,7.9,NA,NA,NA,-60.0577777777778,NA,49.8694166666667,NA,2018-08-24T19:14:10Z
TEL180803,122,NA,NA,NA,10.3,19.0756,10.3,NA,NA,-62.1996111111111,NA,50.0208055555556,NA,2018-08-25T22:47:01Z,NA
TEL180803,122,NA,NA,NA,9.9,18.3348,9.9,NA,NA,NA,-62.3474444444444,NA,50.0796111111111,NA,2018-08-25T23:26:51Z
TEL180803,137,NA,NA,NA,9.3,17.2236,9.3,NA,NA,-59.8400277777778,NA,48.5056944444444,NA,2018-08-30T22:27:53Z,NA
TEL180803,137,NA,NA,NA,10,18.52,10,NA,NA,NA,-59.9660833333333,NA,48.6424444444444,NA,2018-08-30T23:35:03Z
TEL180803,141,NA,NA,NA,5,9.26,5,NA,NA,-61.0079444444444,NA,48.1044722222222,NA,2018-08-31T19:13:48Z,NA
TEL180803,141,NA,NA,NA,10.5,19.446,10.5,NA,NA,NA,-61.0755833333333,NA,48.4045,NA,2018-08-31T20:55:02Z
TEL180803,143,NA,NA,NA,8.8,16.297600000000003,8.8,NA,NA,-62.9658333333333,NA,48.4649444444444,NA,2018-09-01T12:14:39Z,NA
TEL180803,143,NA,NA,NA,9.5,17.594,9.5,NA,NA,NA,-63.6075,NA,48.5413888888889,NA,2018-09-01T15:09:39Z
TEL180907,1,NA,NA,NA,7.5,13.89,7.5,NA,NA,NA,-66.1490833333333,NA,48.0544166666667,NA,2018-09-07T15:26:48Z
TEL180907,2,NA,NA,NA,8.5,15.742,8.5,NA,NA,NA,-65.5246388888889,NA,47.9140833333333,NA,2018-09-07T17:58:28Z
TEL180907,3,NA,NA,NA,11,20.372,11,NA,NA,NA,-65.075,NA,48.0225555555556,NA,2018-09-07T20:53:53Z
TEL180907,4,NA,NA,NA,8,14.816,8,NA,NA,NA,-64.8324444444444,NA,48.0289166666667,NA,2018-09-07T22:55:23Z
TEL180907,6,NA,NA,NA,7,12.964,7,NA,NA,NA,-63.9533611111111,NA,48.32425,NA,2018-09-08T13:22:50Z
TEL180907,7,NA,NA,NA,8.5,15.742,8.5,NA,NA,NA,-63.9357777777778,NA,48.3506111111111,NA,2018-09-08T13:57:42Z
TEL180907,8,NA,NA,NA,7,12.964,7,NA,NA,NA,-63.9603055555556,NA,48.3112777777778,NA,2018-09-08T15:09:45Z
TEL180907,9,NA,NA,NA,8,14.816,8,NA,NA,NA,-63.7911944444444,NA,48.5293888888889,NA,2018-09-08T17:06:06Z
TEL180907,10,NA,NA,NA,8,14.816,8,NA,NA,NA,-63.8170555555556,NA,48.55325,NA,2018-09-08T18:27:15Z
TEL180907,11,NA,NA,NA,8,14.816,8,NA,NA,NA,-63.7607222222222,NA,48.6954166666667,NA,2018-09-08T22:44:10Z
TEL180907,13,NA,NA,NA,8.5,15.742,8.5,NA,NA,NA,-63.7813888888889,NA,48.9173888888889,NA,2018-09-09T12:10:33Z
TEL180907,14,NA,NA,NA,7,12.964,7,NA,NA,NA,-63.7011666666667,NA,48.8871111111111,NA,2018-09-09T14:02:32Z
TEL180907,15,NA,NA,NA,8,14.816,8,NA,NA,NA,-63.6182777777778,NA,48.7524722222222,NA,2018-09-09T16:04:20Z
TEL180907,16,NA,NA,NA,8,14.816,8,NA,NA,NA,-63.5599166666667,NA,48.6879722222222,NA,2018-09-09T16:39:41Z
TEL180907,17,NA,NA,NA,7.5,13.89,7.5,NA,NA,NA,-63.25675,NA,48.7782222222222,NA,2018-09-09T21:44:59Z
TEL180907,19,NA,NA,NA,8,14.816,8,NA,NA,NA,-63.6905555555556,NA,48.06375,NA,2018-09-10T14:55:41Z
TEL180907,20,NA,NA,NA,7.5,13.89,7.5,NA,NA,NA,-63.9670277777778,NA,48.1296944444444,NA,2018-09-10T18:22:20Z
TEL180907,21,NA,NA,NA,8,14.816,8,NA,NA,NA,-64.0985,NA,48.1628888888889,NA,2018-09-10T19:50:10Z
TEL180907,23,NA,NA,NA,7,12.964,7,NA,NA,NA,-66.3131944444444,NA,48.0533333333333,NA,2018-09-12T11:36:35Z
TEL180907,24,NA,NA,NA,7,12.964,7,NA,NA,NA,-66.24775,NA,48.0535277777778,NA,2018-09-12T11:53:35Z
TEL180907,25,NA,NA,NA,8,14.816,8,NA,NA,NA,-66.1548333333333,NA,48.0571388888889,NA,2018-09-12T12:21:08Z
TEL180907,26,NA,NA,NA,8.5,15.742,8.5,NA,NA,NA,-66.0630277777778,NA,48.0394722222222,NA,2018-09-12T12:45:48Z
TEL180907,27,NA,NA,NA,8,14.816,8,NA,NA,NA,-65.6950555555556,NA,47.97375,NA,2018-09-12T14:25:37Z
TEL180907,28,NA,NA,NA,8.2,15.186399999999999,8.2,NA,NA,NA,-65.4610833333333,NA,47.9250277777778,NA,2018-09-12T15:30:37Z
TEL180907,29,NA,NA,NA,7,12.964,7,NA,NA,NA,-65.2015277777778,NA,47.8985833333333,NA,2018-09-12T17:56:07Z
TEL180907,30,NA,NA,NA,7.5,13.89,7.5,NA,NA,NA,-65.12825,NA,47.9819444444444,NA,2018-09-12T20:58:52Z
TEL180907,31,NA,NA,NA,7.5,13.89,7.5,NA,NA,NA,-64.9517222222222,NA,48.0819722222222,NA,2018-09-12T22:00:49Z
TEL180907,33,NA,NA,NA,8.5,15.742,8.5,NA,NA,NA,-63.2534166666667,NA,48.0088888888889,NA,2018-09-13T12:38:40Z
TEL180907,34,NA,NA,NA,8,14.816,8,NA,NA,NA,-63.168,NA,48.0069166666667,NA,2018-09-13T13:22:19Z
TEL180907,35,NA,NA,NA,8,14.816,8,NA,NA,NA,-63.0616111111111,NA,48.0038055555556,NA,2018-09-13T15:37:13Z
TEL180907,36,NA,NA,NA,7,12.964,7,NA,NA,NA,-63.0567777777778,NA,48.0021111111111,NA,2018-09-13T16:46:43Z
TEL180907,37,NA,NA,NA,7,12.964,7,NA,NA,NA,-62.88925,NA,48.1957222222222,NA,2018-09-13T19:26:57Z
TEL180907,39,NA,NA,NA,8,14.816,8,NA,NA,NA,-62.7738888888889,NA,48.4779722222222,NA,2018-09-14T11:14:57Z
TEL180907,40,NA,NA,NA,8,14.816,8,NA,NA,NA,-62.6990277777778,NA,48.4905555555556,NA,2018-09-14T13:55:59Z
TEL180907,41,NA,NA,NA,5,9.26,5,NA,NA,NA,-62.55825,NA,48.4572222222222,NA,2018-09-14T15:45:17Z
TEL180907,42,NA,NA,NA,8.5,15.742,8.5,NA,NA,NA,-62.2001666666667,NA,48.4342777777778,NA,2018-09-14T19:52:05Z
TEL180907,44,NA,NA,NA,9,16.668,9,NA,NA,NA,-62.2425277777778,NA,46.9229444444444,NA,2018-09-15T11:41:51Z
TEL180907,45,NA,NA,NA,10,18.52,10,NA,NA,NA,-61.9051111111111,NA,46.5890555555556,NA,2018-09-15T13:56:57Z
TEL180907,46,NA,NA,NA,10,18.52,10,NA,NA,NA,-61.9363055555555,NA,46.4266111111111,NA,2018-09-15T14:51:21Z
TEL180907,47,NA,NA,NA,10,18.52,10,NA,NA,NA,-62.0671666666667,NA,46.3521388888889,NA,2018-09-15T15:31:44Z
TEL180907,49,NA,NA,NA,8.5,15.742,8.5,NA,NA,NA,-62.2251666666667,NA,47.4964722222222,NA,2018-09-16T11:31:20Z
TEL180907,50,NA,NA,NA,8,14.816,8,NA,NA,NA,-62.2915,NA,47.5362222222222,NA,2018-09-16T12:02:21Z
TEL180907,51,NA,NA,NA,7,12.964,7,NA,NA,NA,-62.1673333333333,NA,47.5308333333333,NA,2018-09-16T14:31:15Z
TEL180907,52,NA,NA,NA,8,14.816,8,NA,NA,NA,-62.0771111111111,NA,47.5785,NA,2018-09-16T15:06:45Z
TEL180907,53,NA,NA,NA,8,14.816,8,NA,NA,NA,-61.8422222222222,NA,47.5779444444444,NA,2018-09-16T18:14:34Z
TEL180907,54,NA,NA,NA,9,16.668,9,NA,NA,NA,-61.8548055555556,NA,47.6825833333333,NA,2018-09-16T20:42:13Z
TEL180907,55,NA,NA,NA,9,16.668,9,NA,NA,NA,-61.8028333333333,NA,47.7211944444444,NA,2018-09-16T21:03:01Z
TEL180907,57,NA,NA,NA,8,14.816,8,NA,NA,NA,-62.2531666666667,NA,48.1549722222222,NA,2018-09-17T11:41:08Z
TEL180907,58,NA,NA,NA,8,14.816,8,NA,NA,NA,-62.4199166666667,NA,48.1019166666667,NA,2018-09-17T12:34:29Z
TEL180907,59,NA,NA,NA,8,14.816,8,NA,NA,NA,-62.8099722222222,NA,47.8093611111111,NA,2018-09-17T17:25:26Z
TEL180907,60,NA,NA,NA,8.5,15.742,8.5,NA,NA,NA,-62.9455277777778,NA,47.6663888888889,NA,2018-09-17T20:58:22Z
TEL180907,61,NA,NA,NA,8.5,15.742,8.5,NA,NA,NA,-63.0251111111111,NA,47.4695833333333,NA,2018-09-17T22:21:28Z
TEL180907,63,NA,NA,NA,8.5,15.742,8.5,NA,NA,NA,-64.5826388888889,NA,47.1871944444444,NA,2018-09-18T11:50:48Z
TEL180907,64,NA,NA,NA,8,14.816,8,NA,NA,NA,-64.6271666666667,NA,47.0574444444444,NA,2018-09-18T14:07:13Z
TEL180907,66,NA,NA,NA,6,11.112,6,NA,NA,NA,-64.1099722222222,NA,46.3262777777778,NA,2018-09-20T11:22:52Z
TEL180907,67,NA,NA,NA,6,11.112,6,NA,NA,NA,-64.0540833333333,NA,46.3139166666667,NA,2018-09-20T11:43:00Z
TEL180907,68,NA,NA,NA,6,11.112,6,NA,NA,NA,-63.9711944444444,NA,46.2979722222222,NA,2018-09-20T12:16:48Z
TEL180907,69,NA,NA,NA,6,11.112,6,NA,NA,NA,-63.8703611111111,NA,46.2771388888889,NA,2018-09-20T18:15:52Z
TEL180907,70,NA,NA,NA,6,11.112,6,NA,NA,NA,-63.70325,NA,46.1801111111111,NA,2018-09-20T19:34:58Z
TEL180907,71,NA,NA,NA,6,11.112,6,NA,NA,NA,-63.66625,NA,46.1556944444444,NA,2018-09-20T19:56:08Z
TEL180907,72,NA,NA,NA,7,12.964,7,NA,NA,NA,-63.4809722222222,NA,46.0720555555556,NA,2018-09-20T22:10:47Z
TEL180907,74,NA,NA,NA,6,11.112,6,NA,NA,NA,-62.7996111111111,NA,45.8251944444444,NA,2018-09-21T11:03:32Z
TEL180907,75,NA,NA,NA,7,12.964,7,NA,NA,NA,-62.77825,NA,45.8534166666667,NA,2018-09-21T13:07:05Z
TEL180907,76,NA,NA,NA,9,16.668,9,NA,NA,NA,-62.7363055555556,NA,45.87825,NA,2018-09-21T13:20:36Z
TEL180907,77,NA,NA,NA,9,16.668,9,NA,NA,NA,-62.5268888888889,NA,45.9429444444444,NA,2018-09-21T14:16:39Z
TEL180907,78,NA,NA,NA,9,16.668,9,NA,NA,NA,-62.3606944444444,NA,45.99375,NA,2018-09-21T15:03:59Z
TEL180907,79,NA,NA,NA,10,18.52,10,NA,NA,NA,-62.2566666666667,NA,45.9891666666667,NA,2018-09-21T17:13:29Z
TEL180907,80,NA,NA,NA,10,18.52,10,NA,NA,NA,-62.2296666666667,NA,46.0121944444444,NA,2018-09-21T17:24:10Z
TEL180907,81,NA,NA,NA,6.5,12.038,6.5,NA,NA,NA,-62.20325,NA,46.0413888888889,NA,2018-09-21T17:40:01Z
TEL180907,82,NA,NA,NA,9,16.668,9,NA,NA,NA,-62.1465833333333,NA,46.0308888888889,NA,2018-09-21T17:55:24Z
TEL180907,83,NA,NA,NA,9,16.668,9,NA,NA,NA,-62.0801111111111,NA,46.0058888888889,NA,2018-09-21T19:56:22Z
TEL180907,84,NA,NA,NA,9,16.668,9,NA,NA,NA,-61.9138055555556,NA,45.9638055555556,NA,2018-09-21T21:03:08Z
TEL180907,86,NA,NA,NA,9.5,17.594,9.5,NA,NA,NA,-61.7844444444444,NA,46.1593055555556,NA,2018-09-22T17:15:33Z
TEL180907,87,NA,NA,NA,8.5,15.742,8.5,NA,NA,NA,-61.87575,NA,46.152,NA,2018-09-22T19:06:06Z
TEL180907,88,NA,NA,NA,7.5,13.89,7.5,NA,NA,NA,-61.9365277777778,NA,46.1655833333333,NA,2018-09-22T19:26:08Z
TEL180907,89,NA,NA,NA,7.5,13.89,7.5,NA,NA,NA,-61.8441666666667,NA,46.2593888888889,NA,2018-09-22T21:53:32Z
TEL180907,91,NA,NA,NA,7,12.964,7,NA,NA,NA,-62.37075,NA,46.5480555555556,NA,2018-09-23T12:31:31Z
TEL180907,92,NA,NA,NA,7.5,13.89,7.5,NA,NA,NA,-62.6238333333333,NA,46.5526666666667,NA,2018-09-23T13:43:29Z
TEL180907,93,NA,NA,NA,6.5,12.038,6.5,NA,NA,NA,-62.7338611111111,NA,46.5945833333333,NA,2018-09-23T14:27:04Z
TEL180907,94,NA,NA,NA,7.5,13.89,7.5,NA,NA,NA,-63.1821944444444,NA,46.5161388888889,NA,2018-09-23T18:09:50Z
TEL180907,95,NA,NA,NA,7.5,13.89,7.5,NA,NA,NA,-63.41925,NA,46.6267777777778,NA,2018-09-23T20:59:33Z
TEL180907,96,NA,NA,NA,7.5,13.89,7.5,NA,NA,NA,-63.2943611111111,NA,46.6115,NA,2018-09-23T22:52:00Z
TEL180907,98,NA,NA,NA,6.5,12.038,6.5,NA,NA,NA,-61.5467777777778,NA,46.6870555555556,NA,2018-09-24T12:38:15Z
TEL180907,99,NA,NA,NA,7.5,13.89,7.5,NA,NA,NA,-61.3063055555556,NA,46.7026388888889,NA,2018-09-24T15:23:58Z
TEL180907,100,NA,NA,NA,8.5,15.742,8.5,NA,NA,NA,-60.9995833333333,NA,46.8387777777778,NA,2018-09-24T18:47:24Z
TEL180907,102,NA,NA,NA,7.5,13.89,7.5,NA,NA,NA,-62.4946666666667,NA,47.1371666666667,NA,2018-09-25T11:37:17Z
TEL180907,103,NA,NA,NA,8,14.816,8,NA,NA,NA,-62.6033333333333,NA,47.0708611111111,NA,2018-09-25T14:49:45Z
TEL180907,104,NA,NA,NA,8,14.816,8,NA,NA,NA,-62.7566944444444,NA,47.172,NA,2018-09-25T19:43:19Z
TEL180907,105,NA,NA,NA,8.5,15.742,8.5,NA,NA,NA,-62.8196944444445,NA,47.19375,NA,2018-09-25T20:02:09Z
TEL180907,106,NA,NA,NA,8,14.816,8,NA,NA,NA,-62.9176388888889,NA,47.2050833333333,NA,2018-09-25T20:30:22Z
TEL180907,107,NA,NA,NA,7,12.964,7,NA,NA,NA,-62.9421111111111,NA,47.1631111111111,NA,2018-09-25T22:30:21Z
TEL180907,109,NA,NA,NA,8,14.816,8,NA,NA,NA,-64.5499444444444,NA,46.8449444444444,NA,2018-09-26T19:34:45Z
TEL180907,110,NA,NA,NA,8,14.816,8,NA,NA,NA,-64.5713611111111,NA,46.7481666666667,NA,2018-09-26T20:16:40Z
TEL180907,111,NA,NA,NA,7.5,13.89,7.5,NA,NA,NA,-64.5803333333333,NA,46.7194166666667,NA,2018-09-26T20:29:45Z
TEL180907,112,NA,NA,NA,7.5,13.89,7.5,NA,NA,NA,-64.545,NA,46.6632777777778,NA,2018-09-26T20:56:40Z
TEL180907,113,NA,NA,NA,7.5,13.89,7.5,NA,NA,NA,-64.3276944444444,NA,46.487,NA,2018-09-26T22:31:34Z
TEL190526,1,NA,NA,NA,11.5,21.298000000000002,11.5,NA,NA,NA,-69.318575,NA,48.387399,NA,2019-05-26T11:22:24Z
TEL190526,2,NA,NA,NA,11.5,21.298000000000002,11.5,NA,NA,NA,-69.169716,NA,48.445565,NA,2019-05-26T12:23:12Z
TEL190526,3,NA,NA,NA,11.5,21.298000000000002,11.5,NA,NA,NA,-68.802214,NA,48.781871,NA,2019-05-26T15:04:47Z
TEL190526,4,NA,NA,NA,11.5,21.298000000000002,11.5,NA,NA,NA,-68.624868,NA,48.708642,NA,2019-05-26T19:04:01Z
TEL190526,5,NA,NA,NA,11.5,21.298000000000002,11.5,NA,NA,NA,-68.576642,NA,48.672024,NA,2019-05-26T20:23:17Z
TEL190526,6,NA,NA,NA,11.5,21.298000000000002,11.5,NA,NA,NA,-68.495272,NA,48.576038,NA,2019-05-26T23:25:31Z
TEL190526,7,NA,NA,NA,11.5,21.298000000000002,11.5,NA,NA,NA,-68.272801,NA,48.719892,NA,2019-05-27T01:11:51Z
TEL190526,8,NA,NA,NA,11.5,21.298000000000002,11.5,NA,NA,NA,-66.285868,NA,50.047828,NA,2019-05-27T13:55:45Z
TEL190526,9,NA,NA,NA,12,22.224,12,NA,NA,NA,-66.279883,NA,49.718374,NA,2019-05-27T17:21:18Z
TEL190526,10,NA,NA,NA,11.5,21.298000000000002,11.5,NA,NA,NA,-66.228857,NA,49.55527,NA,2019-05-27T19:23:16Z
TEL190526,11,NA,NA,NA,11.5,21.298000000000002,11.5,NA,NA,NA,-66.228435,NA,49.412601,NA,2019-05-27T21:11:50Z
TEL190526,12,NA,NA,NA,11.5,21.298000000000002,11.5,NA,NA,NA,-66.189249,NA,49.250626,NA,2019-05-27T23:11:47Z
TEL190526,13,NA,NA,NA,11.5,21.298000000000002,11.5,NA,NA,NA,-65.927136,NA,49.335396,NA,2019-05-28T01:01:41Z
TEL190526,14,NA,NA,NA,10,18.52,10,NA,NA,NA,-64.417529,NA,49.667298,NA,2019-05-28T12:39:06Z
TEL190526,15,NA,NA,NA,9.5,17.594,9.5,NA,NA,NA,-64.514798,NA,49.552403,NA,2019-05-28T14:20:01Z
TEL190526,16,NA,NA,NA,9.5,17.594,9.5,NA,NA,NA,-64.713229,NA,49.320426,NA,2019-05-28T18:08:53Z
TEL190526,17,NA,NA,NA,10,18.52,10,NA,NA,NA,-64.790744,NA,49.225551,NA,2019-05-28T19:59:02Z
TEL190526,18,NA,NA,NA,9.5,17.594,9.5,NA,NA,NA,-63.874481,NA,49.159302,NA,2019-05-29T00:56:22Z
TEL190526,19,NA,NA,NA,9.5,17.594,9.5,NA,NA,NA,-64.016601,NA,48.075319,NA,2019-05-29T14:33:23Z
TEL190526,20,NA,NA,NA,9,16.668,9,NA,NA,NA,-64.047923,NA,47.778023,NA,2019-05-29T18:07:00Z
TEL190526,21,NA,NA,NA,9.5,17.594,9.5,NA,NA,NA,-63.793633,NA,47.681811,NA,2019-05-29T21:14:03Z
TEL190526,22,NA,NA,NA,9,16.668,9,NA,NA,NA,-63.275141,NA,47.50919,NA,2019-05-30T00:21:18Z
TEL190526,23,NA,NA,NA,11.5,21.298000000000002,11.5,NA,NA,NA,-61.943681,NA,46.842893,NA,2019-05-30T11:12:06Z
TEL190526,24,NA,NA,NA,11.5,21.298000000000002,11.5,NA,NA,NA,-61.508393,NA,46.915106,NA,2019-05-30T14:30:42Z
TEL190526,25,NA,NA,NA,11.5,21.298000000000002,11.5,NA,NA,NA,-61.010664,NA,46.74533,NA,2019-05-30T17:41:23Z
TEL190526,26,NA,NA,NA,11.5,21.298000000000002,11.5,NA,NA,NA,-60.54629,NA,47.063477,NA,2019-05-30T20:34:06Z
TEL190526,27,NA,NA,NA,11.5,21.298000000000002,11.5,NA,NA,NA,-60.01317,NA,47.104982,NA,2019-05-31T00:26:58Z
TEL190526,28,NA,NA,NA,11.5,21.298000000000002,11.5,NA,NA,NA,-59.855315,NA,47.66453,NA,2019-05-31T10:34:07Z
TEL190526,29,NA,NA,NA,11.5,21.298000000000002,11.5,NA,NA,NA,-60.113614,NA,48.133701,NA,2019-05-31T14:27:08Z
TEL190526,30,NA,NA,NA,11.5,21.298000000000002,11.5,NA,NA,NA,-60.138393,NA,48.589715,NA,2019-05-31T17:35:49Z
TEL190526,31,NA,NA,NA,11,20.372,11,NA,NA,NA,-60.726915,NA,48.737357,NA,2019-05-31T21:15:05Z
TEL190526,32,NA,NA,NA,11,20.372,11,NA,NA,NA,-61.131257,NA,48.644427,NA,2019-06-01T00:18:32Z
TEL190526,33,NA,NA,NA,11.5,21.298000000000002,11.5,NA,NA,NA,-60.181032,NA,48.495163,NA,2019-06-01T17:53:53Z
TEL190526,34,NA,NA,NA,11.5,21.298000000000002,11.5,NA,NA,NA,-60.247007,NA,48.98563,NA,2019-06-01T20:36:03Z
TEL190526,35,NA,NA,NA,11.5,21.298000000000002,11.5,NA,NA,NA,-58.619702,NA,50.814275,NA,2019-06-03T00:27:39Z
TEL190526,36,NA,NA,NA,9,16.668,9,NA,NA,NA,-56.806869,NA,51.422323,NA,2019-06-03T11:14:26Z
TEL190526,37,NA,NA,NA,9,16.668,9,NA,NA,NA,-56.758921,NA,51.384475,NA,2019-06-03T11:54:07Z
TEL190526,38,NA,NA,NA,9,16.668,9,NA,NA,NA,-56.721728,NA,51.353181,NA,2019-06-03T12:36:02Z
TEL190526,39,NA,NA,NA,11.4,21.1128,11.4,NA,NA,NA,-56.622924,NA,51.576239,NA,2019-06-03T14:11:25Z
TEL190526,40,NA,NA,NA,11.5,21.298000000000002,11.5,NA,NA,NA,-57.527286,NA,50.737366,NA,2019-06-03T20:10:38Z
TEL190526,56,NA,NA,NA,9.5,17.594,9.5,NA,NA,NA,-62.750475,NA,48.148618,NA,2019-06-07T23:45:01Z
TEL190526,87,NA,NA,NA,9,16.668,9,NA,NA,-64.84235,NA,47.933365,NA,2019-06-14T16:53:46Z,NA
TEL190526,87,NA,NA,NA,11.5,21.298000000000002,11.5,NA,NA,NA,-65.217864,NA,47.934119,NA,2019-06-14T18:24:53Z
TEL190906,1,NA,NA,NA,12,22.224,12,NA,NA,NA,-65.883477,NA,47.998491,NA,2019-09-06T19:08:49Z
TEL190906,2,NA,NA,NA,12,22.224,12,NA,NA,NA,-65.761978,NA,47.972372,NA,2019-09-06T19:55:42Z
TEL190906,3,NA,NA,NA,12,22.224,12,NA,NA,NA,-65.616933,NA,47.847806,NA,2019-09-06T22:51:37Z
TEL190906,4,NA,NA,NA,8.5,15.742,8.5,NA,NA,NA,-64.394089,NA,48.836412,NA,2019-09-07T12:13:05Z
TEL190906,5,NA,NA,NA,8.5,15.742,8.5,NA,NA,NA,-64.090564,NA,48.557474,NA,2019-09-09T11:31:03Z
TEL190906,6,NA,NA,NA,8.5,15.742,8.5,NA,NA,NA,-64.090824,NA,48.493876,NA,2019-09-09T11:57:32Z
TEL190906,7,NA,NA,NA,8.5,15.742,8.5,NA,NA,NA,-64.218381,NA,48.394596,NA,2019-09-09T12:53:32Z
TEL190906,9,NA,NA,NA,8.1,15.0012,8.1,NA,NA,NA,-64.630574,NA,48.218924,NA,2019-09-09T17:05:55Z
TEL190906,10,NA,NA,NA,8.5,15.742,8.5,NA,NA,NA,-64.659603,NA,48.161139,NA,2019-09-09T19:20:04Z
TEL190906,11,NA,NA,NA,8.6,15.927200000000001,8.6,NA,NA,NA,-64.6177,NA,48.134155,NA,2019-09-09T22:08:32Z
TEL190906,12,NA,NA,NA,7.8,14.4456,7.8,NA,NA,NA,-64.619231,NA,48.131847,NA,2019-09-09T23:48:54Z
TEL190906,13,NA,NA,NA,8.9,16.4828,8.9,NA,NA,NA,-64.199696,NA,48.73825,NA,2019-09-11T18:16:15Z
TEL190906,14,NA,NA,NA,7.8,14.4456,7.8,NA,NA,NA,-63.999288,NA,48.839635,NA,2019-09-11T19:34:56Z
TEL190906,15,NA,NA,NA,7.8,14.4456,7.8,NA,NA,NA,-63.88897,NA,48.85035,NA,2019-09-11T20:15:23Z
TEL190906,16,NA,NA,NA,8.1,15.0012,8.1,NA,NA,NA,-63.848685,NA,48.79274,NA,2019-09-11T22:35:49Z
TEL190906,17,NA,NA,NA,8.5,15.742,8.5,NA,NA,NA,-63.836285,NA,48.777357,NA,2019-09-11T22:43:20Z
TEL190906,18,NA,NA,NA,8.5,15.742,8.5,NA,NA,NA,-63.825395,NA,48.764938,NA,2019-09-11T22:50:02Z
TEL190906,19,NA,NA,NA,8.4,15.5568,8.4,NA,NA,NA,-63.527111,NA,48.608444,NA,2019-09-12T12:30:45Z
TEL190906,20,NA,NA,NA,7.2,13.3344,7.2,NA,NA,NA,-63.510926,NA,48.619909,NA,2019-09-12T14:18:28Z
TEL190906,21,NA,NA,NA,8.8,16.297600000000003,8.8,NA,NA,NA,-63.468809,NA,48.45447,NA,2019-09-12T16:40:59Z
TEL190906,22,NA,NA,NA,9,16.668,9,NA,NA,NA,-63.196023,NA,48.493407,NA,2019-09-12T20:05:43Z
TEL190906,23,NA,NA,NA,8.2,15.186399999999999,8.2,NA,NA,NA,-63.022773,NA,48.50986,NA,2019-09-12T22:30:58Z
TEL190906,24,NA,NA,NA,7.7,14.2604,7.7,NA,NA,NA,-62.964611,NA,48.47691,NA,2019-09-12T22:59:43Z
TEL190906,25,NA,NA,NA,8.9,16.4828,8.9,NA,NA,NA,-62.477123,NA,48.394316,NA,2019-09-13T11:29:13Z
TEL190906,26,NA,NA,NA,7.8,14.4456,7.8,NA,NA,NA,-62.382056,NA,48.389798,NA,2019-09-13T14:10:34Z
TEL190906,27,NA,NA,NA,7.8,14.4456,7.8,NA,NA,NA,-62.186211,NA,48.383821,NA,2019-09-13T15:05:20Z
TEL190906,28,NA,NA,NA,8.8,16.297600000000003,8.8,NA,NA,NA,-62.09371,NA,48.274311,NA,2019-09-13T19:21:37Z
TEL190906,29,NA,NA,NA,8.4,15.5568,8.4,NA,NA,NA,-62.123225,NA,48.220739,NA,2019-09-13T19:50:08Z
TEL190906,30,NA,NA,NA,8.8,16.297600000000003,8.8,NA,NA,NA,-62.181293,NA,48.142921,NA,2019-09-13T22:12:08Z
TEL190906,31,NA,NA,NA,8.3,15.371600000000003,8.3,NA,NA,NA,-62.262322,NA,48.093566,NA,2019-09-13T22:44:23Z
TEL190906,32,NA,NA,NA,8,14.816,8,NA,NA,NA,-62.30135,NA,47.730925,NA,2019-09-14T11:37:41Z
TEL190906,33,NA,NA,NA,7.6,14.0752,7.6,NA,NA,NA,-62.299589,NA,47.730362,NA,2019-09-14T12:56:49Z
TEL190906,34,NA,NA,NA,7.6,14.0752,7.6,NA,NA,NA,-62.29042,NA,47.730143,NA,2019-09-14T15:08:13Z
TEL190906,35,NA,NA,NA,8.6,15.927200000000001,8.6,NA,NA,NA,-62.606434,NA,47.696662,NA,2019-09-14T16:59:59Z
TEL190906,36,NA,NA,NA,8.8,16.297600000000003,8.8,NA,NA,NA,-62.898833,NA,47.726967,NA,2019-09-14T20:08:51Z
TEL190906,37,NA,NA,NA,7.7,14.2604,7.7,NA,NA,NA,-62.989133,NA,47.809598,NA,2019-09-14T22:47:31Z
TEL190906,38,NA,NA,NA,7.5,13.89,7.5,NA,NA,NA,-63.061458,NA,47.82284,NA,2019-09-14T23:11:07Z
TEL190906,39,NA,NA,NA,8.4,15.5568,8.4,NA,NA,NA,-63.762599,NA,48.14065,NA,2019-09-15T12:45:28Z
TEL190906,40,NA,NA,NA,7.5,13.89,7.5,NA,NA,NA,-63.790332,NA,48.147089,NA,2019-09-15T12:55:20Z
TEL190906,41,NA,NA,NA,8.6,15.927200000000001,8.6,NA,NA,NA,-63.796338,NA,48.006915,NA,2019-09-15T16:06:09Z
TEL190906,42,NA,NA,NA,8.5,15.742,8.5,NA,NA,NA,-63.653824,NA,47.848815,NA,2019-09-15T19:04:36Z
TEL190906,43,NA,NA,NA,7.6,14.0752,7.6,NA,NA,NA,-63.651221,NA,47.806672,NA,2019-09-15T19:30:51Z
TEL190906,44,NA,NA,NA,8.6,15.927200000000001,8.6,NA,NA,NA,-63.664936,NA,47.768052,NA,2019-09-15T21:08:34Z
TEL190906,45,NA,NA,NA,8.8,16.297600000000003,8.8,NA,NA,NA,-63.728738,NA,47.684594,NA,2019-09-15T21:46:30Z
TEL190906,46,NA,NA,NA,7.1,13.1492,7.1,NA,NA,NA,-63.744746,NA,47.640269,NA,2019-09-15T22:09:15Z
TEL190906,47,NA,NA,NA,7.5,13.89,7.5,NA,NA,NA,-63.763877,NA,47.683528,NA,2019-09-15T23:40:12Z
TEL190906,48,NA,NA,NA,8.4,15.5568,8.4,NA,NA,NA,-64.185228,NA,47.614543,NA,2019-09-16T13:49:35Z
TEL190906,49,NA,NA,NA,7.4,13.7048,7.4,NA,NA,NA,-64.19095,NA,47.594961,NA,2019-09-16T14:14:37Z
TEL190906,50,NA,NA,NA,8.6,15.927200000000001,8.6,NA,NA,NA,-64.117007,NA,47.482563,NA,2019-09-16T16:25:59Z
TEL190906,51,NA,NA,NA,8.6,15.927200000000001,8.6,NA,NA,NA,-64.107438,NA,47.447298,NA,2019-09-16T16:41:01Z
TEL190906,52,NA,NA,NA,7.5,13.89,7.5,NA,NA,NA,-64.113742,NA,47.389339,NA,2019-09-16T17:13:01Z
TEL190906,53,NA,NA,NA,8.7,16.1124,8.7,NA,NA,NA,-64.377729,NA,47.385421,NA,2019-09-16T22:44:37Z
TEL190906,54,NA,NA,NA,11.6,21.4832,11.6,NA,NA,NA,-64.499461,NA,46.581683,NA,2019-09-17T18:22:38Z
TEL190906,55,NA,NA,NA,11.6,21.4832,11.6,NA,NA,NA,-64.414466,NA,46.524169,NA,2019-09-17T18:49:16Z
TEL190906,56,NA,NA,NA,11.2,20.7424,11.2,NA,NA,NA,-64.10606,NA,46.323278,NA,2019-09-17T20:26:08Z
TEL190906,57,NA,NA,NA,8.6,15.927200000000001,8.6,NA,NA,NA,-63.75196,NA,46.209949,NA,2019-09-17T22:02:31Z
TEL190906,58,NA,NA,NA,8.6,15.927200000000001,8.6,NA,NA,NA,-63.684101,NA,46.166729,NA,2019-09-17T22:28:44Z
TEL190906,59,NA,NA,NA,11.7,21.6684,11.7,NA,NA,NA,-63.640582,NA,46.125594,NA,2019-09-17T22:44:23Z
TEL190906,60,NA,NA,NA,9.8,18.149600000000003,9.8,NA,NA,NA,-63.098571,NA,46.148409,NA,2019-09-18T11:49:14Z
TEL190906,61,NA,NA,NA,8.7,16.1124,8.7,NA,NA,NA,-63.129279,NA,46.199742,NA,2019-09-18T12:12:33Z
TEL190906,62,NA,NA,NA,10,18.52,10,NA,NA,NA,-63.099111,NA,46.146864,NA,2019-09-18T22:34:40Z
TEL190906,63,NA,NA,NA,10,18.52,10,NA,NA,NA,-63.130283,NA,46.088765,NA,2019-09-18T22:54:39Z
TEL190906,64,NA,NA,NA,11.3,20.9276,11.3,NA,NA,NA,-63.140509,NA,46.046684,NA,2019-09-18T23:08:54Z
TEL190906,65,NA,NA,NA,11.3,20.9276,11.3,NA,NA,NA,-63.124002,NA,46.019114,NA,2019-09-18T23:17:54Z
TEL190906,66,NA,NA,NA,11.2,20.7424,11.2,NA,NA,NA,-62.378098,NA,45.902963,NA,2019-09-19T11:23:51Z
TEL190906,67,NA,NA,NA,10.9,20.1868,10.9,NA,NA,NA,-62.217936,NA,45.967208,NA,2019-09-19T14:07:33Z
TEL190906,68,NA,NA,NA,12,22.224,12,NA,NA,NA,-62.370771,NA,45.909551,NA,2019-09-19T16:03:44Z
TEL190906,69,NA,NA,NA,12,22.224,12,NA,NA,NA,-62.412641,NA,45.903826,NA,2019-09-19T16:12:19Z
TEL190906,70,NA,NA,NA,12,22.224,12,NA,NA,NA,-62.636266,NA,45.891343,NA,2019-09-19T16:56:05Z
TEL190906,71,NA,NA,NA,12,22.224,12,NA,NA,NA,-63.096893,NA,45.962749,NA,2019-09-19T18:43:55Z
TEL190906,72,NA,NA,NA,8.1,15.0012,8.1,NA,NA,NA,-63.176329,NA,46.028877,NA,2019-09-19T19:23:24Z
TEL190906,73,NA,NA,NA,11.2,20.7424,11.2,NA,NA,NA,-63.124631,NA,46.09652,NA,2019-09-19T23:02:02Z
TEL190906,74,NA,NA,NA,11.2,20.7424,11.2,NA,NA,NA,-63.10574,NA,46.129907,NA,2019-09-19T23:14:01Z
TEL190906,75,NA,NA,NA,11.7,21.6684,11.7,NA,NA,NA,-63.131289,NA,45.986687,NA,2019-09-20T18:13:52Z
TEL190906,76,NA,NA,NA,11.7,21.6684,11.7,NA,NA,NA,-63.105321000000004,NA,45.970137,NA,2019-09-20T18:21:33Z
TEL190906,77,NA,NA,NA,11.7,21.6684,11.7,NA,NA,NA,-62.967598,NA,45.896565,NA,2019-09-20T18:59:48Z
TEL190906,78,NA,NA,NA,11.7,21.6684,11.7,NA,NA,NA,-62.612758,NA,45.89267,NA,2019-09-20T20:17:52Z
TEL190906,79,NA,NA,NA,11.9,22.038800000000002,11.9,NA,NA,NA,-62.375135,NA,45.909594,NA,2019-09-20T21:08:13Z
TEL190906,80,NA,NA,NA,12.3,22.779600000000002,12.3,NA,NA,NA,-62.162896,NA,45.924326,NA,2019-09-20T21:51:54Z
TEL190906,81,NA,NA,NA,12.3,22.779600000000002,12.3,NA,NA,NA,-62.02698,NA,45.93328,NA,2019-09-20T22:19:57Z
TEL190906,82,NA,NA,NA,10.8,20.001600000000003,10.8,NA,NA,NA,-61.954851,NA,46.197096,NA,2019-09-21T12:52:33Z
TEL190906,83,NA,NA,NA,10.8,20.001600000000003,10.8,NA,NA,NA,-61.988613,NA,46.230361,NA,2019-09-21T13:09:37Z
TEL190906,84,NA,NA,NA,10.6,19.6312,10.6,NA,NA,NA,-61.891499,NA,46.360399,NA,2019-09-21T15:45:29Z
TEL190906,85,NA,NA,NA,7.8,14.4456,7.8,NA,NA,NA,-61.851969,NA,46.396927,NA,2019-09-21T16:06:20Z
TEL190906,86,NA,NA,NA,9.7,17.9644,9.7,NA,NA,NA,-61.797969,NA,46.452935,NA,2019-09-21T18:16:03Z
TEL190906,87,NA,NA,NA,11,20.372,11,NA,NA,NA,-61.796889,NA,46.439682,NA,2019-09-21T19:39:19Z
TEL190906,88,NA,NA,NA,7.5,13.89,7.5,NA,NA,NA,-61.803315,NA,46.452884,NA,2019-09-21T19:45:57Z
TEL190906,89,NA,NA,NA,7.5,13.89,7.5,NA,NA,NA,-61.802042,NA,46.455109,NA,2019-09-21T19:47:12Z
TEL190906,90,NA,NA,NA,7.5,13.89,7.5,NA,NA,NA,-61.794095,NA,46.460645,NA,2019-09-21T19:49:59Z
TEL190906,91,NA,NA,NA,10.7,19.816399999999998,10.7,NA,NA,NA,-61.732907,NA,46.502412,NA,2019-09-21T20:10:14Z
TEL190906,92,NA,NA,NA,6.3,11.6676,6.3,NA,NA,NA,-61.715192,NA,46.557944,NA,2019-09-21T20:41:41Z
TEL190906,93,NA,NA,NA,12.2,22.5944,12.2,NA,NA,NA,-60.576635,NA,47.174634,NA,2019-09-22T11:06:59Z
TEL190906,94,NA,NA,NA,8.4,15.5568,8.4,NA,NA,NA,-60.541213,NA,47.191264,NA,2019-09-22T11:19:27Z
TEL190906,95,NA,NA,NA,11.3,20.9276,11.3,NA,NA,NA,-60.525933,NA,47.198589,NA,2019-09-22T11:23:42Z
TEL190906,96,NA,NA,NA,12.2,22.5944,12.2,NA,NA,NA,-60.405218,NA,47.076844,NA,2019-09-22T13:45:34Z
TEL190906,97,NA,NA,NA,11.6,21.4832,11.6,NA,NA,NA,-60.371142,NA,47.081379,NA,2019-09-22T13:52:57Z
TEL190906,98,NA,NA,NA,10.1,18.7052,10.1,NA,NA,NA,-60.353485,NA,47.149136,NA,2019-09-22T16:26:00Z
TEL190906,99,NA,NA,NA,10.1,18.7052,10.1,NA,NA,NA,-60.37631,NA,47.240262,NA,2019-09-22T16:55:35Z
TEL190906,100,NA,NA,NA,8.2,15.186399999999999,8.2,NA,NA,NA,-60.334594,NA,47.273917,NA,2019-09-22T17:16:20Z
TEL190906,101,NA,NA,NA,11.7,21.6684,11.7,NA,NA,NA,-60.455247,NA,47.479373,NA,2019-09-22T20:37:31Z
TEL190906,102,NA,NA,NA,11.2,20.7424,11.2,NA,NA,NA,-60.599084,NA,47.572779,NA,2019-09-22T23:08:12Z
TEL190906,103,NA,NA,NA,7.5,13.89,7.5,NA,NA,NA,-60.863643,NA,47.650499,NA,2019-09-23T19:56:18Z
TEL190906,104,NA,NA,NA,8.7,16.1124,8.7,NA,NA,NA,-61.225108,NA,46.701839,NA,2019-09-24T12:20:08Z
TEL190906,105,NA,NA,NA,8.7,16.1124,8.7,NA,NA,NA,-61.215246,NA,46.699585,NA,2019-09-24T12:23:18Z
TEL190906,106,NA,NA,NA,8.2,15.186399999999999,8.2,NA,NA,NA,-61.113843,NA,46.676906,NA,2019-09-24T12:57:28Z
TEL190906,107,NA,NA,NA,6.4,11.852800000000002,6.4,NA,NA,NA,-61.085846,NA,46.670988,NA,2019-09-24T13:09:01Z
TEL190906,108,NA,NA,NA,12.2,22.5944,12.2,NA,NA,NA,-61.04406,NA,46.6946,NA,2019-09-24T16:59:44Z
TEL190906,109,NA,NA,NA,12.2,22.5944,12.2,NA,NA,NA,-61.0486,NA,46.702028,NA,2019-09-24T17:02:14Z
TEL190906,110,NA,NA,NA,11.4,21.1128,11.4,NA,NA,NA,-61.141245,NA,46.847307,NA,2019-09-24T17:52:13Z
TEL190906,111,NA,NA,NA,12,22.224,12,NA,NA,NA,-61.178691,NA,46.906531,NA,2019-09-24T18:11:42Z
TEL190906,112,NA,NA,NA,12,22.224,12,NA,NA,NA,-61.192849,NA,46.926296,NA,2019-09-24T18:18:26Z
TEL190906,113,NA,NA,NA,11,20.372,11,NA,NA,NA,-61.212103,NA,46.955962,NA,2019-09-24T18:29:17Z
TEL190906,114,NA,NA,NA,11,20.372,11,NA,NA,NA,-61.238629,NA,46.994944,NA,2019-09-24T18:44:37Z
TEL190906,115,NA,NA,NA,10.9,20.1868,10.9,NA,NA,NA,-61.253797,NA,47.185739,NA,2019-09-24T21:19:02Z
TEL190906,116,NA,NA,NA,10.9,20.1868,10.9,NA,NA,NA,-61.252845,NA,47.191392,NA,2019-09-24T21:20:54Z
TEL190906,117,NA,NA,NA,11.1,20.5572,11.1,NA,NA,NA,-61.198565,NA,47.41477,NA,2019-09-24T22:35:33Z
TEL190906,118,NA,NA,NA,10.6,19.6312,10.6,NA,NA,NA,-61.890375,NA,46.695919,NA,2019-09-25T11:33:08Z
TEL190906,119,NA,NA,NA,10.7,19.816399999999998,10.7,NA,NA,NA,-61.946683,NA,46.655859,NA,2019-09-25T13:04:00Z
TEL190906,120,NA,NA,NA,10.7,19.816399999999998,10.7,NA,NA,NA,-61.959862,NA,46.634496,NA,2019-09-25T13:12:10Z
TEL190906,121,NA,NA,NA,10.7,19.816399999999998,10.7,NA,NA,NA,-61.962299,NA,46.630601,NA,2019-09-25T13:13:39Z
TEL190906,122,NA,NA,NA,10.7,19.816399999999998,10.7,NA,NA,NA,-61.964705,NA,46.626506,NA,2019-09-25T13:15:12Z
TEL190906,123,NA,NA,NA,10.5,19.446,10.5,NA,NA,NA,-62.018199,NA,46.541274,NA,2019-09-25T13:50:32Z
TEL190906,125,NA,NA,NA,12,22.224,12,NA,NA,NA,-62.218298,NA,46.595729,NA,2019-09-25T16:15:27Z
TEL190906,126,NA,NA,NA,10.9,20.1868,10.9,NA,NA,NA,-62.322982,NA,46.70755,NA,2019-09-25T18:52:57Z
TEL190906,127,NA,NA,NA,10.9,20.1868,10.9,NA,NA,NA,-62.349247,NA,46.832983,NA,2019-09-25T20:35:27Z
TEL190906,128,NA,NA,NA,10.5,19.446,10.5,NA,NA,NA,-62.231903,NA,46.86323,NA,2019-09-25T21:06:16Z
TEL190906,129,NA,NA,NA,6.6,12.2232,6.6,NA,NA,NA,-62.278106,NA,46.936046,NA,2019-09-25T21:53:58Z
TEL190906,130,NA,NA,NA,6.6,12.2232,6.6,NA,NA,NA,-62.279473,NA,46.95233,NA,2019-09-25T22:02:54Z
TEL190906,131,NA,NA,NA,11.2,20.7424,11.2,NA,NA,NA,-62.81648,NA,46.756378,NA,2019-09-26T13:13:41Z
TEL190906,133,NA,NA,NA,11.4,21.1128,11.4,NA,NA,NA,-62.847551,NA,46.936545,NA,2019-09-26T15:55:56Z
TEL190906,134,NA,NA,NA,11,20.372,11,NA,NA,NA,-62.953732,NA,46.987785,NA,2019-09-26T18:13:11Z
TEL190906,135,NA,NA,NA,11,20.372,11,NA,NA,NA,-63.032971,NA,46.996187,NA,2019-09-26T18:30:56Z
TEL190906,136,NA,NA,NA,11,20.372,11,NA,NA,NA,-63.109561,NA,47.002913,NA,2019-09-26T18:48:20Z
TEL190906,137,NA,NA,NA,11.1,20.5572,11.1,NA,NA,NA,-63.156519,NA,46.996085,NA,2019-09-26T18:59:05Z
TEL190906,138,NA,NA,NA,11.1,20.5572,11.1,NA,NA,NA,-63.301139,NA,46.955923,NA,2019-09-26T22:20:42Z
TEL190906,139,NA,NA,NA,11.1,20.5572,11.1,NA,NA,NA,-63.415221,NA,46.882014,NA,2019-09-26T22:54:51Z
TEL190906,140,NA,NA,NA,10.9,20.1868,10.9,NA,NA,NA,-63.875412,NA,47.156304,NA,2019-09-27T11:57:11Z
TEL190906,141,NA,NA,NA,8.7,16.1124,8.7,NA,NA,NA,-63.880612,NA,47.172266,NA,2019-09-27T12:04:00Z
TEL190906,142,NA,NA,NA,8.6,15.927200000000001,8.6,NA,NA,NA,-63.781303,NA,47.304246,NA,2019-09-27T18:55:29Z
TEL190906,143,NA,NA,NA,8.7,16.1124,8.7,NA,NA,NA,-63.682747,NA,47.224857,NA,2019-09-27T21:36:23Z
TEL190906,144,NA,NA,NA,8.7,16.1124,8.7,NA,NA,NA,-63.601734,NA,47.147457,NA,2019-09-27T22:15:39Z
TEL190906,145,NA,NA,NA,9.8,18.149600000000003,9.8,NA,NA,NA,-63.599365,NA,47.144752,NA,2019-09-27T22:16:45Z
TEL190906,146,NA,NA,NA,10.5,19.446,10.5,NA,NA,NA,-63.580852,NA,47.114092,NA,2019-09-27T22:28:27Z
TEL190906,147,NA,NA,NA,8.7,16.1124,8.7,NA,NA,NA,-62.83567,NA,47.32688,NA,2019-09-28T12:39:10Z
TEL190906,148,NA,NA,NA,8.7,16.1124,8.7,NA,NA,NA,-62.825682,NA,47.311867,NA,2019-09-28T12:46:18Z
TEL190906,149,NA,NA,NA,8.7,16.1124,8.7,NA,NA,NA,-62.693919,NA,47.285837,NA,2019-09-28T15:06:41Z
TEL190906,150,NA,NA,NA,9.1,16.8532,9.1,NA,NA,NA,-62.629796,NA,47.319944,NA,2019-09-28T17:44:27Z
TEL190906,151,NA,NA,NA,9.1,16.8532,9.1,NA,NA,NA,-62.497025,NA,47.391044,NA,2019-09-28T18:32:57Z
TEL190906,152,NA,NA,NA,9.1,16.8532,9.1,NA,NA,NA,-62.490193,NA,47.395862,NA,2019-09-28T18:35:49Z
TEL190906,153,NA,NA,NA,9.1,16.8532,9.1,NA,NA,NA,-62.433984,NA,47.437548,NA,2019-09-28T19:00:15Z
TEL190906,154,NA,NA,NA,8.7,16.1124,8.7,NA,NA,NA,-62.288946,NA,47.426835,NA,2019-09-28T22:48:43Z
TEL190906,155,NA,NA,NA,8.6,15.927200000000001,8.6,NA,NA,NA,-61.399995,NA,48.150843,NA,2019-09-29T12:25:51Z
TEL190906,156,NA,NA,NA,8.6,15.927200000000001,8.6,NA,NA,NA,-61.396009,NA,48.169434,NA,2019-09-29T12:33:43Z
TEL190906,157,NA,NA,NA,8.6,15.927200000000001,8.6,NA,NA,NA,-61.394345,NA,48.176461,NA,2019-09-29T12:36:51Z
TEL190906,158,NA,NA,NA,12,22.224,12,NA,NA,NA,-60.13111,NA,46.43268,NA,2019-10-01T11:50:26Z
TEL190906,160,NA,NA,NA,8,14.816,8,NA,NA,NA,-60.129805,NA,46.423623,NA,2019-10-01T11:54:46Z
TEL190906,161,NA,NA,NA,6.2,11.4824,6.2,NA,NA,NA,-60.128247,NA,46.41373,NA,2019-10-01T12:00:08Z
TEL190906,162,NA,NA,NA,10.3,19.0756,10.3,NA,NA,NA,-60.120509,NA,46.31777,NA,2019-10-01T12:52:20Z
TEL190906,163,NA,NA,NA,10.8,20.001600000000003,10.8,NA,NA,NA,-60.130479,NA,46.302165,NA,2019-10-01T12:58:03Z
TEL190906,164,NA,NA,NA,10.8,20.001600000000003,10.8,NA,NA,NA,-60.219192,NA,46.212678,NA,2019-10-01T13:37:09Z
TEL220608,11,NA,NA,NA,9,16.668,9,NA,NA,-58.969934,NA,49.318219,NA,2022-06-11T11:00:44Z,NA
TEL220608,11,NA,NA,NA,10,18.52,10,NA,NA,NA,-59.323586,NA,49.303648,NA,2022-06-11T12:22:13Z
TEL220608,14,NA,NA,NA,9.5,17.594,9.5,NA,NA,-61.539977,NA,49.002515,NA,2022-06-11T22:27:59Z,NA
TEL220608,14,NA,NA,NA,9,16.668,9,NA,NA,NA,-61.734432,NA,48.989359,NA,2022-06-11T23:21:19Z
TEL220608,54,NA,NA,NA,7.7,14.2604,7.7,NA,NA,-60.815173,NA,47.508595,NA,2022-06-21T18:50:39Z,NA
TEL220608,54,NA,NA,NA,8.7,16.1124,8.7,NA,NA,NA,-61.19433,NA,47.494064,NA,2022-06-21T20:51:05Z
TEL220608,58,NA,NA,NA,8.5,15.742,8.5,NA,NA,-61.34791,NA,48.21042,NA,2022-06-23T23:11:12Z,NA
TEL220608,58,NA,NA,NA,8.1,15.0012,8.1,NA,NA,NA,-61.50968,NA,48.29824,NA,2022-06-24T00:12:47Z
THA140807,1,NA,NA,NA,12,22.224,12,NA,NA,NA,-51.7128055555556,NA,51.9181111111111,NA,2014-08-07T15:32:21Z
THA140807,2,NA,NA,NA,5,9.26,5,NA,NA,NA,-51.4955833333333,NA,52.8680555555556,NA,2014-08-07T20:35:13Z
THA140807,3,NA,NA,NA,10.6,19.6312,10.6,NA,NA,NA,-51.3266111111111,NA,52.9129166666667,NA,2014-08-08T17:12:57Z
THA140807,4,NA,NA,NA,8,14.816,8,NA,NA,NA,-51.4738888888889,NA,52.8363888888889,NA,2014-08-09T00:09:09Z
THA140807,5,NA,NA,NA,8,14.816,8,NA,NA,NA,-50.8658611111111,NA,53.1377222222222,NA,2014-08-10T14:53:51Z
THA140807,6,NA,NA,NA,4,7.408,4,NA,NA,NA,-50.5905,NA,53.2485555555556,NA,2014-08-10T19:51:59Z
THA140807,7,NA,NA,NA,8,14.816,8,NA,NA,NA,-50.268,NA,53.3771388888889,NA,2014-08-10T23:10:27Z
THA140807,8,NA,NA,NA,8,14.816,8,NA,NA,NA,-50.3641111111111,NA,53.3012222222222,NA,2014-08-11T02:52:53Z
THA140807,9,NA,NA,NA,7,12.964,7,NA,NA,NA,-50.6413611111111,NA,53.2313333333333,NA,2014-08-11T20:02:56Z
THA140807,10,NA,NA,NA,5,9.26,5,NA,NA,NA,-50.5615833333333,NA,53.302,NA,2014-08-11T20:55:56Z
THA140807,11,NA,NA,NA,11.5,21.298000000000002,11.5,NA,NA,NA,-50.0454166666667,NA,53.4891666666667,NA,2014-08-11T23:38:19Z
THA140807,12,NA,NA,NA,12,22.224,12,NA,NA,NA,-50.4893333333333,NA,53.3276111111111,NA,2014-08-12T01:13:01Z
THA140807,13,NA,NA,NA,12.6,23.3352,12.6,NA,NA,NA,-50.3715,NA,53.55875,NA,2014-08-12T23:29:11Z
THA140807,14,NA,NA,NA,11.7,21.6684,11.7,NA,NA,NA,-55.7122777777778,NA,58.1583888888889,NA,2014-08-14T22:45:42Z
THA140807,15,NA,NA,NA,11.6,21.4832,11.6,NA,NA,NA,-56.0931666666667,NA,58.2918333333333,NA,2014-08-14T23:58:48Z
THA140807,16,NA,NA,NA,10.8,20.001600000000003,10.8,NA,NA,NA,-56.9775,NA,58.6009444444444,NA,2014-08-15T02:51:18Z
THA140807,17,NA,NA,NA,11.1,20.5572,11.1,NA,NA,NA,-58.6201666666667,NA,59.7388333333333,NA,2014-08-16T00:56:51Z
THA140807,18,NA,NA,NA,11.9,22.038800000000002,11.9,NA,NA,NA,-57.6265277777778,NA,59.6778888888889,NA,2014-08-16T03:29:37Z
THA140807,19,NA,NA,NA,11.4,21.1128,11.4,NA,NA,NA,-50.5501111111111,NA,59.2394166666667,NA,2014-08-17T02:18:55Z
THA140807,20,NA,NA,NA,11.4,21.1128,11.4,NA,NA,NA,-50.2223611111111,NA,59.2190277777778,NA,2014-08-17T03:12:33Z
THA140807,21,NA,NA,NA,11.3,20.9276,11.3,NA,NA,NA,-43.8730833333333,NA,59.0225555555556,NA,2014-08-17T21:31:09Z
THA140807,22,NA,NA,NA,11.3,20.9276,11.3,NA,NA,NA,-43.1706111111111,NA,59.2198888888889,NA,2014-08-18T02:45:00Z
THA140807,23,NA,NA,NA,8.5,15.742,8.5,NA,NA,NA,-39.7452222222222,NA,59.5168055555556,NA,2014-08-18T19:40:38Z
THA140807,24,NA,NA,NA,5,9.26,5,NA,NA,NA,-39.8399722222222,NA,59.5238888888889,NA,2014-08-18T20:00:33Z
THA140807,25,NA,NA,NA,12.1,22.409200000000002,12.1,NA,NA,NA,-37.2546666666667,NA,59.2344722222222,NA,2014-08-19T20:59:06Z
THA140807,26,NA,NA,NA,12.4,22.9648,12.4,NA,NA,NA,-36.4933888888889,NA,59.1485555555556,NA,2014-08-19T22:56:22Z
THA140807,27,NA,NA,NA,12,22.224,12,NA,NA,NA,-28.9798055555556,NA,57.74125,NA,2014-08-20T19:18:13Z
THA140807,28,NA,NA,NA,12.2,22.5944,12.2,NA,NA,NA,-28.6601944444444,NA,57.6645,NA,2014-08-20T20:15:17Z
THA140807,29,NA,NA,NA,12.5,23.150000000000002,12.5,NA,NA,NA,-27.8591111111111,NA,57.4709722222222,NA,2014-08-20T22:30:45Z
THA140807,30,NA,NA,NA,12,22.224,12,NA,NA,NA,-22.3890833333333,NA,55.9624444444445,NA,2014-08-21T17:11:34Z
THA140807,31,NA,NA,NA,11.9,22.038800000000002,11.9,NA,NA,NA,-21.7569722222222,NA,55.7573055555556,NA,2014-08-21T19:16:16Z
THA140807,32,NA,NA,NA,12.1,22.409200000000002,12.1,NA,NA,NA,-20.9452777777778,NA,55.4824444444444,NA,2014-08-21T21:56:21Z
THA140807,33,NA,NA,NA,12.3,22.779600000000002,12.3,NA,NA,NA,-20.0559444444444,NA,55.1797222222222,NA,2014-08-22T00:47:59Z
THA140807,34,NA,NA,NA,12.3,22.779600000000002,12.3,NA,NA,NA,-15.0907777777778,NA,53.2991111111111,NA,2014-08-22T17:56:29Z
THA140807,35,NA,NA,NA,12.5,23.150000000000002,12.5,NA,NA,NA,-14.0757777777778,NA,52.85275,NA,2014-08-22T21:38:33Z
THA140807,36,NA,NA,NA,12.7,23.5204,12.7,NA,NA,NA,-13.3037777777778,NA,52.5048888888889,NA,2014-08-23T00:25:16Z
THA140807,37,NA,NA,NA,13.4,24.8168,13.4,NA,NA,NA,-8.62744444444444,NA,50.2030833333333,NA,2014-08-23T18:11:29Z
TRA070709,1,46.38935086870968,1.7833333333333334,26.012720113295146,NA,NA,NA,NA,NA,-61.8487305,-61.7491669,47.370429,46.959241,2007-07-09T15:11:00Z,2007-07-09T16:58:00Z
TRA070709,2,52.29597475683871,1.9666666666666666,26.591173605172227,NA,NA,NA,NA,NA,-61.8310387,-62.2586311,46.7116463,46.3453746,2007-07-09T17:53:00Z,2007-07-09T19:51:00Z
TRA070709,3,117.66138887774584,4.933333333333334,23.850281529272802,NA,NA,NA,NA,NA,-62.2576226,-61.8443049,46.3460505,47.3645335,2007-07-09T21:05:00Z,2007-07-10T02:01:00Z
TRA070709,4,15.944953597189238,0.6166666666666667,25.85668150895552,NA,NA,NA,NA,NA,-61.794802,-61.6693659,47.3468202,47.2315925,2007-07-11T15:27:00Z,2007-07-11T16:04:00Z
TRA070813,1,50.892787065750305,1.9333333333333333,26.323855378836363,NA,NA,NA,NA,NA,-61.8427975,-61.7647828,47.3643833,46.9102961,2007-08-13T15:16:00Z,2007-08-13T17:12:00Z
TRA070813,2,30.839787962341116,1.15,26.817206923774886,NA,NA,NA,NA,NA,-61.9125456,-62.2554822,46.47816,46.333825,2007-08-13T18:44:00Z,2007-08-13T19:53:00Z
TRA070813,3,118.60516542687456,4.483333333333333,26.454683738336332,NA,NA,NA,NA,NA,-62.2585935,-61.85152,46.3453853,47.3738354,2007-08-13T21:10:00Z,2007-08-14T01:39:00Z
TRA070813,4,117.01259513457394,4.283333333333333,27.318115595620377,NA,NA,NA,NA,NA,-61.806813,-62.2582287,47.3495346,46.3447523,2007-08-14T15:31:00Z,2007-08-14T19:48:00Z
TRA070813,5,119.47927851223109,4.416666666666667,27.051912115976847,NA,NA,NA,NA,NA,-62.2550584,-61.8490417,46.3329077,47.3696727,2007-08-14T21:09:00Z,2007-08-15T01:34:00Z
TRA070813,6,119.75690297800124,4.383333333333334,27.320966458859594,NA,NA,NA,NA,NA,-61.8505759,-62.2352369,47.3723334,46.3291955,2007-08-16T15:35:00Z,2007-08-16T19:58:00Z
TRA070813,7,48.68477536405288,1.65,29.505924463062353,NA,NA,NA,NA,NA,-62.2569681,-61.8489505,46.3402838,46.6755599,2007-08-16T21:05:00Z,2007-08-16T22:44:00Z
TRA070813,8,49.12215637471461,1.8333333333333333,26.793903477117063,NA,NA,NA,NA,NA,-61.7580558,-61.849562,46.9339961,47.3708582,2007-08-16T23:37:00Z,2007-08-17T01:27:00Z
TRA070813,9,64.20053691295607,2.316666666666667,27.712461976815565,NA,NA,NA,NA,NA,-61.8517883,-61.7968942,47.3738837,46.7983729,2007-08-17T15:12:00Z,2007-08-17T17:31:00Z
TRA070813,10,36.483017935055265,1.4333333333333333,25.453268326782744,NA,NA,NA,NA,NA,-61.8891407,-62.2582931,46.5540397,46.3473487,2007-08-17T18:23:00Z,2007-08-17T19:49:00Z
TRA070813,11,118.05087698476781,4.5,26.233528218837293,NA,NA,NA,NA,NA,-62.2569091,-61.8499429,46.3481426,47.3714536,2007-08-17T21:03:00Z,2007-08-18T01:33:00Z
TRA070813,12,56.62597878593339,1.95,29.038963479965844,NA,NA,NA,NA,NA,-61.7755813,-61.8002737,47.3402756,46.8318737,2007-08-18T15:25:00Z,2007-08-18T17:22:00Z
TRA070813,13,19.45271164335286,0.6833333333333333,28.467382892711502,NA,NA,NA,NA,NA,-61.9000573,-62.0404441,46.5187043,46.373173,2007-08-18T18:26:00Z,2007-08-18T19:07:00Z
TRA201204,3,NA,NA,NA,11,20.372,11,NA,NA,-69.853619,NA,47.846077,NA,2020-12-04T19:12:32Z,NA
TRA201204,3,NA,NA,NA,5,9.26,5,NA,NA,NA,-69.871207,NA,47.84096,NA,2020-12-04T19:17:34Z
TRA201204,8,NA,NA,NA,12.8,23.705600000000004,12.8,NA,NA,-69.791835,NA,47.787208,NA,2020-12-11T14:50:35Z,NA
TRA201204,8,NA,NA,NA,13,24.076,13,NA,NA,NA,-69.850987,NA,47.844915,NA,2020-12-11T15:10:13Z
TRA201204,11,NA,NA,NA,9.7,17.9644,9.7,NA,NA,-69.802252,NA,47.78607,NA,2020-12-11T15:53:48Z,NA
TRA201204,11,NA,NA,NA,10.5,19.446,10.5,NA,NA,NA,-69.574797,NA,47.846987,NA,2020-12-11T16:47:45Z
TRA201204,13,NA,NA,NA,8.9,16.4828,8.9,NA,NA,-69.785987,NA,47.786353,NA,2020-12-18T14:58:09Z,NA
TRA201204,13,NA,NA,NA,12.1,22.409200000000002,12.1,NA,NA,NA,-69.854631,NA,47.843377,NA,2020-12-18T15:19:09Z
TRA201204,15,NA,NA,NA,11.6,21.4832,11.6,NA,NA,-69.867834,NA,47.838498,NA,2020-12-18T15:43:57Z,NA
TRA201204,15,NA,NA,NA,14.4,26.6688,14.4,NA,NA,NA,-69.784376,NA,47.78645,NA,2020-12-18T16:07:56Z
TRA201204,16,NA,NA,NA,14.4,26.6688,14.4,NA,NA,-69.784279,NA,47.786455,NA,2020-12-18T16:07:57Z,NA
TRA201204,16,NA,NA,NA,14.6,27.0392,14.6,NA,NA,NA,-69.573567,NA,47.847584,NA,2020-12-18T16:48:42Z
TRA201204,17,NA,NA,NA,12.8,23.705600000000004,12.8,NA,NA,-69.575301,NA,47.847932,NA,2020-12-23T14:05:29Z,NA
TRA201204,17,NA,NA,NA,13.9,25.742800000000003,13.9,NA,NA,NA,-69.785327,NA,47.786538,NA,2020-12-23T14:46:03Z
TRA201204,18,NA,NA,NA,13.9,25.742800000000003,13.9,NA,NA,-69.787349,NA,47.786352,NA,2020-12-23T14:46:22Z,NA
TRA201204,18,NA,NA,NA,13,24.076,13,NA,NA,NA,-69.850064,NA,47.843703,NA,2020-12-23T15:05:56Z
TRA201204,20,NA,NA,NA,12.8,23.705600000000004,12.8,NA,NA,-69.871234,NA,47.839307,NA,2020-12-23T15:32:55Z,NA
TRA201204,20,NA,NA,NA,12.5,23.150000000000002,12.5,NA,NA,NA,-69.788804,NA,47.786355,NA,2020-12-23T15:55:09Z
TRA201204,21,NA,NA,NA,10.9,20.1868,10.9,NA,NA,-69.788409,NA,47.786359,NA,2020-12-23T15:55:14Z,NA
TRA201204,21,NA,NA,NA,12.3,22.779600000000002,12.3,NA,NA,NA,-69.573494,NA,47.847437,NA,2020-12-23T16:42:48Z
TRA201204,23,NA,NA,NA,9.8,18.149600000000003,9.8,NA,NA,-69.786271,NA,47.786622,NA,2020-12-30T14:56:34Z,NA
TRA201204,23,NA,NA,NA,11.8,21.853600000000004,11.8,NA,NA,NA,-69.850017,NA,47.843988,NA,2020-12-30T15:15:47Z
TRA201204,25,NA,NA,NA,9.5,17.594,9.5,NA,NA,-69.872195,NA,47.839864,NA,2020-12-30T15:46:40Z,NA
TRA201204,25,NA,NA,NA,9.7,17.9644,9.7,NA,NA,NA,-69.795191,NA,47.78626,NA,2020-12-30T16:09:58Z
VAC070708,1,51.719389545693026,2.933333333333333,17.63161007239535,NA,NA,NA,NA,NA,-62.4693347,-61.8004186,47.4538404,47.3495936,2007-07-08T13:09:00Z,2007-07-08T16:05:00Z
VAC070711,1,14.720501631626258,0.4666666666666667,31.54393206777055,NA,NA,NA,NA,NA,-61.6708464,-61.6997982,47.2270972,47.0963341,2007-07-11T16:05:00Z,2007-07-11T16:33:00Z
VAC070711,2,32.91344700720428,1.3166666666666667,24.99755468901591,NA,NA,NA,NA,NA,-61.9056631,-62.255053,46.5085119,46.3370115,2007-07-11T18:50:00Z,2007-07-11T20:09:00Z
VAC070812,1,30.227812864077045,2.3,13.142527332207411,NA,NA,NA,NA,NA,-62.2404028,-61.83967,47.3555642,47.3623019,2007-08-12T14:02:00Z,2007-08-12T16:20:00Z
